Temperature,Humidity,Light,Frequency:15kHz,Frequency:16kHz,Frequency:17kHz,Frequency:18kHz,Frequency:19kHz,Frequency:20kHz,Frequency:21kHz,Frequency:22kHz,Frequency:23kHz,Frequency:24kHz,Frequency:25kHz,Frequency:26kHz,Frequency:27kHz,Frequency:28kHz,Frequency:29kHz,Frequency:30kHz,Frequency:31kHz,Frequency:32kHz,Frequency:33kHz,Frequency:34kHz,Frequency:35kHz,Frequency:36kHz,Frequency:37kHz,Frequency:38kHz,Frequency:39kHz,Frequency:40kHz,Frequency:180kHz,Frequency:181kHz,Frequency:182kHz,Frequency:183kHz,Frequency:184kHz,Frequency:185kHz,Frequency:186kHz,Frequency:187kHz,Frequency:188kHz,Frequency:189kHz,Frequency:190kHz,Frequency:191kHz,Frequency:192kHz,Frequency:193kHz,Frequency:194kHz,Frequency:195kHz,Frequency:196kHz,Frequency:197kHz,Frequency:198kHz,Frequency:199kHz,Frequency:200kHz,Frequency:201kHz,Frequency:202kHz,Frequency:203kHz,Frequency:204kHz,Frequency:205kHz,Frequency:206kHz,Frequency:207kHz,Frequency:208kHz,Frequency:209kHz,Frequency:210kHz,Frequency:211kHz,Frequency:212kHz,Frequency:213kHz,Frequency:214kHz,Frequency:215kHz,Frequency:216kHz,Frequency:217kHz,Frequency:218kHz,Frequency:219kHz,Frequency:220kHz,Frequency:221kHz,Frequency:222kHz,Frequency:223kHz,Frequency:224kHz,Frequency:225kHz,Frequency:226kHz,Frequency:227kHz,Frequency:228kHz,Frequency:229kHz,Frequency:230kHz
73,56,False,0,0,0,0,0,0,0,0,0,0,0,0,0,0,0,0,0,0,0,0,0,0,0,0,0,0,0,0,0,0,0,0,0,0,0,0,0,0,0,0,0,0,0,0,0,0,0,0,0,0,0,0,0,0,0,0,0,0,0,0,0,0,0,0,0,0,0,0,0,0,0,0,0,0,0,0,0,0,0
73,56,False,1131,1242,1243,1208,1056,1280,1312,1197,1228,1535,1535,1298,1254,1347,1169,1690,1250,1306,1040,1098,1089,1297,1177,1123,1108,1128,1395,1132,1532,1424,1161,1239,1314,1497,1152,1144,1442,1204,1277,1486,1220,1420,1167,1404,1162,1418,1194,1270,1425,1211,1045,1148,1192,1408,1500,1344,1505,1097,1050,1110,1579,1277,1049,1588,1270,1112,1242,1049,1092,1219,1159,1240,1098,1209,1152,1108,1106
73,56,False,1165,1223,1227,1192,1158,1535,1354,1538,1547,1562,1244,1165,1574,1296,1443,1240,1292,1056,1019,1180,1178,1129,1174,1238,1174,1138,1070,1427,1130,1176,1251,1346,1292,1225,1189,1414,1088,1336,1269,1421,1326,1126,1146,1217,1120,1204,1482,1168,1387,1067,1236,1089,1358,1105,1345,1299,1266,1098,1146,1437,1331,1146,1057,1306,1344,1060,1131,1336,1051,1370,1105,1299,1054,1222,1267,1224,1416
73,56,False,1166,1236,1169,1130,1229,1530,1113,1148,1243,1154,1272,1252,1181,1620,1474,1278,1211,1307,1028,1437,1323,1101,1131,1102,1195,1434,1418,1260,1268,1459,1236,1240,1285,1297,1147,1550,1094,1155,1354,1286,1292,1202,1251,1100,1427,1367,1318,1081,1093,1472,1044,1102,1093,1408,1172,1603,1162,1322,1284,1360,1182,1173,1277,1385,1274,1144,1187,1098,1200,1390,1128,1330,1176,1216,1131,1188,1260
73,56,False,1488,1321,1096,1178,1535,1244,1140,1608,1178,1222,1235,1184,1336,1285,1243,1253,1263,1243,1018,1166,1331,1043,1169,1211,1271,1189,1433,1162,1092,1259,1299,1228,1408,1262,1213,1320,1086,1329,1272,1217,1152,1234,1299,1250,1108,1273,1136,1487,1148,1040,1474,1116,1283,1445,1101,1314,1209,1442,1444,1069,1260,1106,1176,1194,1339,1095,1183,1254,1126,1099,1275,1108,1231,1299,1380,1237,1132
73,56,False,1182,1241,1146,1540,1177,1258,1600,1619,1548,1261,1325,1237,1188,1216,1293,1577,1238,1126,1042,1256,1104,1140,1195,1282,1113,1274,1009,1571,1241,1148,1510,1393,1205,1476,1109,1158,1093,1293,1419,1269,1238,1200,1187,1288,1146,1421,1240,1410,1110,1328,1409,1128,1149,1388,1334,1388,1133,1177,1061,1333,1150,1469,1075,1261,1345,1188,1127,1168,1106,1269,1206,1227,1324,1192,1143,1102,1163
73,56,False,1516,1195,1157,1160,1217,1397,1171,1546,1259,1174,1525,1155,1202,1232,1180,1479,1267,980,1040,1477,1067,1235,1284,1149,1213,1137,1365,1473,1433,1121,1377,1206,1139,1204,1129,1257,1190,1169,1169,1232,1218,1261,1312,1280,1225,1466,1487,1451,1069,1209,1260,1086,1402,1241,1117,1406,1403,1201,1042,1492,1502,1414,1043,1403,1031,1320,1116,1224,1142,1202,1082,1035,1378,1254,1070,1205,1136
73,56,False,1116,1090,1453,1174,1102,1550,1577,1086,1204,1640,1251,1164,1344,1408,1178,1568,1360,968,1244,1080,1006,1074,1163,1535,1099,1238,1228,1169,1354,1366,1329,1374,1147,1522,1248,1386,1466,1205,1264,1399,1252,1308,1238,1466,1513,1216,1201,1162,1320,1161,1488,1270,1153,1026,1219,1212,1307,1475,1113,1139,1339,1221,1037,1337,1146,1294,1098,1380,1288,1225,1090,1104,1110,1079,1450,1113,1080
73,56,False,1508,1125,1212,1573,1177,1120,1227,1242,1658,1144,1124,1598,1521,1361,1185,1251,1249,1325,987,1437,1137,1308,1164,1524,1205,1118,1238,1453,1178,1378,1506,1212,1152,1441,1170,1271,1120,1278,1126,1411,1395,1188,1173,1323,1494,1182,1245,1452,1136,1071,1144,1049,1118,1057,1142,1392,1291,1240,1090,1096,1504,1212,1521,1283,1244,1101,1290,1212,1411,1256,1482,1293,1231,1252,1133,1273,1082
73,56,False,1477,1515,1144,1278,1169,1045,1210,1280,1507,1424,1247,1150,1296,1245,1204,1278,1333,969,1397,1105,1257,1110,1152,1443,1170,1229,1089,1297,1098,1089,1133,1176,1145,1245,1105,1225,1193,1114,1196,1318,1320,1292,1443,1365,1251,1347,1204,1229,1027,1316,1291,1154,1021,1080,1423,1196,1100,1043,1265,1432,1636,1150,1068,1331,1290,1507,1467,1136,1245,1273,1056,1030,1183,1251,1212,1290,1186
73,56,False,1192,1192,1200,1148,1270,1208,1203,1250,1582,1137,1300,1396,1172,1278,1417,1535,1514,1298,1018,1231,1482,1535,1230,1098,1509,1115,1245,1421,1236,1421,1234,1325,1341,1125,1044,1259,1240,1298,1390,1125,1206,1110,1235,1244,1201,1132,1196,1349,1236,1117,1054,1173,1213,1344,1308,1248,1381,1156,1442,1160,1411,1073,1419,1222,1221,1246,1256,1258,1131,1225,1272,1211,1253,1278,1226,1069,1080
73,56,False,1204,1117,1517,1072,1128,1233,1126,1388,1250,1236,1236,1249,1301,1278,1170,1477,1292,1049,1429,1272,1138,1349,1477,1185,1205,1138,1150,1264,1251,1275,1541,1228,1241,1056,1345,1507,1124,1310,1194,1278,1226,1553,1387,1232,1184,1302,1527,1033,1250,1254,1122,1044,1339,1234,1046,1502,1256,1274,1456,1308,1148,1328,1160,1096,1362,1166,1270,1082,1148,1293,1278,1061,1460,1129,1196,1437,1067
73,56,False,1249,1427,1494,1313,1368,1068,1176,1538,1167,1568,1226,1166,1365,1386,1170,1234,1491,1003,1233,1441,1476,1269,1152,1176,1202,1122,1349,1179,1204,1358,1277,1080,1334,1224,1098,1296,1282,1201,1128,1082,1405,1304,1222,1273,1187,1272,1446,1293,1084,1336,1139,1098,1254,1169,1072,1421,1541,1064,1077,1044,1280,1169,1190,1226,1103,1339,1103,1396,1176,1067,1196,1137,1227,1249,1080,1228,1315
73,56,False,1146,1130,1265,1170,1114,1041,1104,1148,1265,1168,1582,1277,1654,1156,1209,1238,1477,993,1166,1436,1478,1196,1085,1509,1186,1315,1254,1256,1362,1340,1281,1230,1156,1118,1110,1412,1418,1310,1225,1389,1122,1375,1245,1457,1416,1123,1387,1130,1154,1101,1409,1130,1286,1088,1040,1503,1138,1276,1256,1464,1400,1078,1483,1452,1043,1098,1318,1188,1145,1056,1081,1037,1270,1282,1062,1124,1245
73,56,False,1411,1157,1249,1101,1196,1100,1283,1190,1573,1158,1206,1195,1162,1173,1302,1301,1259,1029,1425,1019,1132,1122,1271,1124,1233,1358,1203,1116,1265,1217,1270,1530,1155,1428,1155,1299,1455,1336,1386,1242,1368,1198,1276,1221,1420,1247,1365,1172,1075,1378,1052,1066,1123,1144,1200,1245,1168,1078,1275,1426,1417,1027,1320,1155,1473,1105,1203,1162,1075,1364,1160,1228,1396,1477,1200,1049,1268
73,56,False,1052,1170,1081,1256,1254,1333,1563,1194,1568,1147,1615,1246,1149,1396,1357,1238,1357,1062,1026,1264,1174,1139,1321,1484,1484,1533,1028,1193,1211,1412,1157,1171,1235,1294,1107,1270,1030,1337,1174,1280,1361,1161,1071,1458,1147,1139,1132,1418,1263,1485,1320,1453,1422,1214,1322,1525,1493,1313,1199,1349,1402,1160,1197,1298,1397,1190,1298,1256,1170,1402,1202,1221,1235,1411,1217,1205,1132
73,56,False,1208,1102,1510,1213,1542,1137,1160,1142,1585,1251,1182,1162,1227,1366,1262,1553,1409,1003,1456,1260,1113,1444,1507,1285,1162,1185,1372,1357,1116,1448,1164,1293,1237,1116,1082,1184,1205,1517,1366,1291,1307,1166,1346,1144,1347,1382,1108,1244,1251,1397,1170,1276,1088,1144,1178,1181,1113,1148,1091,1277,1378,1093,1225,1328,1201,1224,1122,1166,1148,1396,1380,1066,1318,1132,1182,1347,1070
73,56,False,1176,1064,1225,1166,1304,1146,1160,1166,1088,1235,1181,1169,1356,1313,1238,1418,1249,1302,1000,1115,1122,1115,1035,1244,1184,1117,1171,1289,1108,1298,1184,1465,1132,1381,1133,1386,1133,1418,1365,1290,1364,1413,1178,1242,1361,1240,1096,1229,1120,1389,1183,1372,1114,1139,1170,1273,1181,1091,1308,1188,1477,1083,1024,1184,1433,1203,1070,1074,1048,1267,1208,1220,1253,1400,1324,1234,1349
73,56,False,1146,1173,1220,1187,1194,1135,1567,1298,1121,1204,1246,1256,1189,1539,1271,1301,1169,996,1373,1063,1426,1008,1464,1344,1122,1112,1296,1444,1192,1138,1176,1347,1435,1536,1358,1285,1451,1282,1188,1370,1154,1226,1082,1508,1301,1212,1166,1185,1220,1067,1426,1148,1158,1208,1197,1377,1133,1327,1353,1237,1364,1280,1235,1288,1240,1206,1123,1190,1368,1099,1364,1150,1156,1226,1271,1048,1288
73,56,False,1251,1145,1144,1518,1225,1156,1535,1173,1270,1136,1230,1217,1200,1206,1302,1448,1474,977,1128,1433,1091,1478,1262,1090,1145,1293,1124,1371,1314,1298,1360,1218,1131,1466,1107,1393,1068,1339,1379,1100,1384,1088,1217,1284,1357,1457,1207,1473,1325,1090,1220,1497,1206,1122,1381,1136,1236,1060,1145,1132,1212,1197,1259,1267,1307,1076,1494,1220,1060,1141,1318,1067,1097,1152,1165,1124,1446
73,56,False,1164,1492,1156,1073,1266,1181,1266,1088,1089,1649,1274,1153,1337,1625,1430,1243,1325,960,1176,1136,1486,1110,1142,1454,1260,1151,1040,1193,1222,1254,1292,1126,1221,1321,1156,1309,1225,1482,1229,1275,1123,1348,1453,1197,1363,1275,1238,1116,1117,1201,1193,1467,1288,1122,1040,1455,1428,1425,1065,1122,1163,1532,1174,1272,1132,1476,1362,1227,1344,1102,1068,1204,1147,1392,1205,1116,1364
73,56,False,1092,1139,1485,1224,1217,1233,1173,1155,1190,1136,1442,1140,1344,1361,1419,1660,1297,1051,1118,1226,1477,1109,1250,1140,1201,1161,1171,1156,1162,1217,1314,1252,1112,1104,1061,1388,1125,1225,1142,1212,1166,1426,1273,1132,1284,1444,1179,1317,1273,1340,1234,1108,1110,1182,1054,1274,1456,1243,1428,1125,1112,1377,1491,1296,1247,1146,1342,1418,1206,1304,1114,1136,1209,1384,1269,1129,1062
73,56,False,1358,1461,1140,1236,1185,1564,1154,1216,1233,1249,1253,1266,1189,1396,1275,1649,1241,1100,1091,961,1333,1226,1068,1104,1330,1461,1096,1162,1444,1535,1291,1461,1342,1120,1363,1304,1142,1229,1473,1311,1412,1300,1140,1163,1329,1197,1535,1136,1262,1168,1052,1156,1309,1116,1181,1435,1410,1459,1192,1241,1270,1457,1373,1138,1295,1136,1168,1139,1152,1458,1224,1178,1161,1278,1140,1161,1258
73,56,False,1164,1147,1472,1531,1142,1606,1216,1603,1148,1189,1250,1395,1196,1380,1608,1642,1550,1002,1048,1162,1185,1260,1259,1540,1197,1262,1170,1260,1131,1472,1237,1182,1122,1396,1462,1149,1062,1373,1148,1200,1480,1338,1041,1152,1222,1236,1275,1145,1203,1182,1154,1384,1236,1322,1368,1233,1288,1145,1072,1181,1106,1208,1080,1517,1246,1306,1202,1310,1472,1345,1103,1188,1156,1352,1296,1242,1289
73,56,False,1173,1157,1517,1209,1161,1205,1088,1147,1164,1305,1189,1309,1400,1148,1294,1357,1326,1043,1169,1226,1192,1231,1103,1246,1120,1219,1411,1324,1445,1520,1274,1458,1379,1136,1364,1204,1080,1364,1412,1157,1186,1395,1167,1424,1421,1195,1176,1456,1252,1282,1334,1243,1306,1153,1153,1309,1133,1090,1104,1180,1204,1033,1490,1441,1435,1066,1376,1105,1420,1348,1202,1164,1268,1374,1322,1203,1197
73,56,False,1176,1198,1275,1117,1489,1238,1170,1104,1286,1569,1130,1152,1155,1572,1282,1336,1398,964,1427,1102,1115,1130,1361,1481,1350,1123,1351,1376,1329,1316,1457,1149,1152,1427,1278,1278,1337,1283,1469,1105,1060,1293,1059,1233,1140,1446,1292,1062,1382,1059,1198,1446,1140,1059,1158,1252,1267,1421,1459,1477,1230,1070,1235,1320,1307,1230,1180,1106,1209,1150,1216,1065,1072,1067,1125,1166,1243
73,56,False,1080,1190,1126,1381,1128,1182,1236,1469,1137,1158,1163,1161,1284,1574,1190,1518,1291,989,1364,1213,1460,1043,1178,1184,1093,1123,1209,1245,1175,1212,1350,1103,1244,1519,1542,1572,1480,1324,1247,1417,1541,1215,1328,1236,1432,1205,1278,1099,1174,1362,1213,1115,1316,1242,1098,1235,1121,1535,1240,1331,1396,1243,1140,1294,1293,1043,1376,1122,1302,1318,1205,1196,1261,1281,1072,1156,1156
73,56,False,1182,1157,1155,1222,1100,1197,1146,1106,1147,1145,1289,1354,1648,1387,1711,1296,1202,1380,1264,1102,1474,1130,1285,1496,1190,1173,1017,1129,1068,1213,1179,1106,1330,1332,1350,1288,1192,1438,1192,1362,1300,1360,1212,1233,1170,1319,1370,1385,1089,1273,1060,1420,1080,1099,1298,1268,1195,1128,1064,1509,1454,1388,1409,1118,1179,1052,1277,1310,1217,1204,1284,1291,1117,1254,1146,1460,1062
73,56,False,1142,1161,1225,1187,1158,1318,1216,1272,1134,1245,1337,1187,1156,1408,1168,1285,1270,1045,1026,1456,1074,1086,1158,1473,1257,1478,1165,1162,1488,1233,1196,1229,1396,1371,1320,1259,1366,1205,1353,1384,1288,1252,1342,1136,1373,1134,1147,1163,1158,1104,1098,1349,1269,1232,1206,1320,1232,1078,1111,1064,1228,1192,1258,1137,1268,1257,1197,1270,1365,1163,1150,1254,1164,1125,1171,1097,1173
73,56,False,1153,1169,1177,1117,1275,1195,1090,1140,1236,1119,1529,1258,1326,1213,1262,1316,1246,1292,1328,1078,1113,1187,1220,1332,1548,1327,1444,1135,1373,1408,1386,1235,1274,1200,1166,1221,1006,1176,1263,1216,1142,1526,1050,1341,1345,1267,1450,1207,1282,1188,1329,1177,1105,1233,1265,1338,1251,1126,1342,1366,1608,1092,1268,1150,1165,1059,1260,1106,1171,1334,1154,1410,1221,1449,1171,1224,1366
73,56,False,1163,1499,1168,1206,1386,1320,1262,1141,1575,1462,1574,1149,1293,1386,1569,1250,1443,940,997,1021,1321,1198,1124,1332,1350,1110,1430,1355,1116,1437,1173,1192,1225,1525,1473,1126,1300,1302,1310,1362,1490,1438,1353,1448,1181,1245,1344,1134,1305,1201,1204,1075,1467,1133,1051,1489,1217,1252,1328,1357,1521,1239,1358,1309,1313,1196,1320,1176,1330,1171,1087,1071,1212,1133,1114,1138,1350
73,56,False,1517,1176,1092,1210,1108,1182,1243,1267,1157,1368,1187,1158,1193,1271,1172,1445,1234,1236,1045,1446,1216,1278,1539,1149,1303,1509,1002,1163,1200,1331,1276,1255,1206,1134,1088,1121,1100,1464,1154,1103,1232,1226,1260,1394,1124,1345,1165,1074,1372,1194,1061,1396,1153,1057,1285,1558,1078,1203,1242,1206,1405,1291,1064,1366,1168,1241,1214,1157,1121,1123,1229,1172,1410,1092,1138,1163,1154
73,56,False,1506,1198,1121,1179,1487,1490,1512,1258,1150,1258,1253,1275,1320,1336,1280,1276,1247,920,1400,1030,1128,1278,1155,1158,1208,1465,1102,1145,1452,1126,1209,1100,1383,1235,1097,1246,1334,1147,1501,1169,1396,1148,1075,1537,1315,1134,1447,1161,1220,1077,1447,1126,1210,1030,1115,1365,1525,1108,1050,1266,1236,1307,1220,1281,1119,1198,1137,1276,1128,1138,1396,1202,1426,1157,1210,1290,1214
73,56,False,1156,1216,1097,1532,1091,1155,1045,1176,1170,1150,1518,1237,1185,1177,1236,1485,1242,1204,1217,1008,1477,1158,1278,1499,1097,1482,1363,1484,1425,1209,1156,1122,1480,1363,1488,1137,1126,1187,1141,1517,1346,1221,1224,1453,1103,1258,1347,1049,1099,1069,1232,1084,1128,1385,1273,1136,1149,1405,1447,1358,1086,1429,1091,1334,1421,1452,1152,1258,1080,1416,1104,1286,1184,1128,1325,1274,1050
73,56,False,1192,1225,1241,1045,1176,1244,1081,1251,1108,1185,1250,1178,1323,1244,1448,1523,1509,982,1104,1016,1172,1160,1267,1113,1154,1193,1042,1244,1349,1089,1242,1126,1147,1464,1188,1389,1113,1190,1284,1541,1243,1266,1164,1251,1307,1379,1464,1193,1170,1067,1267,1096,1250,1384,1100,1244,1167,1125,1086,1225,1309,1216,1076,1396,1099,1410,1449,1026,1474,1058,1117,1100,1074,1245,1160,1425,1072
73,56,False,1160,1147,1218,1106,1245,1192,1120,1216,1256,1364,1311,1235,1367,1364,1290,1369,1382,984,1407,1104,1125,1299,1124,1169,1174,1131,1025,1171,1180,1435,1366,1196,1224,1163,1245,1457,1114,1222,1229,1232,1457,1158,1132,1504,1166,1203,1413,1084,1152,1073,1443,1105,1074,1186,1144,1256,1181,1198,1154,1314,1291,1158,1177,1306,1077,1130,1076,1240,1316,1242,1285,1461,1222,1206,1336,1048,1405
73,56,False,1115,1178,1152,1097,1106,1154,1572,1205,1574,1289,1284,1612,1627,1380,1210,1641,1290,984,952,1236,1160,1134,1182,1270,1452,1121,1040,1201,1193,1138,1288,1158,1233,1246,1205,1274,1160,1346,1406,1091,1268,1400,1294,1328,1105,1354,1106,1111,1084,1064,1108,1152,1119,1049,1355,1157,1500,1325,1090,1198,1091,1345,1136,1468,1211,1237,1249,1042,1043,1146,1310,1246,1390,1208,1386,1130,1152
73,56,False,1203,1207,1481,1148,1465,1203,1168,1228,1560,1277,1226,1535,1172,1595,1325,1438,1456,968,1378,1083,1302,1153,1198,1261,1235,1402,1072,1288,1259,1275,1275,1285,1442,1186,1251,1202,1161,1331,1309,1201,1389,1154,1390,1177,1318,1353,1322,1434,1336,1188,1269,1173,1203,1045,1168,1190,1233,1073,1056,1222,1508,1103,1096,1401,1158,1179,1357,1200,1413,1094,1184,1300,1471,1196,1118,1200,1333
73,56,False,1146,1467,1188,1157,1202,1509,1357,1281,1602,1154,1324,1295,1576,1389,1295,1584,1396,977,1411,1240,1100,1434,1240,1549,1528,1124,1188,1238,1217,1268,1352,1107,1262,1230,1238,1306,1469,1177,1313,1290,1324,1173,1397,1274,1200,1182,1232,1285,1418,1237,1154,1331,1085,1308,1182,1565,1125,1392,1083,1302,1348,1445,1098,1316,1141,1104,1160,1113,1108,1125,1170,1265,1216,1169,1250,1126,1329
73,56,False,1480,1160,1512,1172,1517,1210,1165,1254,1392,1542,1308,1221,1698,1276,1306,1338,1346,1265,1038,1001,1450,1253,1057,1113,1114,1517,1060,1325,1186,1437,1247,1419,1412,1248,1180,1106,1273,1481,1489,1201,1170,1225,1107,1452,1249,1468,1190,1293,1050,1106,1067,1093,1243,1170,1346,1344,1528,1186,1401,1353,1535,1185,1213,1240,1263,1116,1316,1179,1154,1080,1137,1211,1092,1311,1204,1259,1149
73,56,False,1469,1346,1470,1184,1179,1221,1229,1181,1620,1120,1120,1326,1276,1354,1199,1250,1284,1307,1018,1103,1297,1418,1268,1110,1150,1106,1052,1528,1381,1229,1258,1289,1410,1293,1368,1357,1320,1184,1301,1256,1373,1340,976,1503,1553,1146,1162,1428,1181,1274,1234,1282,1442,1166,1227,1312,1535,1393,1251,1114,1232,1466,1210,1162,1377,1272,1110,1186,1165,1132,1176,1456,1311,1365,1210,1188,1248
73,56,False,1174,1189,1248,1136,1243,1169,1101,1267,1602,1171,1147,1330,1316,1196,1445,1565,1230,1072,1196,1389,1126,1296,1156,1436,1472,1441,1154,1130,1227,1114,1472,1322,1200,1154,1396,1142,1206,1277,1105,1372,1226,1369,1049,1377,1400,1110,1241,1195,1483,1100,1182,1181,1052,1124,1169,1282,1270,1138,1336,1201,1339,1206,1299,1234,1311,1270,1402,1458,1498,1403,1134,1074,1088,1124,1146,1302,1193
73,56,False,1154,1209,1169,1177,1086,1253,1128,1257,1146,1628,1233,1388,1662,1382,1618,1286,1488,1293,1204,1361,1257,1127,1210,1194,1273,1106,1180,1185,1151,1308,1186,1224,1173,1243,1249,1194,1300,1218,1179,1280,1264,1166,1272,1153,1455,1344,1187,1132,1141,1466,1100,1051,1297,1058,1309,1475,1189,1332,1446,1173,1144,1113,1280,1317,1112,1048,1217,1118,1060,1168,1489,1118,1145,1046,1392,1382,1310
73,56,False,1177,1166,1209,1486,1154,1515,1244,1157,1220,1517,1583,1549,1243,1618,1275,1238,1227,987,1044,1217,1128,1290,1166,1395,1465,1454,1246,1276,1539,1430,1174,1238,1158,1185,1264,1275,1092,1359,1209,1084,1432,1286,1114,1532,1487,1371,1177,1104,1148,1114,1157,1297,1116,1274,1048,1350,1165,1237,1438,1196,1335,1171,1301,1446,1104,1197,1472,1214,1196,1369,1317,1235,1337,1025,1227,1145,1052
73,56,False,1108,1176,1112,1495,1193,1165,1136,1205,1172,1621,1264,1159,1179,1222,1340,1228,1329,1014,1235,1081,1315,1453,1370,1121,1235,1194,1091,1486,1214,1298,1367,1292,1234,1403,1252,1459,1424,1293,1118,1440,1374,1382,1249,1273,1406,1379,1253,1097,1424,1038,1251,1145,1502,1349,1294,1275,1277,1197,1085,1061,1258,1192,1142,1226,1204,1436,1181,1064,1474,1222,1217,1176,1203,1147,1085,1341,1201
73,56,False,1498,1122,1453,1187,1187,1536,1195,1257,1286,1289,1142,1582,1563,1662,1471,1316,1267,862,1291,1244,1011,1060,1411,1124,1440,1214,1331,1501,1233,1394,1242,1229,1190,1361,1539,1249,1348,1273,1240,1344,1386,1373,1318,1129,1416,1296,1212,1066,1328,1402,1176,1060,1170,1141,1276,1388,1419,1496,1268,1512,1419,1199,1286,1390,1395,1077,1166,1153,1173,1092,1296,1056,1018,1034,1178,1112,1234
73,56,False,1196,1217,1266,1486,1172,1219,1137,1110,1592,1131,1257,1305,1211,1250,1184,1421,1198,985,1051,1070,1136,1535,1114,1110,1098,1172,1177,1132,1246,1184,1088,1171,1308,1146,1082,1310,1144,1480,1397,1210,1396,1301,1420,1352,1537,1214,1299,1100,1236,1195,1340,1101,1293,1072,1204,1119,1421,1082,1113,1190,1188,1233,1101,1110,1301,1110,1225,1090,1195,1196,1224,1164,1356,1201,1296,1389,1229
73,56,False,1115,1150,1164,1209,1168,1173,1208,1252,1185,1291,1160,1312,1261,1398,1214,1283,1266,922,1393,1082,1018,1034,1161,1472,1082,1224,1273,1155,1277,1237,1473,1472,1301,1521,1330,1337,1086,1292,1454,1379,1284,1247,1243,1270,1167,1387,1131,1435,1125,1347,1222,1096,1268,1056,1480,1172,1442,1252,1278,1228,1513,1131,1208,1570,1162,1105,1310,1249,1157,1197,1209,1305,1196,1049,1222,1113,1210
73,56,False,1105,1101,1132,1172,1192,1128,1499,1238,1202,1206,1225,1310,1219,1378,1535,1229,1292,1245,1422,1100,1260,1466,1155,1112,1128,1236,1154,1274,1244,1516,1126,1161,1188,1285,1231,1335,1070,1549,1228,1225,1412,1183,1269,1341,1455,1198,1114,1028,1151,1275,1216,1195,1311,1332,1312,1092,1201,1226,1057,1434,1109,1169,1064,1539,1219,1264,1188,1226,1106,1379,1128,1061,1244,1187,1119,1259,1215
73,56,False,1243,1130,1498,1169,1194,1172,1164,1567,1190,1638,1312,1169,1182,1278,1472,1379,1257,1270,1225,1046,1090,1291,1506,1145,1122,1121,1181,1358,1377,1228,1222,1345,1403,1461,1248,1267,1148,1473,1157,1265,1272,1348,1066,1176,1125,1226,1160,1179,1289,1266,1468,1068,1128,1165,1316,1535,1312,1173,1202,1048,1441,1133,1254,1299,1250,1052,1227,1033,1425,1196,1134,1103,1220,1276,1394,1119,1442
73,56,False,1153,1148,1152,1403,1233,1148,1137,1176,1201,1530,1198,1270,1302,1405,1199,1272,1236,1195,1013,1019,1051,1126,1441,1322,1473,1157,1436,1258,1427,1515,1478,1503,1196,1226,1142,1381,1283,1195,1450,1166,1142,1096,1066,1417,1412,1429,1235,1068,1072,1250,1323,1196,1145,1046,1473,1464,1359,1024,1338,1145,1458,1105,1046,1431,1037,1152,1227,1174,1357,1411,1162,1204,1358,1264,1308,1128,1120
73,56,False,1163,1136,1462,1464,1205,1140,1612,1290,1321,1673,1166,1569,1246,1266,1307,1528,1209,938,1202,1250,1038,1265,1210,1315,1105,1533,1093,1139,1235,1357,1187,1222,1418,1158,1465,1192,1337,1534,1142,1454,1263,1278,1320,1227,1188,1358,1466,1362,1077,1152,1217,1148,1291,1206,1129,1069,1184,1120,1342,1402,1432,1375,1161,1233,1388,1337,1189,1466,1100,1178,1113,1410,1164,1198,1059,1342,1317
73,56,False,1154,1090,1169,1118,1186,1552,1237,1120,1225,1566,1627,1164,1176,1677,1278,1262,1182,969,1024,1176,1139,1123,1273,1107,1209,1452,1140,1268,1106,1225,1411,1224,1497,1276,1414,1233,1180,1186,1348,1225,1467,1081,1211,1397,1154,1178,1200,1477,1308,1196,1421,1054,1150,1186,1262,1397,1281,1349,1209,1079,1225,1157,1042,1254,1075,1130,1269,1030,1344,1354,1261,1132,1152,1256,1472,1262,1055
73,56,False,1508,1468,1068,1162,1220,1227,1217,1137,1278,1606,1147,1206,1561,1327,1197,1226,1228,1104,1056,1245,1095,1129,1054,1113,1184,1396,1168,1233,1507,1226,1302,1172,1289,1266,1209,1253,1344,1134,1510,1146,1344,1140,1273,1120,1247,1124,1269,1396,1220,1340,1209,1273,1263,1321,1236,1101,1136,1262,1210,1387,1129,1302,1172,1153,1174,1120,1117,1248,1105,1128,1072,1141,1203,1145,1309,1291,1302
73,56,False,1188,1094,1214,1113,1227,1137,1585,1092,1165,1259,1308,1272,1205,1650,1285,1342,1350,1111,989,1463,1130,1354,1188,1228,1274,1297,1078,1500,1135,1194,1129,1181,1267,1333,1074,1465,1088,1438,1192,1112,1142,1443,1288,1181,1184,1108,1441,1043,1444,1232,1075,1288,1221,1388,1241,1212,1476,1119,1377,1464,1490,1273,1448,1313,1188,1241,1363,1060,1181,1418,1140,1066,1482,1061,1253,1369,1178
73,56,False,1187,1126,1255,1130,1088,1150,1131,1567,1236,1132,1542,1561,1190,1262,1474,1364,1235,1235,977,1077,1116,1115,1290,1165,1139,1379,1269,1250,1134,1324,1384,1192,1191,1449,1321,1482,1260,1102,1257,1406,1419,1216,1146,1187,1265,1256,1109,1309,1355,1232,1089,1484,1361,1292,1283,1341,1523,1268,1033,1396,1285,1368,1274,1372,1488,1317,1504,1155,1490,1244,1237,1417,1297,1201,1393,1112,1261
73,56,False,1534,1119,1134,1100,1229,1155,1062,1578,1168,1136,1265,1325,1332,1195,1371,1509,1580,1249,1403,1076,1216,1513,1235,1281,1215,1338,1043,1187,1376,1547,1384,1306,1425,1173,1389,1234,1274,1169,1298,1307,1185,1196,1418,1126,1190,1374,1158,1149,1233,1170,1073,1276,1192,1030,1404,1361,1083,1199,1442,1509,1332,1120,1316,1556,1152,1508,1245,1177,1171,1342,1229,1365,1201,1148,1100,1042,1355
73,56,False,1136,1196,1155,1074,1233,1325,1625,1614,1245,1148,1476,1261,1256,1392,1440,1278,1510,1293,977,1107,1477,1521,1152,1313,1436,1186,1121,1503,1138,1297,1308,1350,1364,1226,1195,1157,1027,1430,1324,1186,1140,1195,1192,1133,1286,1438,1322,1426,1206,1211,1222,1094,1352,1229,1101,1206,1308,1260,1179,1203,1393,1049,1138,1196,1154,1065,1412,1354,1269,1168,1211,1165,1413,1184,1195,1270,1354
73,56,False,1460,1193,1178,1477,1144,1137,1062,1259,1611,1254,1254,1278,1329,1641,1289,1251,1459,979,1214,1369,1290,1116,1264,1488,1437,1513,1121,1264,1190,1121,1500,1133,1276,1137,1180,1361,1325,1166,1179,1109,1242,1262,1160,1302,1305,1479,1125,1257,1198,1488,1103,1104,1071,1356,1170,1240,1094,1144,1264,1064,1365,1308,1435,1388,1245,1166,1174,1093,1352,1435,1104,1397,1234,1180,1453,1232,1272
73,56,False,1428,1114,1163,1240,1182,1153,1232,1192,1154,1147,1171,1276,1135,1616,1275,1496,1230,995,1038,1080,1280,1244,1142,1327,1117,1493,1075,1147,1263,1331,1513,1138,1186,1269,1478,1352,1258,1154,1156,1445,1170,1308,1094,1299,1114,1434,1196,1296,1169,1338,1133,1125,1215,1154,1463,1320,1242,1212,1084,1306,1371,1520,1179,1438,1251,1517,1528,1222,1329,1285,1314,1242,1169,1201,1372,1429,1361
73,56,False,1570,1164,1132,1164,1161,1153,1256,1126,1163,1096,1295,1202,1162,1224,1254,1521,1289,940,1404,1444,1066,1144,1184,1185,1343,1506,1413,1425,1240,1373,1468,1413,1218,1221,1245,1100,1140,1226,1229,1396,1193,1218,1074,1198,1203,1512,1507,1434,1247,1176,1116,1158,1412,1360,1379,1494,1264,1118,1452,1080,1291,1461,1252,1421,1185,1178,1403,1080,1417,1213,1314,1328,1281,1235,1227,1157,1109
73,56,False,1178,1153,1144,1476,1181,1309,1159,1158,1626,1260,1245,1329,1320,1228,1435,1472,1258,1340,1165,1080,1106,1374,1546,1160,1119,1172,1266,1163,1441,1317,1498,1238,1263,1185,1251,1243,1240,1189,1154,1172,1313,1070,1139,1226,1486,1360,1478,1363,1352,1364,1262,1409,1091,1084,1225,1284,1169,1008,1248,1099,1415,1074,1275,1288,1203,1165,1519,1428,1436,1418,1213,1330,1220,1451,1258,1321,1386
73,56,False,1478,1106,1132,1134,1521,1210,1235,1256,1226,1173,1276,1521,1252,1171,1308,1515,1553,1230,1452,1068,1082,1260,1258,1136,1244,1230,1128,1384,1173,1127,1392,1267,1305,1292,1219,1213,1302,1302,1152,1187,1530,1371,1210,1123,1448,1234,1162,1114,1145,1294,1274,1269,1341,1129,1037,1193,1132,1422,1197,1237,1329,1293,1313,1444,1344,1404,1109,1386,1084,1286,1188,1107,1192,1357,1300,1126,1367
73,56,False,1154,1226,1260,1468,1300,1211,1093,1491,1379,1535,1122,1272,1162,1605,1222,1661,1190,995,1037,1261,1517,1128,1056,1104,1193,1225,1122,1307,1285,1202,1189,1143,1331,1138,1400,1354,1247,1124,1379,1462,1131,1529,1281,1288,1183,1405,1549,1325,1262,1040,1069,1236,1117,1128,1276,1268,1192,1548,1160,1329,1446,1296,1481,1472,1419,1064,1116,1197,1133,1157,1379,1085,1170,1442,1484,1266,1169
73,56,False,1118,1119,1265,1123,1066,1233,1553,1444,1097,1552,1253,1324,1523,1162,1444,1553,1281,1267,1397,1077,1224,1158,1275,1120,1162,1109,1380,1482,1588,1179,1168,1560,1489,1381,1248,1426,1429,1529,1452,1072,1380,1089,1093,1226,1113,1179,1112,1243,1283,1348,1055,1241,1104,1462,1274,1156,1269,1358,1138,1249,1273,1263,1478,1222,1115,1427,1393,1229,1164,1152,1348,1269,1309,1180,1209,1139,1300
73,56,False,1520,1161,1114,1214,1138,1163,1202,1172,1621,1199,1169,1629,1336,1152,1299,1545,1332,987,1396,1250,1213,1316,1290,1218,1148,1308,1252,1187,1424,1173,1126,1146,1119,1454,1270,1470,1176,1158,1308,1098,1329,1500,1289,1139,1205,1234,1126,1136,1362,1275,1260,1114,1301,1091,1251,1393,1290,1048,1176,1255,1401,1116,1181,1283,1209,1394,1260,1411,1248,1274,1314,1432,1124,1118,1118,1340,1205
73,56,False,1139,1212,1204,1102,1261,1213,1132,1216,1197,1153,1601,1265,1177,1160,1162,1309,1409,1013,980,1200,1235,1313,1328,1208,1192,1358,1284,1245,1528,1155,1280,1476,1141,1235,1054,1107,1126,1243,1225,1449,1151,1187,1194,1252,1245,1233,1106,1091,1170,1083,1274,1243,1141,1145,1203,1085,1084,1040,1068,1470,1150,1244,1379,1397,1036,1177,1265,1105,1051,1401,1369,1244,1226,1059,1292,1074,1252
73,56,False,1150,1217,1144,1232,1579,1572,1321,1233,1147,1621,1568,1672,1165,1376,1189,1548,1288,1185,985,1072,1065,1230,1148,1298,1311,1360,1105,1595,1400,1334,1385,1331,1417,1493,1180,1379,1190,1259,1467,1120,1395,1466,1279,1174,1368,1513,1323,1147,1307,1164,1384,1173,1112,1290,1211,1462,1149,1139,1138,1224,1155,1358,1280,1285,1389,1194,1483,1400,1228,1205,1202,1195,1412,1099,1182,1152,1133
73,56,False,1139,1215,1138,1512,1574,1091,1165,1234,1120,1129,1285,1161,1302,1555,1548,1336,1244,1304,1386,1417,1204,1089,1512,1176,1344,1313,1037,1366,1403,1119,1500,1410,1155,1197,1182,1449,1217,1220,1108,1392,1199,1280,1115,1131,1440,1333,1369,1190,1129,1153,1109,1081,1210,1235,1409,1103,1125,1075,1184,1197,1156,1185,1326,1177,1439,1352,1224,1434,1270,1376,1416,1414,1217,1182,1250,1300,1108
73,56,False,1194,1246,1101,1073,1522,1213,1124,1585,1286,1161,1244,1307,1345,1344,1176,1312,1370,1242,1076,1030,1345,1203,1212,1523,1196,1467,1356,1345,1525,1267,1305,1180,1305,1443,1199,1300,1094,1269,1245,1208,1169,1105,1149,1269,1230,1442,1369,1165,1389,1131,1205,1069,1229,1466,1299,1265,1433,1211,1333,1245,1180,1090,1245,1291,1123,1074,1193,1211,1148,1074,1416,1144,1289,1176,1162,1163,1272
73,56,False,1211,1147,1187,1372,1154,1553,1259,1252,1266,1205,1254,1243,1283,1220,1424,1272,1279,1265,1245,984,1053,1170,1182,1305,1180,1465,1412,1118,1322,1205,1178,1314,1339,1158,1414,1221,1202,1356,1322,1301,1534,1544,1376,1167,1501,1533,1255,1185,1411,1053,1247,1363,1200,1292,1122,1218,1253,1090,1412,1313,1278,1241,1036,1349,1184,1154,1123,1156,1074,1073,1186,1403,1125,1059,1227,1264,1307
73,56,False,1446,1172,1315,1166,1513,1153,1320,1272,1134,1249,1570,1643,1265,1176,1453,1577,1211,1035,1236,1448,1098,1154,1071,1148,1169,1132,1146,1206,1150,1389,1265,1412,1312,1498,1329,1465,1178,1261,1173,1521,1391,1149,1132,1176,1172,1293,1403,1320,1225,1198,1110,1512,1103,1136,1370,1241,1181,1207,1419,1307,1244,1434,1464,1194,1290,1046,1120,1406,1371,1192,1217,1156,1262,1172,1248,1384,1168
73,56,False,1443,1185,1275,1125,1173,1291,1122,1121,1148,1229,1291,1152,1157,1169,1652,1260,1236,1315,939,1091,1184,1140,1094,1185,1128,1200,1220,1458,1156,1299,1348,1234,1246,1205,1322,1169,1074,1408,1415,1120,1184,1244,1398,1224,1370,1324,1173,1138,1083,1136,1076,1045,1288,1408,1469,1541,1218,1238,1174,1333,1339,1120,1456,1277,1277,1310,1174,1381,1214,1113,1233,1230,1360,1376,1218,1254,1186
73,56,False,1088,1209,1059,1130,1154,1575,1195,1092,1481,1632,1137,1266,1157,1544,1212,1586,1183,978,1034,1245,1475,1107,1274,1260,1372,1109,1216,1139,1096,1386,1365,1362,1279,1206,1082,1437,1082,1268,1292,1362,1141,1133,1162,1535,1178,1218,1206,1352,1339,1073,1167,1120,1178,1131,1091,1363,1278,1400,1075,1371,1181,1312,1304,1603,1451,1082,1106,1274,1243,1116,1182,1234,1202,1216,1020,1035,1304
73,56,False,1165,1126,1486,1535,1082,1232,1127,1260,1196,1275,1234,1241,1164,1217,1597,1261,1600,1197,1260,1077,1476,1036,1234,1193,1299,1105,1366,1187,1392,1486,1422,1169,1189,1298,1158,1185,1208,1219,1179,1291,1369,1542,1443,1378,1512,1485,1461,1454,1244,1146,1054,1070,1315,1073,1208,1300,1196,1451,1153,1040,1272,1192,1438,1309,1140,1102,1326,1220,1233,1259,1362,1141,1437,1307,1177,1122,1123
73,56,False,1409,1161,1126,1192,1535,1212,1212,1194,1121,1546,1153,1164,1163,1425,1384,1534,1414,1250,982,1101,1289,1491,1157,1205,1112,1298,1083,1529,1152,1257,1498,1451,1279,1262,1136,1145,1120,1420,1505,1275,1128,1283,1434,1206,1333,1177,1120,1363,1199,1186,1305,1101,1284,1218,1345,1203,1296,1470,1136,1101,1140,1100,1426,1160,1180,1200,1434,1201,1059,1206,1392,1117,1253,1404,1303,1116,1216
73,56,False,1131,1097,1112,1162,1275,1203,1237,1270,1117,1188,1236,1244,1185,1285,1176,1508,1389,1166,984,1463,1100,1190,1119,1296,1535,1524,1130,1254,1474,1364,1485,1432,1181,1221,1254,1176,1209,1237,1144,1124,1152,1178,1098,1321,1304,1357,1167,1049,1389,1091,1165,1220,1461,1171,1128,1314,1202,1393,1335,1230,1264,1097,1101,1153,1347,1294,1308,1468,1490,1445,1470,1076,1112,1126,1161,1161,1069
73,56,False,1192,1226,1129,1253,1158,1187,1560,1144,1192,1206,1153,1572,1256,1240,1277,1350,1548,1042,1039,1220,1098,1533,1266,1250,1297,1353,1289,1404,1145,1191,1434,1128,1173,1140,1178,1325,1171,1214,1435,1240,1565,1256,1394,1534,1284,1336,1145,1155,1384,1231,1198,1366,1414,1147,1077,1249,1368,1160,1043,1300,1535,1173,1211,1427,1310,1458,1169,1321,1310,1264,1176,1205,1310,1192,1264,1032,1392
73,56,False,1139,1067,1070,1113,1257,1092,1220,1188,1610,1197,1233,1299,1267,1206,1229,1225,1540,940,1002,1424,1114,1280,1496,1211,1205,1268,1266,1270,1154,1202,1081,1164,1246,1211,1358,1249,1419,1156,1346,1161,1380,1157,1209,1523,1244,1297,1349,1153,1048,1155,1390,1120,1363,1082,1174,1534,1290,1272,1064,1060,1292,1094,1299,1165,1105,1265,1206,1244,1173,1115,1197,1289,1168,1292,1129,1147,1057
73,56,False,1134,1130,1072,1182,1209,1185,1224,1286,1144,1280,1128,1605,1195,1690,1266,1262,1163,1236,1168,1434,1476,1224,1103,1269,1206,1218,1336,1535,1372,1370,1517,1384,1222,1420,1119,1356,1190,1265,1481,1190,1124,1199,1373,1240,1488,1228,1115,1150,1257,1408,1470,1056,1188,1190,1136,1272,1088,1251,1290,1161,1440,1246,1112,1138,1102,1277,1094,1468,1352,1152,1502,1069,1136,1067,1395,1138,1024
73,56,False,1493,1535,1150,1224,1159,1073,1218,1260,1595,1280,1103,1152,1294,1692,1449,1245,1314,1122,1371,1120,1100,1322,1157,1548,1522,1225,1297,1554,1110,1340,1360,1411,1114,1517,1326,1131,1089,1417,1373,1256,1305,1492,1178,1296,1116,1332,1229,1481,1252,1168,1246,1179,1187,1362,1254,1478,1356,1130,1262,1179,1116,1400,1082,1480,1168,1392,1251,1356,1293,1354,1172,1138,1142,1336,1155,1097,1057
73,56,False,1152,1162,1171,1218,1174,1273,1194,1238,1167,1594,1280,1270,1262,1289,1665,1417,1340,987,1374,1211,1048,1060,1275,1155,1354,1211,1049,1123,1289,1269,1155,1299,1421,1178,1088,1257,1165,1184,1329,1368,1525,1325,1302,1318,1214,1363,1301,1272,1423,1142,1092,1380,1057,1066,1144,1417,1062,1323,1365,1348,1110,1138,1222,1645,1026,1404,1180,1042,1250,1360,1103,1334,1138,1291,1290,1203,1332
73,56,False,1112,1146,1350,1154,1393,1115,1114,1561,1247,1154,1243,1331,1371,1374,1435,1236,1250,1259,1429,1093,1277,1034,1315,1496,1108,1163,1458,1413,1053,1345,1231,1176,1108,1093,1076,1355,1307,1293,1462,1261,1142,1229,1172,1340,1326,1340,1206,1284,1464,1180,1044,1432,1181,1158,1278,1202,1494,1098,1320,1037,1216,1258,1152,1432,1220,1432,1350,1076,1310,1473,1253,1240,1221,1108,1230,1086,1422
73,56,False,1115,1196,1121,1116,1138,1211,1553,1197,1141,1266,1261,1346,1626,1606,1258,1234,1423,1205,1326,1412,1276,1136,1298,1416,1290,1100,1089,1417,1386,1269,1197,1135,1163,1213,1190,1185,1136,1164,1138,1185,1300,1161,1208,1337,1317,1129,1265,1215,1052,1295,1289,1193,1117,1119,1237,1147,1191,1486,1141,1056,1076,1226,1123,1278,1077,1451,1328,1440,1235,1233,1093,1306,1113,1202,1072,1185,1234
73,56,False,1198,1153,1251,1217,1224,1113,1537,1269,1145,1242,1602,1166,1174,1364,1358,1288,1288,1340,1197,1145,1058,1194,1133,1413,1492,1444,1205,1357,1459,1435,1403,1264,1333,1121,1225,1249,1228,1488,1420,1461,1322,1284,1389,1260,1189,1384,1241,1052,1137,1139,1186,1099,1305,1365,1129,1131,1091,1411,1429,1452,1128,1180,1100,1173,1126,1147,1210,1169,1444,1348,1098,1436,1398,1474,1128,1089,1130
73,56,False,1186,1514,1238,1177,1070,1231,1186,1250,1230,1111,1590,1505,1193,1310,1425,1220,1535,1290,1012,1207,1134,1144,1163,1453,1297,1464,1315,1244,1354,1385,1398,1321,1280,1308,1099,1190,1106,1187,1161,1381,1316,1400,1149,1214,1393,1206,1289,1224,1102,1148,1241,1350,1142,1100,1086,1216,1289,1366,1488,1485,1224,1233,1433,1258,1142,1196,1528,1282,1134,1336,1050,1251,1119,1078,1326,1260,1220
73,56,False,1163,1042,1248,1227,1250,1034,1177,1568,1246,1149,1261,1502,1324,1637,1276,1565,1329,1155,1025,1426,1202,1132,1195,1184,1243,1105,1388,1455,1418,1266,1508,1435,1394,1336,1411,1113,1370,1130,1258,1302,1196,1190,1291,1218,1389,1282,1231,1170,1113,1089,1060,1409,1243,1209,1261,1400,1130,1365,1452,1056,1614,1222,1102,1208,1035,1314,1233,1400,1326,1425,1107,1463,1352,1281,1216,1152,1132
73,56,False,1536,1201,1130,1156,1181,1134,1269,1265,1544,1128,1163,1241,1548,1176,1508,1224,1259,1028,1030,1018,1512,1108,1214,1535,1512,1249,1101,1128,1232,1325,1312,1238,1365,1428,1252,1357,1109,1198,1258,1460,1125,1444,1297,1534,1361,1432,1249,1204,1286,1137,1289,1161,1137,1222,1369,1097,1305,1322,1499,1048,1358,1318,1258,1331,1288,1101,1179,1217,1230,1203,1192,1088,1214,1094,1288,1174,1172
73,56,False,1171,1212,1251,1160,1230,1469,1149,1304,1567,1598,1240,1232,1197,1232,1302,1541,1240,993,1034,993,1513,1245,1208,1353,1216,1253,1253,1388,1130,1282,1189,1296,1486,1275,1113,1131,1114,1152,1137,1266,1276,1106,1499,1435,1296,1255,1537,1376,1133,1414,1209,1302,1365,1062,1173,1310,1501,1278,1300,1456,1249,1114,1059,1189,1493,1296,1229,1144,1430,1112,1469,1198,1194,1144,1128,1102,1396
73,56,False,1165,1225,1054,1131,1136,1542,1238,1145,1482,1557,1283,1181,1259,1232,1273,1250,1297,1024,1023,1268,1505,1125,1346,1331,1108,1173,1221,1480,1256,1135,1462,1286,1230,1153,1246,1358,1110,1149,1504,1156,1218,1397,1213,1218,1469,1127,1289,1195,1321,1203,1045,1315,1057,1156,1174,1490,1137,1046,1334,1109,1456,1247,1339,1588,1200,1293,1152,1251,1465,1244,1190,1392,1160,1482,1278,1065,1142
73,56,False,1194,1102,1158,1230,1049,1141,1158,1067,1297,1248,1270,1286,1279,1329,1441,1283,1542,1041,1351,1287,1284,1288,1460,1357,1505,1269,1146,1283,1272,1403,1318,1305,1221,1192,1393,1211,1289,1517,1341,1349,1384,1433,1457,1339,1259,1209,1125,1083,1338,1104,1235,1442,1184,1074,1051,1224,1402,1099,1128,1076,1558,1277,1149,1234,1197,1369,1299,1200,1057,1062,1227,1218,1117,1038,1315,1161,1072
73,56,False,1170,1482,1107,1138,1530,1234,1128,1542,1535,1634,1128,1229,1318,1262,1440,1274,1317,1313,1332,1075,1203,1200,1140,1146,1196,1535,1188,1232,1275,1324,1230,1038,1452,1282,1104,1232,1099,1122,1353,1354,1289,1047,1052,1435,1272,1249,1173,1132,1034,1184,1372,1205,1034,1316,1073,1268,1182,1098,1269,1104,1174,1157,1306,1473,1419,1214,1160,1184,1189,1272,1347,1077,1305,1169,1145,1189,1096
73,56,False,1180,1120,1150,1217,1206,1548,1232,1273,1244,1221,1299,1165,1265,1202,1271,1555,1365,1046,1053,1462,1289,1138,1123,1494,1092,1180,1392,1259,1266,1121,1219,1186,1446,1469,1080,1232,1103,1256,1411,1107,1153,1290,1097,1170,1348,1204,1201,1258,1055,1115,1081,1212,1088,1468,1094,1300,1222,1073,1393,1066,1161,1294,1237,1235,1313,1213,1132,1064,1164,1052,1323,1474,1331,1250,1062,1186,1248
73,56,False,1577,1132,1237,1117,1392,1169,1101,1210,1229,1128,1144,1176,1358,1329,1206,1337,1566,1295,1346,1086,1370,1312,1229,1220,1516,1182,1236,1539,1063,1091,1189,1453,1142,1228,1188,1531,1205,1398,1131,1535,1168,1321,1160,1133,1390,1397,1505,1174,1214,1116,1232,1054,1455,1102,1250,1322,1458,1140,1050,1232,1267,1240,1100,1435,1373,1037,1502,1337,1283,1261,1187,1346,1265,1362,1206,1052,1253
73,56,False,1097,1077,1489,1204,1108,1243,1173,1168,1198,1301,1144,1645,1328,1669,1168,1238,1253,996,1158,1086,1044,1243,1297,1538,1120,1200,1145,1129,1452,1353,1243,1535,1414,1092,1441,1198,1421,1551,1192,1448,1421,1244,1220,1348,1381,1423,1233,1059,1390,1338,1157,1402,1143,1380,1073,1282,1168,1248,1317,1234,1289,1194,1228,1389,1180,1133,1073,1190,1242,1161,1110,1172,1357,1131,1317,1097,1178
73,56,False,1468,1139,1112,1454,1243,1205,1134,1289,1126,1198,1250,1269,1281,1272,1228,1289,1298,1144,1004,1413,1079,1229,1251,1272,1116,1125,1499,1344,1476,1193,1259,1125,1297,1414,1082,1454,1272,1347,1176,1108,1292,1350,1100,1331,1463,1250,1297,1060,1169,1318,1046,1357,1208,1202,1298,1298,1286,1202,1165,1394,1420,1285,1232,1252,1218,1045,1212,1054,1379,1233,1165,1198,1147,1203,1461,1208,1309
73,56,False,1061,1105,1465,1184,1056,1222,1161,1360,1131,1190,1229,1172,1347,1274,1180,1573,1177,988,1036,1230,1140,1316,1146,1212,1272,1190,1280,1246,1123,1436,1275,1607,1324,1196,1121,1479,1265,1282,1110,1357,1410,1291,1364,1288,1198,1170,1535,1297,1065,1202,1061,1080,1104,1131,1136,1251,1398,1108,1163,1313,1144,1259,1117,1266,1266,1171,1064,1214,1427,1221,1102,1451,1432,1171,1182,1185,1451
73,56,False,1233,1140,1088,1107,1136,1209,1112,1249,1137,1147,1153,1165,1162,1500,1179,1498,1327,1145,1409,1022,1497,1126,1222,1116,1262,1483,1254,1469,1129,1251,1172,1158,1404,1216,1075,1449,1245,1422,1222,1222,1123,1399,1051,1443,1377,1149,1345,1116,1110,1209,1082,1210,1147,1071,1058,1293,1320,1420,1320,1315,1358,1179,1378,1403,1264,1460,1318,1130,1381,1147,1258,1342,1118,1091,1113,1251,1247
73,56,False,1176,1219,1139,1249,1182,1549,1123,1170,1210,1372,1631,1258,1168,1347,1419,1224,1257,1157,1049,1222,1086,1113,1145,1189,1196,1338,1036,1272,1354,1291,1448,1213,1172,1123,1451,1137,1174,1186,1145,1434,1380,1122,1107,1569,1435,1339,1308,1163,1218,1324,1387,1354,1240,1209,1394,1162,1329,1178,1294,1112,1423,1114,1331,1219,1354,1244,1269,1073,1266,1336,1409,1296,1149,1076,1206,1318,1064
73,56,False,1091,1089,1142,1219,1144,1269,1176,1295,1621,1145,1354,1329,1176,1544,1281,1365,1398,961,1174,1130,1058,1489,1364,1120,1147,1128,1257,1315,1247,1378,1418,1268,1161,1464,1176,1379,1231,1139,1286,1102,1448,1294,1071,1183,1121,1153,1356,1066,1070,1276,1206,1074,1257,1235,1024,1160,1119,1077,1080,1318,1214,1067,1176,1379,1162,1123,1484,1494,1108,1099,1335,1228,1402,1243,1033,1085,1077
73,56,False,1179,1181,1090,1226,1146,1497,1307,1181,1270,1242,1233,1186,1637,1660,1448,1705,1294,958,1412,1102,1121,1276,1196,1142,1252,1480,1317,1420,1282,1193,1112,1267,1404,1285,1189,1231,1227,1228,1254,1230,1171,1165,1053,1310,1116,1246,1316,1277,1124,1160,1144,1137,1065,1149,1169,1100,1353,1145,1181,1478,1414,1284,1226,1231,1172,1156,1026,1264,1196,1011,1152,1156,1418,1064,1396,1131,1176
73,56,False,1163,1504,1153,1269,1090,1046,1548,1258,1108,1618,1657,1254,1205,1160,1438,1506,1466,1100,982,1156,1465,1149,1453,1267,1275,1296,1274,1265,1372,1252,1178,1098,1245,1545,1235,1132,1535,1245,1439,1403,1338,1133,1293,1220,1402,1181,1111,1077,1127,1218,1141,1289,1213,1117,1121,1472,1297,1440,1368,1058,1239,1408,1186,1243,1066,1389,1242,1121,1262,1389,1099,1180,1312,1124,1155,1147,1445
73,56,False,1091,1222,1122,1216,1535,1121,1145,1572,1236,1129,1254,1334,1195,1590,1177,1529,1312,921,1050,1468,1504,1188,1116,1452,1114,1325,1115,1338,1442,1172,1221,1306,1301,1299,1152,1237,1401,1206,1353,1195,1123,1134,1437,1362,1150,1403,1180,1394,1180,1064,1150,1412,1065,1313,1235,1486,1184,1362,1240,1117,1230,1244,1049,1082,1440,1146,1185,1291,1352,1417,1098,1406,1302,1046,1130,1384,1413
73,56,False,1156,1165,1167,1130,1288,1190,1130,1090,1141,1214,1668,1289,1168,1315,1428,1249,1246,1232,1177,1030,1204,1539,1242,1329,1232,1343,1053,1165,1214,1231,1107,1371,1207,1302,1477,1368,1131,1260,1428,1109,1282,1479,1241,1203,1265,1441,1184,1480,1346,1087,1401,1205,1288,1369,1200,1224,1174,1265,1138,1377,1181,1044,1214,1281,1370,1204,1084,1451,1186,1081,1196,1456,1212,1067,1025,1269,1122
73,56,False,1208,1160,1148,1216,1537,1216,1161,1404,1148,1237,1243,1163,1293,1182,1620,1281,1234,1002,1404,1079,1311,1469,1139,1466,1225,1358,1105,1195,1121,1349,1386,1286,1331,1189,1301,1318,1493,1263,1201,1382,1154,1147,1404,1217,1216,1176,1564,1266,1184,1394,1177,1404,1123,1103,1123,1426,1156,1277,1081,1374,1432,1222,1182,1374,1148,1146,1278,1294,1298,1060,1205,1211,1492,1186,1187,1299,1056
73,56,False,1167,1204,1134,1227,1084,1331,1214,1118,1260,1570,1535,1612,1313,1225,1173,1288,1347,1266,1025,1088,1067,1528,1178,1276,1276,1276,1037,1187,1352,1460,1242,1402,1133,1107,1113,1218,1190,1509,1270,1225,1428,1424,1334,1285,1183,1256,1161,1425,1427,1268,1356,1234,1241,1392,1342,1138,1312,1114,1214,1348,1489,1083,1229,1297,1408,1076,1099,1093,1107,1220,1327,1050,1329,1027,1201,1293,1257
73,56,False,1499,1122,1119,1054,1329,1170,1120,1516,1576,1140,1240,1290,1364,1213,1595,1557,1245,994,1244,1380,1043,1293,1354,1222,1294,1233,1013,1514,1218,1230,1262,1154,1298,1214,1159,1132,1496,1535,1238,1134,1451,1069,1256,1522,1119,1500,1444,1227,1418,1126,1089,1093,1132,1231,1072,1546,1120,1161,1535,1070,1557,1376,1121,1507,1374,1177,1205,1074,1366,1217,1130,1244,1317,1152,1129,1208,1417
73,56,False,1121,1484,1061,1120,1224,1108,1325,1201,1540,1142,1116,1176,1576,1213,1554,1331,1313,1305,1256,1103,1014,1536,1122,1362,1462,1469,1125,1268,1213,1366,1109,1282,1261,1304,1318,1233,1140,1535,1445,1370,1253,1292,1176,1331,1265,1164,1291,1058,1258,1355,1110,1181,1495,1185,1197,1490,1246,1185,1033,1226,1337,1252,1234,1525,1340,1153,1299,1373,1397,1189,1043,1254,1116,1123,1068,1413,1296
73,56,False,1480,1217,1163,1532,1132,1214,1140,1200,1228,1142,1219,1248,1244,1195,1450,1337,1296,1052,1430,1276,1130,1040,1228,1184,1510,1256,1131,1140,1430,1156,1115,1135,1121,1406,1013,1276,1314,1219,1151,1432,1294,1475,1089,1538,1397,1176,1339,1248,1049,1062,1035,1345,1057,1184,1115,1321,1230,1089,1460,1545,1196,1355,1294,1186,1131,1131,1048,1393,1401,1258,1355,1233,1405,1217,1167,1227,1229
73,56,False,1126,1114,1501,1189,1219,1198,1585,1181,1542,1558,1359,1238,1170,1400,1368,1470,1322,998,1222,1230,1085,1488,1090,1234,1481,1135,1038,1318,1172,1425,1301,1401,1220,1364,1445,1321,1245,1386,1347,1273,1204,1450,1226,1230,1371,1373,1152,1349,1130,1136,1088,1465,1225,1278,1212,1357,1269,1375,1241,1248,1297,1133,1063,1165,1295,1171,1319,1196,1152,1058,1244,1146,1276,1082,1114,1175,1236
73,56,False,1124,1118,1208,1524,1229,1094,1164,1241,1237,1195,1261,1325,1332,1288,1402,1535,1261,1110,1045,1009,1431,1161,1267,1301,1253,1122,1097,1081,1097,1248,1409,1184,1223,1355,1235,1360,1334,1509,1449,1156,1186,1435,1369,1252,1253,1130,1140,1235,1185,1384,1444,1154,1334,1282,1076,1260,1366,1412,1027,1155,1360,1332,1213,1242,1040,1072,1241,1444,1179,1073,1226,1361,1283,1300,1131,1385,1221
73,56,False,1125,1244,1133,1337,1120,1179,1243,1130,1254,1289,1291,1302,1294,1278,1248,1649,1241,1306,1051,1250,1114,1306,1485,1274,1104,1520,1435,1384,1187,1255,1163,1268,1284,1261,1140,1250,1244,1544,1217,1269,1280,1254,1375,1432,1116,1434,1316,1472,1285,1424,1435,1470,1416,1310,1060,1474,1464,1508,1125,1211,1140,1297,1217,1328,1413,1486,1425,1259,1481,1206,1141,1293,1371,1185,1107,1209,1203
73,56,False,1211,1109,1202,1201,1193,1536,1163,1195,1193,1264,1209,1181,1212,1386,1553,1259,1555,1168,1042,1189,1089,1426,1307,1115,1113,1352,1276,1134,1370,1442,1237,1204,1190,1517,1157,1364,1369,1275,1354,1204,1184,1232,1209,1472,1122,1445,1158,1181,1345,1477,1171,1168,1437,1354,1112,1508,1290,1086,1124,1230,1446,1062,1361,1241,1485,1424,1392,1390,1416,1166,1225,1326,1384,1131,1093,1090,1401
73,56,False,1139,1196,1034,1153,1158,1149,1280,1189,1540,1591,1622,1166,1230,1390,1293,1226,1272,978,1170,1022,1197,1123,1092,1341,1388,1100,1493,1245,1307,1251,1225,1438,1329,1375,1301,1133,1176,1365,1356,1346,1236,1280,1276,1197,1548,1323,1205,1299,1217,1388,1197,1131,1198,1149,1314,1550,1133,1257,1313,1066,1163,1270,1070,1535,1032,1121,1265,1163,1252,1169,1309,1085,1429,1188,1166,1229,1222
73,56,False,1169,1337,1188,1273,1370,1059,1401,1224,1140,1604,1603,1337,1217,1582,1283,1237,1376,1205,938,981,1292,1506,1129,1324,1309,1318,1096,1259,1206,1265,1121,1242,1321,1218,1515,1298,1077,1374,1446,1474,1129,1353,1081,1289,1179,1532,1337,1136,1144,1049,1313,1264,1265,1308,1325,1587,1372,1181,1344,1074,1193,1373,1330,1161,1467,1302,1116,1198,1104,1152,1381,1178,1134,1157,1172,1201,1178
73,56,False,1144,1169,1138,1202,1231,1365,1230,1611,1200,1589,1253,1167,1312,1535,1645,1351,1264,1126,1184,1084,1238,1534,1098,1548,1207,1341,1210,1104,1133,1353,1182,1281,1199,1207,1175,1106,1388,1344,1193,1216,1094,1371,1362,1300,1173,1115,1184,1140,1310,1158,1142,1066,1460,1370,1172,1252,1229,1189,1160,1281,1244,1395,1354,1358,1378,1196,1315,1254,1194,1420,1386,1149,1181,1293,1110,1160,1400
73,56,False,1427,1084,1154,1046,1227,1145,1238,1472,1150,1141,1316,1132,1197,1170,1218,1285,1225,1268,1005,1102,1145,1067,1141,1149,1337,1467,1388,1125,1148,1296,1478,1284,1100,1448,1157,1285,1408,1460,1233,1299,1131,1487,1246,1449,1218,1200,1245,1309,1245,1120,1072,1098,1037,1294,1060,1334,1186,1394,1080,1246,1132,1441,1118,1350,1306,1059,1149,1257,1512,1201,1179,1192,1265,1333,1189,1310,1421
73,56,False,1150,1223,1091,1219,1147,1559,1232,1174,1567,1161,1160,1166,1308,1574,1329,1458,1535,1012,1179,1402,1068,1209,1535,1221,1489,1178,1022,1550,1220,1473,1234,1544,1209,1339,1157,1442,1164,1141,1176,1260,1189,1534,1163,1490,1508,1313,1455,1081,1187,1144,1152,1104,1472,1262,1229,1483,1414,1371,1185,1008,1148,1429,1086,1476,1060,1086,1234,1127,1209,1078,1224,1369,1299,1497,1210,1373,1234
73,56,False,1142,995,1186,1114,1204,1555,1407,1535,1256,1133,1379,1169,1619,1346,1272,1266,1248,891,1336,1421,1016,1349,1183,1145,1330,1221,1169,1320,1232,1533,1370,1141,1525,1128,1288,1251,1280,1339,1210,1129,1291,1160,1197,1443,1378,1200,1156,1144,1291,1300,1284,1065,1170,1353,1101,1306,1513,1101,1293,1210,1510,1140,1099,1372,1193,1489,1235,1394,1248,1332,1439,1208,1362,1261,1355,1353,1334
73,56,False,1482,1189,1149,1120,1533,1130,1240,1117,1249,1236,1227,1609,1482,1199,1310,1626,1420,1242,1362,1198,1012,1133,1498,1130,1232,1246,1181,1232,1511,1205,1396,1392,1194,1136,1096,1381,1414,1401,1234,1321,1148,1422,1137,1218,1424,1280,1370,1258,1357,1445,1060,1189,1089,1352,1341,1268,1259,1360,1273,1137,1476,1293,1054,1289,1113,1483,1110,1070,1501,1186,1165,1274,1153,1250,1197,1196,1222
73,56,False,1453,1185,1267,1174,1512,1214,1144,1160,1185,1249,1171,1294,1181,1358,1457,1580,1456,1275,1020,1166,1428,1419,1525,1321,1235,1138,1038,1369,1517,1117,1292,1123,1217,1149,1209,1429,1106,1188,1214,1154,1232,1422,1198,1205,1165,1378,1146,1112,1123,1148,1150,1264,1154,1085,1421,1163,1416,1525,1064,1441,1200,1230,1501,1226,1354,1441,1085,1255,1329,1078,1336,1422,1345,1392,1183,1091,1322
73,56,False,1522,1535,1126,1197,1510,1227,1156,1262,1578,1254,1149,1404,1200,1659,1317,1346,1365,1234,1035,1260,1485,1050,1175,1481,1514,1262,1083,1587,1197,1408,1345,1283,1296,1452,1143,1219,1068,1129,1122,1127,1453,1211,1355,1305,1206,1440,1536,1304,1206,1152,1178,1178,1157,1086,1129,1329,1128,1061,1044,1072,1348,1432,1230,1226,1114,1180,1518,1381,1379,1113,1414,1194,1173,1289,1182,1087,1116
73,56,False,1182,1097,1257,1146,1224,1249,1266,1270,1129,1321,1259,1245,1237,1588,1214,1497,1353,994,1395,1148,1310,1233,1515,1168,1193,1538,1060,1393,1297,1289,1281,1173,1342,1232,1267,1200,1107,1304,1133,1289,1166,1401,1477,1179,1312,1386,1362,1372,1268,1145,1270,1309,1145,1133,1105,1300,1451,1052,1113,1108,1404,1275,1240,1496,1148,1258,1311,1389,1283,1316,1429,1198,1180,1145,1356,1086,1114
73,56,False,1482,1189,1102,1206,1236,1208,1198,1131,1246,1535,1290,1148,1631,1452,1542,1529,1251,1230,1011,1243,1128,1497,1268,1254,1528,1195,1329,1137,1220,1230,1206,1262,1174,1273,1228,1270,1414,1268,1316,1328,1504,1414,1136,1347,1477,1131,1184,1052,1036,1349,1387,1201,1157,1340,1108,1115,1107,1187,1098,1456,1156,1341,1139,1289,1163,1205,1108,1194,1464,1320,1318,1290,1330,1170,1342,1250,1111
73,56,False,1196,1154,1330,1146,1190,1310,1104,1245,1652,1249,1315,1547,1669,1183,1586,1269,1411,994,1003,1067,1062,1197,1337,1163,1182,1263,1072,1217,1152,1271,1174,1394,1120,1229,1082,1518,1338,1278,1259,1250,1202,1473,1204,1314,1210,1261,1442,1147,1176,1466,1341,1229,1161,1141,1189,1240,1093,1145,1248,1539,1162,1356,1160,1429,1342,1422,1394,1233,1442,1057,1256,1171,1193,1202,1112,1037,1074
73,56,False,1413,1174,1216,1464,1148,1192,1382,1568,1118,1261,1232,1278,1317,1246,1220,1252,1253,1192,1046,1068,1051,1118,1209,1294,1314,1163,1388,1280,1106,1112,1122,1131,1158,1243,1090,1310,1358,1562,1162,1098,1264,1115,1304,1425,1483,1396,1484,1229,1141,1155,1168,1083,1186,1496,1014,1389,1180,1242,1165,1302,1146,1546,1481,1256,1271,1133,1247,1072,1378,1232,1320,1185,1461,1050,1145,1041,1014
73,56,False,1200,1117,1143,1229,1333,1281,1251,1501,1133,1264,1148,1664,1540,1373,1192,1324,1329,1344,1050,1018,1474,1131,1156,1178,1443,1290,1149,1350,1454,1273,1166,1193,1420,1139,1216,1230,1376,1539,1299,1165,1310,1536,1041,1357,1253,1301,1548,1196,1414,1382,1464,1096,1206,1154,1107,1307,1516,1369,1188,1108,1145,1189,1127,1108,1220,1209,1173,1207,1433,1302,1225,1372,1217,1298,1145,1248,1187
73,56,False,1179,1112,1161,1224,1552,1051,1090,1091,1137,1241,1171,1530,1139,1396,1662,1379,1241,990,1024,1052,1220,1153,1136,1105,1115,1259,1066,1386,1369,1219,1301,1537,1516,1469,1115,1208,1436,1350,1354,1216,1436,1289,1451,1214,1508,1280,1361,1192,1227,1224,1354,1235,1331,1326,1242,1312,1422,1229,1179,1068,1154,1120,1252,1282,1152,1124,1090,1340,1311,1081,1410,1160,1216,1179,1245,1190,1432
73,56,False,1149,1169,1194,1242,1216,1166,1117,1552,1392,1128,1261,1197,1535,1301,1370,1329,1360,1133,1124,1179,1084,1283,1280,1335,1180,1521,1108,1137,1506,1146,1257,1436,1146,1288,1426,1326,1067,1307,1423,1508,1213,1282,1445,1324,1480,1558,1116,1461,1334,1248,1080,1257,1113,1188,1075,1064,1452,1140,1211,1238,1150,1241,1042,1275,1393,1075,1204,1356,1166,1118,1267,1129,1163,1115,1275,1352,1189
73,56,False,1128,1512,1208,1236,1164,1149,1140,1551,1211,1152,1141,1266,1169,1535,1568,1490,1298,1245,1009,1078,1108,1077,1553,1141,1102,1105,1302,1496,1148,1235,1413,1318,1181,1336,1342,1136,1332,1389,1470,1312,1178,1146,1169,1139,1161,1466,1127,1291,1160,1067,1086,1410,1226,1178,1129,1238,1206,1164,1201,1201,1168,1459,1445,1258,1385,1145,1223,1348,1499,1112,1196,1302,1413,1315,1062,1306,1182
73,56,False,1173,1154,1229,1290,1160,1158,1634,1537,1245,1428,1259,1248,1184,1394,1433,1246,1355,1007,1405,1121,1100,1512,1170,1285,1118,1220,1051,1444,1276,1145,1349,1217,1088,1433,1108,1185,1098,1237,1458,1261,1359,1526,1129,1330,1160,1306,1131,1502,1326,1227,1316,1172,1208,1206,1139,1362,1284,1057,1083,1342,1483,1105,1136,1142,1261,1045,1085,1176,1242,1035,1218,1206,1237,1368,1039,1250,1063
73,56,False,1115,1214,1135,1240,1157,1227,1584,1053,1580,1265,1121,1625,1664,1168,1240,1224,1436,1105,1038,1404,1061,1110,1147,1122,1308,1248,1024,1294,1385,1236,1460,1214,1158,1154,1376,1241,1168,1202,1378,1377,1242,1444,1085,1191,1170,1125,1124,1235,1180,1165,1261,1136,1320,1318,1121,1258,1122,1434,1170,1286,1314,1081,1205,1482,1052,1254,1296,1202,1358,1451,1420,1109,1276,1021,1105,1142,1260
73,56,False,1203,1217,1221,1243,1108,1222,1131,1292,1122,1254,1344,1325,1280,1196,1654,1349,1348,1249,986,1122,1074,1232,1187,1256,1121,1108,1337,1363,1513,1261,1197,1442,1209,1422,1469,1352,1244,1259,1129,1137,1158,1189,1191,1214,1233,1333,1160,1461,1105,1169,1325,1289,1371,1084,1173,1351,1248,1120,1057,1208,1066,1332,1413,1187,1073,1400,1069,1252,1310,1084,1465,1113,1062,1176,1090,1243,1064
73,56,False,1118,1162,1043,1208,1142,1226,1162,1177,1139,1562,1177,1246,1474,1377,1219,1388,1241,1270,1267,1024,1110,1178,1237,1141,1212,1242,1241,1309,1527,1404,1354,1350,1521,1443,1117,1480,1086,1385,1354,1134,1422,1120,1136,1200,1116,1181,1374,1104,1289,1278,1259,1400,1200,1030,1248,1441,1438,1068,1410,1109,1165,1257,1080,1204,1104,1163,1329,1440,1263,1320,1373,1274,1134,1148,1311,1154,1201
73,56,False,1521,1208,1141,1265,1150,1149,1198,1188,1172,1248,1213,1226,1296,1589,1197,1659,1293,964,1187,1206,1241,1325,1254,1152,1129,1347,1082,1205,1092,1434,1205,1214,1383,1520,1089,1137,1416,1180,1150,1184,1142,1189,1411,1125,1556,1276,1195,1369,1396,1122,1113,1238,1091,1036,1054,1304,1458,1251,1437,1229,1078,1381,1370,1227,1229,1310,1245,1117,1513,1326,1512,1242,1118,1339,1092,1215,1016
73,56,False,1546,1226,1221,1406,1146,1268,1204,1125,1305,1128,1184,1196,1172,1627,1255,1240,1557,958,1034,1481,1113,1297,1191,1174,1379,1117,1108,1546,1245,1213,1232,1240,1177,1162,1362,1334,1057,1398,1267,1165,1247,1490,1200,1200,1533,1127,1163,1370,1061,1268,1225,1108,1200,1346,1258,1157,1082,1212,1074,1394,1194,1214,1244,1482,1140,1257,1148,1473,1094,1184,1263,1259,1170,1338,1032,1209,1335
73,56,False,1125,1157,1288,1520,1292,1186,1121,1566,1536,1259,1210,1621,1246,1225,1683,1237,1292,1066,1045,1018,1496,1139,1152,1464,1223,1126,1035,1309,1148,1474,1135,1237,1197,1505,1139,1563,1296,1438,1121,1144,1346,1433,1217,1406,1413,1152,1137,1411,1136,1192,1132,1256,1472,1264,1237,1153,1113,1356,1421,1105,1186,1140,1300,1332,1234,1165,1406,1081,1240,1062,1227,1162,1402,1174,1060,1147,1221
73,56,False,1146,1225,1485,1222,1220,1251,1209,1211,1208,1592,1195,1341,1328,1181,1318,1614,1426,1305,1009,1277,1220,1219,1353,1181,1254,1472,1098,1284,1249,1262,1196,1451,1164,1500,1413,1296,1265,1281,1234,1138,1163,1297,1158,1192,1245,1129,1387,1304,1195,1042,1231,1110,1460,1204,1052,1464,1157,1179,1522,1535,1274,1086,1501,1401,1046,1218,1138,1375,1188,1429,1421,1131,1073,1216,1366,1376,1113
73,56,False,1466,1181,1127,1182,1251,1544,1355,1253,1132,1273,1256,1243,1641,1212,1447,1563,1261,1168,979,1066,1099,1372,1549,1186,1179,1204,1478,1318,1121,1062,1232,1165,1202,1411,1134,1150,1102,1266,1427,1298,1161,1161,1190,1472,1257,1265,1203,1393,1445,1405,1104,1097,1078,1173,1224,1445,1100,1251,1341,1062,1496,1531,1256,1130,1459,1338,1134,1234,1308,1242,1100,1275,1276,1174,1117,1113,1320
73,56,False,1163,1226,1152,1130,1099,1213,1136,1202,1601,1412,1201,1172,1323,1131,1209,1462,1252,1243,1382,1112,1262,1101,1146,1166,1160,1392,1061,1113,1189,1256,1246,1116,1454,1357,1147,1446,1045,1404,1189,1253,1250,1214,1454,1208,1272,1301,1227,1198,1126,1038,1133,1176,1225,1361,1202,1260,1348,1277,1358,1056,1449,1179,1385,1318,1113,1284,1088,1467,1233,1186,1170,1140,1336,1071,1363,1249,1014
73,56,False,1117,1206,1187,1147,1536,1182,1554,1117,1133,1298,1174,1153,1165,1219,1323,1224,1343,996,1412,1216,1307,1229,1352,1085,1535,1278,1296,1280,1272,1437,1134,1510,1258,1176,1094,1156,1090,1323,1403,1250,1156,1123,1371,1228,1206,1206,1537,1174,1316,1138,1241,1223,1346,1138,1301,1357,1208,1040,1418,1096,1184,1168,1205,1546,1430,1158,1080,1216,1262,1037,1285,1138,1173,1171,1188,1441,1080
73,56,False,1137,1141,1220,1146,1341,1187,1611,1178,1201,1193,1142,1357,1220,1162,1158,1246,1306,1288,1376,1073,1211,1112,1174,1204,1178,1384,1540,1464,1352,1437,1487,1137,1330,1388,1077,1216,1521,1180,1152,1228,1298,1458,1262,1262,1321,1178,1323,1104,1138,1178,1257,1330,1348,1166,1438,1379,1366,1338,1097,1093,1226,1076,1350,1142,1158,1392,1248,1213,1242,1249,1229,1102,1235,1152,1119,1289,1122
73,56,False,1189,1144,1380,1187,1369,1105,1059,1554,1246,1136,1325,1305,1183,1273,1421,1357,1245,1339,1028,1108,1457,1200,1215,1181,1238,1137,1362,1506,1371,1205,1439,1347,1529,1140,1098,1334,1298,1152,1192,1013,1285,1251,1297,1162,1180,1134,1374,1140,1125,1149,1454,1145,1141,1085,1428,1473,1355,1345,1056,1332,1248,1440,1052,1145,1245,1122,1097,1045,1204,1187,1176,1230,1106,1208,1285,1281,1342
73,56,False,1160,1481,1178,1208,1132,1219,1540,1259,1285,1634,1139,1570,1271,1253,1272,1277,1538,1022,1112,1210,1227,1474,1241,1128,1280,1536,1392,1466,1191,1146,1347,1250,1318,1179,1290,1128,1442,1352,1515,1198,1361,1120,1221,1130,1520,1164,1206,1082,1173,1294,1125,1341,1441,1267,1057,1448,1149,1045,1339,1163,1273,1096,1089,1165,1211,1066,1117,1456,1284,1042,1190,1146,1329,1173,1342,1082,1173
73,56,False,1166,996,1145,1162,1162,1315,1188,1129,1188,1306,1138,1338,1200,1397,1770,1535,1269,989,1214,1258,1103,1114,1144,1156,1213,1486,1211,1256,1524,1344,1168,1204,1453,1357,1219,1268,1331,1248,1286,1118,1349,1261,1131,1462,1142,1155,1222,1209,1257,1082,1054,1056,1298,1385,1090,1206,1310,1443,1189,1249,1117,1081,1337,1114,1112,1173,1346,1260,1104,1483,1117,1110,1241,1076,1187,1124,1262
73,56,False,1497,1191,1141,1516,1180,1273,1214,1147,1361,1253,1153,1600,1157,1276,1182,1610,1245,1287,1178,996,1248,1461,1130,1529,1482,1517,1098,1425,1125,1513,1413,1308,1262,1290,1236,1201,1209,1184,1276,1102,1316,1344,1056,1501,1414,1248,1248,1297,1350,1294,1186,1360,1075,1232,1183,1425,1050,1376,1259,1206,1155,1118,1085,1148,1326,1186,1292,1147,1339,1200,1336,1486,1185,1162,1296,1154,1097
73,56,False,1118,1177,1217,1214,1234,1133,1528,1253,1251,1266,1611,1180,1705,1308,1184,1375,1452,1258,1172,1371,1098,1302,1261,1302,1462,1411,1436,1361,1273,1204,1252,1243,1216,1236,1120,1125,1450,1516,1122,1150,1509,1412,1081,1307,1304,1277,1436,1161,1257,1155,1346,1345,1379,1074,1217,1286,1154,1402,1226,1164,1421,1122,1084,1193,1105,1126,1096,1325,1089,1376,1264,1192,1284,1204,1461,1166,1379
73,56,False,1104,1066,1227,1152,1513,1168,1243,1176,1137,1588,1247,1162,1201,1183,1252,1526,1297,922,1356,988,1085,1130,1138,1083,1449,1153,1050,1182,1130,1164,1450,1216,1126,1240,1423,1373,1083,1537,1387,1099,1214,1168,1189,1291,1230,1195,1158,1172,1221,1356,1056,1117,1142,1042,1117,1252,1430,1285,1076,1178,1466,1249,1176,1116,1201,1109,1098,1123,1392,1193,1381,1224,1096,1213,1145,1189,1230
73,56,False,1149,1213,1135,1526,1176,1113,1238,1187,1141,1109,1296,1282,1315,1630,1179,1296,1226,1274,1050,1254,1090,1130,1303,1508,1445,1469,1019,1340,1487,1103,1270,1314,1131,1216,1080,1179,1300,1227,1268,1345,1346,1420,1428,1155,1259,1145,1232,1400,1116,1142,1296,1297,1437,1349,1048,1204,1264,1216,1039,1124,1275,1046,1198,1416,1201,1102,1213,1216,1314,1145,1128,1110,1123,1195,1206,1253,1316
73,56,False,1531,1481,1115,1208,1114,1467,1241,1096,1252,1400,1614,1541,1271,1184,1162,1257,1305,1130,1038,1218,1104,1258,1433,1310,1148,1180,1337,1274,1397,1240,1419,1445,1340,1205,1212,1282,1052,1233,1238,1445,1433,1302,1473,1497,1099,1345,1440,1154,1147,1366,1243,1115,1294,1477,1400,1362,1219,1535,1045,1141,1140,1454,1184,1310,1480,1171,1331,1034,1053,1339,1319,1226,1084,1293,1378,1211,1468
73,56,False,1173,1534,1133,1150,1053,1240,1189,1157,1194,1261,1250,1260,1192,1379,1283,1652,1540,909,1123,1216,1128,1133,1150,1506,1142,1233,1442,1432,1314,1438,1363,1068,1194,1445,1126,1315,1250,1359,1182,1121,1232,1262,1106,1469,1463,1258,1488,1172,1212,1434,1293,1048,1227,1082,1428,1460,1354,1501,1105,1434,1447,1072,1043,1266,1088,1244,1088,1249,1370,1163,1106,1396,1471,1356,1193,1296,1070
73,56,False,1102,1153,1224,1194,1156,1119,1168,1225,1566,1198,1283,1534,1170,1625,1211,1457,1395,1164,1380,1414,1229,1226,1164,1290,1164,1200,1159,1250,1502,1174,1416,1416,1524,1360,1200,1099,1188,1457,1205,1364,1364,1163,1128,1295,1371,1420,1377,1068,1160,1197,1282,1275,1085,1118,1050,1544,1356,1440,1524,1077,1373,1197,1168,1443,1165,1072,1145,1044,1408,1306,1118,1154,1174,1198,1476,1256,1252
73,56,False,1179,1448,1086,1069,1305,1181,1160,1125,1184,1261,1294,1269,1188,1405,1283,1741,1568,883,1147,1247,1093,1093,1131,1306,1253,1248,1268,1102,1546,1163,1156,1243,1155,1557,1375,1160,1221,1282,1558,1341,1490,1387,1044,1132,1418,1232,1163,1312,1099,1158,1090,1057,1203,1341,1204,1517,1211,1298,1106,1147,1133,1185,1434,1347,1077,1110,1300,1392,1246,1044,1212,1242,1387,1190,1131,1089,1386
73,56,False,1131,1520,1171,1102,1034,1226,1201,1140,1133,1142,1289,1157,1607,1176,1667,1306,1243,984,1219,1091,1120,1006,1156,1422,1201,1262,1097,1486,1240,1255,1199,1561,1331,1402,1226,1181,1424,1248,1366,1300,1347,1190,1024,1426,1285,1221,1350,1089,1422,1321,1288,1035,1084,1070,1274,1454,1425,1351,1285,1514,1193,1420,1228,1259,1218,1040,1398,1318,1235,1333,1282,1122,1097,1123,1049,1206,1074
73,56,False,1148,1126,1167,1397,1171,1185,1292,1116,1179,1242,1233,1169,1302,1193,1430,1535,1249,1045,1207,1440,1096,1528,1267,1100,1401,1254,1438,1249,1549,1346,1235,1120,1440,1260,1420,1243,1161,1412,1379,1158,1302,1141,1334,1339,1263,1186,1449,1049,1389,1268,1366,1280,1258,1245,1042,1485,1361,1094,1374,1041,1128,1197,1408,1306,1340,1210,1181,1191,1340,1124,1237,1202,1137,1138,1139,1044,1096
73,56,False,1118,1224,1235,1150,1168,1160,1066,1243,1132,1617,1564,1363,1155,1314,1166,1665,1261,1310,1132,1036,1445,1535,1126,1365,1298,1307,1158,1376,1317,1455,1219,1241,1220,1082,1421,1293,1206,1172,1164,1340,1344,1268,1257,1179,1306,1242,1438,1162,1182,1347,1101,1378,1281,1180,1180,1540,1180,1032,1121,1208,1381,1123,1157,1172,1054,1440,1233,1261,1533,1136,1379,1237,1150,1126,1214,1069,1197
73,56,False,1249,1156,1087,1224,1463,1088,1118,1581,1267,1140,1302,1289,1173,1265,1416,1363,1242,1154,1044,1105,1280,1142,1081,1536,1194,1224,1535,1298,1226,1190,1272,1250,1304,1197,1337,1361,1165,1505,1192,1398,1291,1429,1114,1196,1166,1387,1340,1372,1139,1358,1215,1180,1096,1109,1257,1265,1268,1120,1037,1325,1040,1268,1316,1294,1085,1177,1350,1274,1281,1142,1295,1108,1126,1374,1205,1322,1482
73,56,False,1186,1126,1197,1299,1164,1523,1251,1105,1267,1522,1630,1589,1251,1152,1554,1323,1357,1124,1017,1404,1094,1258,1126,1186,1346,1252,1185,1507,1226,1280,1077,1317,1186,1421,1176,1133,1323,1449,1535,1457,1382,1140,1494,1227,1450,1470,1244,1140,1122,1417,1115,1304,1442,1430,1180,1140,1120,1405,1242,1092,1162,1460,1096,1123,1409,1194,1249,1062,1419,1259,1247,1282,1324,1202,1124,1344,1251
73,56,False,1174,1134,1516,1213,1069,1160,1208,1225,1141,1549,1260,1190,1251,1268,1442,1296,1270,1229,1221,1189,1353,1352,1250,1149,1196,1470,1242,1289,1317,1282,1200,1041,1290,1408,1446,1540,1465,1459,1149,1453,1448,1261,1148,1174,1462,1320,1246,1205,1413,1204,1410,1235,1062,1131,1315,1452,1460,1091,1417,1108,1314,1396,1496,1374,1141,1191,1218,1027,1461,1326,1053,1238,1409,1145,1147,1378,1049
73,56,False,1181,1069,1200,989,1162,1157,1163,1622,1206,1156,1651,1325,1169,1298,1449,1394,1254,1292,1224,1100,1476,1518,1454,1177,1310,1258,1535,1194,1321,1261,1250,1252,1411,1306,1349,1308,1026,1428,1338,1306,1364,1393,1229,1428,1192,1271,1272,1122,1082,1096,1118,1199,1482,1240,1300,1168,1125,1035,1223,1086,1179,1304,1041,1394,1446,1050,1412,1346,1250,1265,1181,1289,1091,1234,1116,1150,1304
73,56,False,1125,1216,1146,1484,1152,1189,1224,1238,1086,1202,1332,1320,1177,1235,1691,1306,1184,1295,1217,1067,1082,1036,1248,1155,1285,1493,1177,1054,1346,1309,1450,1188,1476,1066,1270,1293,1195,1349,1120,1394,1284,1392,1149,1416,1298,1180,1122,1321,1147,1214,1458,1205,1433,1172,1078,1115,1382,1310,1135,1063,1426,1089,1052,1273,1177,1324,1076,1386,1453,1470,1232,1305,1075,1179,1366,1210,1307
73,56,False,1152,1121,1165,1189,1161,1280,1196,1172,1203,1236,1299,1259,1133,1614,1218,1404,1446,1133,1369,1056,1250,1508,1535,1310,1115,1339,1307,1202,1408,1278,1147,1424,1173,1381,1092,1547,1302,1530,1108,1221,1146,1160,1230,1417,1209,1514,1458,1334,1081,1252,1104,1368,1464,1190,1515,1429,1308,1443,1053,1236,1296,1182,1154,1380,1070,1060,1258,1394,1098,1072,1148,1161,1285,1212,1350,1136,1213
73,56,False,1163,1265,1088,1067,1157,1216,1545,1147,1128,1128,1163,1182,1363,1324,1172,1380,1373,1142,1116,1387,1089,1241,1258,1205,1492,1117,1034,1268,1313,1189,1505,1266,1491,1145,1132,1440,1180,1306,1286,1166,1305,1134,1328,1273,1429,1201,1546,1430,1320,1065,1456,1245,1201,1046,1481,1161,1154,1137,1253,1043,1184,1197,1386,1435,1033,1040,1140,1057,1314,1026,1212,1117,1185,1168,1298,1073,1419
73,56,False,1128,1514,1143,1029,1490,1304,1562,1108,1192,1278,1246,1336,1630,1628,1473,1427,1276,1251,1397,1413,1272,1128,1392,1178,1117,1476,1210,1145,1358,1360,1029,1229,1392,1346,1205,1398,1125,1308,1242,1467,1152,1172,1311,1337,1197,1411,1310,1028,1045,1056,1125,1056,1137,1241,1397,1149,1133,1081,1485,1216,1183,1457,1130,1144,1347,1193,1309,1170,1451,1261,1180,1450,1274,1318,1192,1168,1481
73,56,False,1102,1147,1220,1119,1244,1145,1323,1117,1149,1153,1290,1133,1314,1213,1181,1234,1260,1283,1008,1379,1054,1142,1486,1221,1535,1175,1030,1495,1282,1259,1159,1496,1358,1176,1395,1285,1215,1217,1394,1275,1515,1170,1108,1292,1535,1166,1341,1087,1262,1429,1205,1212,1254,1147,1124,1189,1178,1259,1122,1352,1403,1084,1378,1194,1460,1029,1053,1386,1384,1230,1328,1112,1200,1396,1130,1028,1405
73,56,False,1078,1458,1103,1185,1298,1184,1611,1177,1365,1157,1246,1270,1280,1320,1282,1349,1338,1297,1227,1068,1202,1126,1226,1282,1265,1307,1132,1061,1472,1184,1464,1281,1139,1535,1288,1476,1133,1175,1193,1177,1114,1274,1329,1324,1476,1291,1469,1208,1202,1434,1081,1138,1486,1124,1441,1412,1226,1162,1264,1445,1225,1036,1380,1186,1246,1240,1490,1090,1517,1416,1137,1308,1347,1206,1280,1213,1252
73,56,False,1118,1145,1221,1115,1535,1210,1535,1080,1116,1217,1333,1188,1184,1209,1296,1502,1209,1290,1049,1008,1408,1233,1046,1094,1344,1513,1099,1270,1274,1141,1483,1147,1261,1425,1112,1310,1420,1274,1337,1320,1521,1378,1172,1363,1421,1254,1224,1162,1241,1261,1212,1332,1115,1045,1499,1438,1182,1274,1429,1040,1202,1093,1017,1171,1200,1040,1202,1195,1395,1273,1143,1066,1274,1322,1168,1373,1292
73,56,False,1195,1076,1240,1164,1535,1121,1178,1193,1147,1262,1184,1317,1408,1337,1181,1332,1267,1008,1097,1036,1104,1126,1062,1515,1184,1105,1357,1223,1282,1229,1225,1133,1193,1100,1278,1371,1296,1155,1422,1180,1288,1293,1142,1281,1260,1277,1112,1101,1166,1086,1102,1489,1233,1165,1089,1485,1422,1476,1110,1076,1238,1080,1372,1514,1423,1399,1168,1289,1060,1048,1101,1220,1166,1376,1439,1204,1267
73,56,False,1432,1176,1099,1154,1122,1268,1297,1241,1270,1152,1324,1314,1361,1403,1641,1587,1283,1315,1374,1130,1076,1224,1172,1480,1184,1248,1475,1425,1364,1139,1125,1368,1493,1181,1182,1257,1245,1270,1385,1354,1102,1489,1086,1300,1292,1355,1412,1249,1504,1106,1257,1170,1409,1180,1179,1476,1220,1101,1272,1233,1172,1100,1073,1135,1145,1056,1308,1149,1162,1099,1251,1284,1286,1320,1155,1181,1021
73,56,False,1235,1116,1212,1143,1273,1172,1124,1246,1649,1151,1560,1301,1194,1179,1193,1522,1196,1001,1115,1089,1083,1267,1144,1352,1356,1314,1145,1222,1170,1362,1359,1274,1340,1261,1378,1154,1195,1241,1321,1169,1208,1113,1122,1341,1401,1457,1117,1159,1260,1181,1378,1153,1109,1160,1054,1272,1260,1121,1253,1348,1544,1085,1070,1535,1266,1077,1108,1123,1105,1138,1124,1108,1221,1173,1228,1029,1365
73,56,False,1174,1194,1189,1250,1069,1235,1158,1582,1204,1416,1330,1291,1603,1310,1450,1438,1364,1265,1171,1088,1306,1500,1126,1444,1241,1309,1043,1275,1286,1185,1235,1219,1202,1394,1231,1500,1129,1102,1370,1188,1307,1150,998,1332,1274,1325,1278,1196,1280,1120,1418,1117,1296,1190,1072,1160,1280,1135,1498,1198,1316,1195,1376,1145,1258,1249,1318,1074,1106,1193,1321,1298,1081,1072,1154,1111,1161
73,56,False,1164,1295,1302,1189,1152,1074,1255,1167,1285,1243,1150,1172,1570,1276,1205,1293,1252,1312,1022,1089,1273,1516,1129,1501,1109,1178,1171,1457,1132,1198,1291,1468,1411,1346,1344,1208,1144,1309,1101,1349,1104,1184,1398,1277,1484,1547,1270,1132,1362,1471,1253,1105,1159,1400,1278,1560,1516,1381,1283,1434,1337,1081,1041,1474,1205,1032,1310,1106,1344,1045,1342,1412,1361,1280,1211,1063,1316
73,56,False,1190,1198,1204,1381,1129,1145,1136,1125,1635,1241,1278,1298,1349,1652,1219,1277,1330,955,1377,1112,1121,1141,1313,1173,1425,1493,1154,1326,1104,1485,1471,1325,1158,1244,1152,1211,1424,1427,1128,1434,1514,1408,1195,1226,1184,1195,1312,1093,1234,1488,1360,1154,1208,1158,1389,1294,1229,1457,1443,1187,1118,1283,1507,1416,1089,1469,1320,1401,1435,1272,1189,1066,1264,1334,1032,1082,1227
73,56,False,1178,1152,1214,1475,1182,1117,1309,1311,1245,1128,1238,1202,1286,1260,1181,1235,1259,1022,1437,1065,1321,1499,1174,1105,1462,1315,1072,1221,1264,1207,1372,1205,1150,1337,1054,1246,1097,1292,1534,1203,1549,1208,1049,1308,1117,1441,1273,1273,1265,1210,1275,1155,1087,1373,1209,1259,1155,1395,1140,1233,1144,1332,1110,1269,1175,1112,1229,1115,1205,1360,1229,1068,1371,1162,1232,1116,1075
73,56,False,1153,1202,1251,1171,1080,1258,1198,1171,1144,1215,1540,1185,1354,1403,1198,1352,1386,1245,1071,1096,1294,1496,1497,1226,1301,1177,1056,1290,1170,1530,1557,1092,1377,1422,1117,1337,1280,1269,1258,1130,1235,1484,1413,1216,1107,1428,1562,1077,1184,1186,1099,1152,1300,1194,1306,1116,1330,1153,1209,1443,1201,1200,1265,1310,1149,1272,1264,1292,1180,1210,1201,1208,1300,1330,1253,1294,1028
73,56,False,1442,1115,1477,1224,1092,1262,1175,1239,1193,1582,1208,1177,1212,1219,1266,1535,1301,958,1401,1224,1133,1149,1141,1338,1509,1176,1309,1341,1497,1141,1221,1188,1463,1200,1233,1308,1325,1361,1129,1134,1286,1139,1209,1189,1241,1340,1284,1148,1182,1245,1252,1136,1216,1192,1136,1140,1110,1316,1518,1173,1276,1418,1076,1435,1344,1373,1293,1194,1397,1272,1211,1113,1275,1275,1160,1226,1096
73,56,False,1257,1169,1477,1141,1185,1203,1257,1390,1238,1374,1352,1597,1184,1295,1179,1526,1282,1232,1012,1070,1108,1358,1508,1171,1141,1179,1213,1354,1549,1337,1269,1216,1246,1483,1468,1345,1190,1174,1197,1353,1535,1118,1349,1249,1452,1295,1198,1141,1184,1098,1171,1173,1205,1058,1333,1232,1160,1075,1421,1154,1534,1055,1049,1097,1452,1153,1235,1068,1273,1380,1123,1362,1275,1040,1252,1371,1212
73,56,False,1133,1158,1040,1246,1179,1554,1170,1188,1203,1153,1417,1249,1200,1186,1263,1509,1264,931,1134,1222,1223,1048,1076,1314,1502,1122,1302,1217,1261,1481,1294,1429,1361,1412,1170,1197,1195,1327,1217,1397,1353,1334,1289,1535,1240,1116,1510,1192,1411,1197,1217,1121,1458,1214,1206,1235,1120,1329,1290,1154,1139,1413,1228,1264,1173,1291,1091,1085,1405,1135,1173,1242,1130,1081,1087,1195,1216
73,56,False,1506,1182,1136,1530,1227,1155,1263,1387,1581,1396,1244,1267,1160,1237,1602,1552,1305,1092,1058,1063,1214,1147,1498,1456,1229,1209,1289,1275,1442,1309,1211,1539,1382,1437,1209,1354,1118,1309,1227,1440,1145,1322,1285,1412,1535,1141,1122,1308,1046,1124,1216,1200,1446,1097,1108,1264,1128,1379,1240,1320,1189,1459,1066,1424,1121,1362,1333,1218,1144,1173,1209,1153,1276,1112,1334,1324,1044
73,56,False,1198,1152,1160,1145,1535,1243,1608,1583,1255,1124,1581,1378,1535,1360,1211,1672,1297,909,1037,1474,1214,1234,1467,1078,1535,1221,1075,1450,1404,1211,1409,1210,1247,1142,1294,1358,1238,1472,1305,1320,1486,1514,1113,1216,1274,1348,1400,1062,1198,1309,1146,1151,1314,1116,1238,1152,1136,1227,1197,1445,1196,1514,1213,1213,1427,1137,1286,1197,1458,1513,1134,1397,1450,1066,1252,1110,1182
73,56,False,1171,1462,1220,1206,1240,1621,1183,1573,1206,1520,1248,1169,1171,1624,1244,1512,1340,1062,1401,1232,1104,1243,1387,1395,1188,1468,1358,1355,1207,1522,1172,1339,1341,1368,1449,1376,1192,1196,1112,1222,1410,1261,1077,1270,1147,1163,1324,1330,1457,1072,1042,1403,1098,1256,1241,1330,1198,1145,1249,1489,1489,1436,1067,1352,1080,1308,1110,1172,1328,1424,1219,1501,1195,1410,1156,1109,1219
73,56,False,1504,1116,1202,1139,1059,1213,1528,1118,1140,1156,1521,1256,1282,1594,1172,1542,1297,998,1024,1074,1224,1042,1419,1376,1449,1132,1123,1339,1266,1510,1269,1422,1102,1361,1549,1136,1088,1145,1288,1275,1229,1193,1225,1141,1188,1250,1135,1103,1048,1178,1152,1257,1055,1276,1118,1294,1280,1102,1189,1404,1280,1178,1300,1321,1352,1212,1194,1256,1470,1129,1133,1269,1334,1134,1177,1243,1244
73,56,False,1129,1501,1162,1227,1514,1538,1312,1534,1100,1196,1598,1188,1230,1464,1249,1520,1226,995,938,1210,1090,1282,1187,1309,1171,1507,1263,1298,1391,1461,1226,1057,1238,1264,1145,1520,1405,1354,1248,1253,1408,1278,1438,1298,1444,1276,1483,1386,1289,1125,1427,1422,1205,1206,1130,1178,1348,1289,1221,1254,1124,1104,1386,1299,1236,1353,1486,1141,1300,1032,1234,1136,1173,1195,1104,1043,1266
73,56,False,1535,1152,1227,1401,1355,1217,1267,1170,1308,1235,1259,1384,1153,1352,1243,1546,1294,1275,1118,1194,1452,1112,1227,1414,1218,1488,1337,1502,1393,1100,1248,1470,1256,1264,1178,1154,1305,1416,1426,1227,1120,1404,1154,1202,1386,1262,1148,1062,1430,1365,1129,1454,1488,1074,1058,1186,1309,1018,1206,1507,1608,1219,1065,1320,1077,1061,1510,1045,1172,1204,1157,1165,1266,1040,1273,1312,1265
73,56,False,1184,1082,1247,1148,1233,1581,1604,1517,1253,1257,1121,1132,1192,1170,1280,1219,1224,1157,1092,1219,1324,1302,1569,1176,1358,1297,1261,1293,1550,1202,1299,1278,1141,1292,1442,1333,1187,1072,1482,1337,1051,1121,1310,1506,1247,1261,1390,1456,1033,1045,1070,1194,1045,1194,1178,1201,1535,1408,1200,1459,1254,1339,1091,1482,1330,1186,1203,1158,1261,1284,1212,1084,1449,1390,1139,1192,1148
73,56,False,1054,1206,1126,1193,1384,1548,1291,1220,1042,1515,1486,1619,1160,1304,1188,1526,1282,1256,1037,1094,1102,1052,1531,1394,1124,1211,1253,1418,1179,1265,1373,1193,1384,1428,1395,1420,1245,1490,1219,1305,1277,1476,1280,1139,1173,1182,1308,1152,1382,1412,1064,1156,1110,1098,1249,1147,1581,1269,1455,1320,1245,1189,1208,1182,1277,1108,1194,1172,1227,1158,1066,1366,1311,1212,1441,1205,1275
73,56,False,1152,1203,1139,1220,1232,1233,1232,1109,1184,1227,1198,1188,1288,1206,1211,1298,1349,946,1412,1094,1379,1280,1221,1338,1344,1206,1395,1374,1195,1336,1170,1120,1146,1434,1262,1265,1146,1436,1301,1548,1251,1203,1338,1549,1278,1193,1375,1286,1280,1118,1043,1302,1104,1156,1117,1137,1459,1117,1397,1128,1213,1037,1398,1344,1394,1041,1224,1051,1297,1224,1535,1194,1245,1187,1314,1032,1417
73,56,False,1254,1172,1139,1137,1120,1539,1316,1536,1085,1217,1307,1424,1216,1406,1228,1347,1375,1041,1021,1073,1105,1465,1074,1206,1470,1284,1141,1233,1274,1298,1410,1124,1257,1164,1122,1244,1118,1171,1231,1284,1523,1180,1410,1262,1147,1313,1206,1147,1195,1242,1074,1079,1490,1099,1090,1516,1339,1306,1190,1363,1252,1330,1064,1161,1187,1284,1277,1233,1372,1373,1272,1131,1182,1108,1268,1114,1190
73,56,False,1513,1165,1206,1212,1206,1134,1570,1196,1137,1278,1125,1267,1294,1269,1225,1692,1268,989,1318,1093,1096,1203,1161,1269,1279,1499,1093,1571,1188,1193,1292,1452,1382,1377,1338,1435,1277,1172,1166,1464,1537,1121,1361,1398,1192,1462,1204,1417,1094,1117,1475,1344,1244,1224,1474,1161,1112,1380,1155,1046,1280,1536,1080,1260,1195,1178,1081,1173,1450,1221,1275,1264,1166,1102,1301,1232,1076
73,56,False,1388,1143,1492,1283,1484,1115,1191,1535,1256,1165,1226,1262,1317,1314,1190,1357,1268,882,944,1060,1244,1355,1485,1128,1485,1275,1332,1536,1291,1278,1428,1346,1462,1281,1352,1202,1181,1214,1254,1195,1256,1309,1473,1208,1156,1234,1418,1100,1145,1068,1129,1147,1328,1234,1310,1273,1152,1446,1092,1104,1180,1061,1283,1497,1122,1334,1138,1133,1495,1048,1069,1446,1118,1043,1214,1149,1133
73,56,False,1139,1234,1172,1448,1120,1193,1220,1202,1561,1312,1320,1610,1187,1302,1176,1634,1269,1108,1170,979,1309,1493,1106,1222,1499,1504,1033,1190,1134,1563,1546,1417,1153,1535,1188,1231,1198,1205,1204,1386,1262,1152,1280,1224,1339,1292,1427,1150,1238,1364,1161,1353,1334,1194,1318,1251,1304,1241,1324,1117,1182,1232,1174,1549,1249,1126,1065,1214,1072,1166,1185,1243,1053,1382,1116,1330,1376
73,56,False,1168,1352,1152,1482,1533,1112,1185,1554,1232,1121,1288,1312,1178,1168,1441,1346,1250,1185,1305,1233,1037,1304,1084,1492,1141,1210,1167,1517,1469,1340,1338,1320,1274,1249,1188,1321,1058,1148,1427,1193,1193,1311,1262,1308,1504,1141,1177,1276,1136,1077,1160,1108,1235,1162,1244,1261,1287,1324,1100,1033,1452,1396,1380,1304,1416,1280,1060,1093,1266,1132,1244,1325,1049,1341,1225,1142,1234
73,56,False,1142,1170,1146,1169,1245,1141,1257,1201,1582,1152,1205,1220,1176,1554,1212,1555,1409,1232,1002,1436,1066,1220,1171,1535,1268,1276,1024,1490,1146,1545,1145,1201,1358,1354,1240,1456,1254,1391,1171,1292,1225,1280,1154,1198,1226,1342,1100,1105,1147,1192,1303,1246,1178,1198,1120,1309,1113,1404,1099,1402,1475,1192,1153,1292,1314,1535,1090,1093,1136,1110,1458,1155,1401,1345,1400,1149,1200
73,56,False,1523,1178,1128,1227,1184,1222,1243,1384,1131,1301,1154,1611,1176,1297,1252,1304,1227,1334,1006,1082,1094,1286,1180,1299,1504,1113,1050,1124,1190,1240,1243,1419,1283,1107,1098,1132,1118,1133,1466,1316,1186,1295,1253,1166,1363,1338,1528,1390,1354,1160,1174,1254,1257,1117,1274,1091,1184,1154,1076,1075,1290,1194,1264,1471,1054,1130,1034,1404,1310,1399,1071,1194,1080,1425,1281,1199,1212
73,56,False,1123,1208,1132,1189,1212,1267,1243,1213,1626,1220,1187,1224,1240,1596,1224,1510,1286,1244,1044,1481,1491,1146,1109,1534,1166,1125,1336,1356,1187,1223,1323,1513,1293,1338,1334,1329,1236,1335,1198,1227,1129,1231,1198,1322,1172,1408,1437,1177,1219,1103,1299,1272,1067,1100,1236,1230,1475,1269,1539,1320,1544,1332,1383,1244,1238,1241,1238,1134,1316,1155,1470,1146,1189,1353,1047,1202,1190
73,56,False,1499,1528,1241,1152,1378,1242,1261,1243,1535,1148,1550,1233,1568,1141,1184,1228,1518,1061,1220,1400,1480,1259,1504,1454,1522,1519,1177,1323,1294,1257,1252,1364,1250,1140,1133,1304,1106,1209,1136,1204,1202,1116,1313,1384,1310,1155,1308,1113,1227,1233,1230,1221,1059,1340,1334,1276,1251,1126,1137,1202,1162,1400,1326,1208,1332,1394,1229,1069,1149,1211,1094,1260,1081,1232,1237,1410,1317
73,56,False,1494,1288,1550,1152,1272,1180,1584,1146,1278,1258,1506,1289,1174,1384,1295,1308,1353,1149,1038,1072,1198,1146,1535,1277,1259,1510,1345,1085,1330,1326,1287,1232,1162,1457,1187,1187,1273,1397,1417,1212,1179,1214,1244,1172,1372,1250,1251,1302,1298,1472,1155,1341,1247,1310,1064,1236,1147,1062,1097,1346,1394,1092,1219,1179,1050,1146,1129,1092,1225,1237,1264,1195,1085,1177,1109,1054,1052
73,56,False,1565,1158,1214,1213,1204,1134,1196,1133,1552,1516,1573,1147,1276,1168,1641,1238,1313,1258,1428,1118,1053,1536,1157,1169,1451,1251,1134,1289,1283,1201,1279,1321,1535,1244,1186,1091,1411,1187,1202,1291,1131,1304,1341,1147,1340,1445,1387,1172,1200,1133,1217,1152,1305,1380,1183,1449,1282,1316,1073,1421,1215,1112,1356,1091,1152,1309,1156,1216,1224,1090,1312,1200,1360,1150,1192,1091,1454
73,56,False,1142,1224,1169,1120,1520,1382,1148,1254,1190,1609,1204,1256,1486,1536,1266,1662,1264,1207,1163,1186,1139,1137,1300,1408,1306,1393,1240,1190,1476,1228,1308,1189,1145,1278,1346,1138,1116,1146,1464,1292,1143,1416,1338,1129,1486,1342,1168,1240,1338,1051,1275,1201,1296,1046,1136,1437,1246,1270,1150,1082,1157,1098,1275,1446,1254,1516,1321,1142,1197,1358,1365,1288,1035,1106,1113,1106,1124
73,56,False,1184,1171,1173,1121,1259,1149,1053,1605,1131,1212,1180,1170,1323,1242,1535,1483,1501,1299,1037,1206,1179,1147,1190,1530,1350,1489,1325,1089,1246,1206,1451,1291,1346,1507,1363,1358,1096,1394,1461,1491,1315,1297,1236,1333,1330,1502,1285,1272,1180,1156,1150,1035,1044,1420,1184,1130,1230,1126,1355,1086,1331,1139,1353,1141,1113,1105,1342,1052,1363,1129,1307,1195,1317,1140,1114,1213,1378
73,56,False,1128,1123,1197,1112,1394,1149,1219,1531,1132,1193,1201,1164,1181,1196,1238,1326,1453,991,1240,1100,1483,1252,1270,1285,1139,1133,1088,1380,1286,1509,1237,1179,1121,1283,1172,1374,1400,1438,1358,1571,1409,1257,1272,1283,1263,1304,1489,1302,1034,1067,1115,1169,1270,1097,1396,1252,1305,1380,1152,1297,1529,1327,1182,1262,1187,1377,1128,1088,1243,1107,1118,1434,1246,1104,1326,1304,1181
73,56,False,1501,1179,1469,1060,1221,1122,1152,1540,1244,1589,1534,1597,1314,1306,1226,1506,1254,1278,960,1454,1105,1119,1272,1122,1248,1198,1054,1145,1278,1435,1096,1429,1133,1252,1173,1184,1326,1263,1470,1213,1548,1352,1475,1245,1197,1144,1200,1128,1114,1126,1260,1141,1178,1428,1100,1288,1057,1092,1062,1044,1258,1302,1186,1196,1285,1389,1355,1304,1265,1268,1283,1224,1152,1432,1266,1123,1388
73,56,False,1171,1128,1485,1528,1113,1188,1431,1233,1148,1269,1326,1530,1291,1214,1535,1270,1250,992,1030,1180,1121,1323,1416,1297,1113,1124,1352,1235,1177,1347,1113,1178,1150,1424,1117,1451,1238,1177,1115,1117,1229,1486,1284,1461,1216,1442,1480,1052,1124,1177,1425,1256,1327,1184,1064,1510,1378,1144,1439,1099,1328,1384,1143,1580,1068,1154,1027,1297,1322,1140,1340,1293,1034,1453,1442,1067,1246
73,56,False,1193,1193,1257,1209,1186,1568,1216,1155,1078,1136,1198,1328,1184,1306,1277,1535,1220,947,1194,1117,1234,1478,1342,1217,1481,1163,1200,1490,1137,1436,1333,1520,1520,1152,1198,1484,1473,1297,1169,1289,1500,1403,1240,1443,1308,1112,1122,1393,1289,1449,1154,1373,1216,1417,1158,1452,1125,1524,1062,1291,1391,1216,1073,1436,1173,1124,1410,1028,1206,1203,1379,1192,1286,1357,1259,1349,1070
73,56,False,1168,1142,1083,1203,1123,1561,1402,1211,1246,1622,1282,1162,1267,1678,1462,1564,1445,1028,1203,1433,1235,1501,1232,1117,1483,1545,1087,1234,1133,1322,1156,1285,1280,1235,1277,1224,1119,1231,1222,1329,1136,1425,1409,1202,1560,1273,1438,1334,1104,1480,1138,1314,1056,1326,1089,1471,1170,1140,1061,1177,1435,1251,1432,1417,1372,1341,1217,1128,1137,1309,1056,1126,1204,1188,1401,1216,1283
73,56,False,1204,1193,1232,1231,1223,1104,1232,1122,1620,1596,1232,1570,1185,1378,1472,1532,1253,1005,1170,1081,1454,1107,1348,1113,1161,1513,1365,1430,1341,1288,1195,1226,1493,1392,1217,1180,1281,1486,1306,1453,1179,988,1403,1297,1410,1428,1427,1168,1067,1153,1365,1153,1340,1054,1166,1139,1557,1101,1508,1226,1306,1069,1459,1353,1056,1160,1080,1084,1140,1078,1466,1346,1029,1249,1308,1165,1364
73,56,False,1182,1135,1205,1139,1156,1275,1171,1546,1269,1253,1181,1505,1295,1174,1465,1587,1262,1238,1152,1112,1418,1162,1153,1252,1116,1120,1045,1279,1330,1269,1203,1277,1250,1320,1502,1310,1276,1137,1545,1256,1497,1189,1194,1180,1386,1368,1250,1068,1161,1051,1197,1045,1124,1272,1160,1338,1238,1490,1246,1253,1509,1349,1338,1262,1024,1268,1343,1180,1193,1332,1055,1154,1084,1045,1522,1369,1209
73,56,False,1360,1147,1478,1410,1525,1126,1202,1056,1254,1165,1225,1554,1657,1537,1289,1503,1347,1045,1056,1451,1032,1446,1135,1271,1174,1457,995,1277,1122,1186,1179,1277,1289,1329,1420,1324,1252,1230,1170,1285,1221,1219,1321,1286,1121,1404,1329,1115,1082,1138,1317,1024,1213,1160,1134,1191,1542,1142,1302,1212,1248,1364,1236,1234,1242,1017,1349,1043,1305,1105,1265,1062,1361,1213,1187,1077,1084
73,56,False,1214,1482,1144,1180,1228,1187,1056,1221,1178,1193,1220,1280,1292,1669,1276,1574,1304,1306,1196,1462,1109,1294,1160,1179,1171,1457,1026,1314,1318,1214,1321,1328,1509,1488,1349,1119,1243,1172,1382,1336,1472,1193,1411,1305,1252,1230,1245,1193,1419,1322,1099,1197,1400,1398,1329,1073,1483,1320,1333,1049,1273,1259,1083,1485,1220,1091,1240,1187,1382,1075,1184,1243,1412,1188,1116,1284,1270
73,56,False,1118,1100,1137,1514,1193,1307,1243,1137,1197,1281,1344,1269,1184,1400,1420,1537,1246,1219,1006,1270,1442,1137,1462,1281,1080,1280,1051,1470,1182,1179,1486,1284,1235,1566,1476,1136,1088,1276,1220,1327,1129,1283,1272,1225,1273,1280,1123,1056,1187,1512,1293,1401,1085,1075,1098,1334,1267,1312,1209,1525,1161,1356,1109,1465,1093,1401,1252,1134,1165,1318,1392,1276,1457,1268,1117,1108,1234
73,56,False,1203,1088,1240,1100,1177,1189,1213,1253,1174,1168,1239,1171,1535,1210,1457,1540,1416,1047,980,1445,1237,1352,1295,1217,1298,1216,1213,1210,1320,1206,1205,1307,1384,1477,1237,1283,1337,1459,1101,1208,1282,1381,1073,1193,1304,1378,1198,1285,1377,1092,1284,1466,1367,1176,1206,1161,1212,1250,1089,1347,1099,1370,1165,1570,1429,1233,1464,1289,1385,1388,1197,1120,1087,1253,1213,1179,1452
73,56,False,1074,1523,1068,1176,1413,1205,1080,1214,1249,1263,1241,1202,1545,1203,1202,1323,1350,1256,1049,1234,1468,1298,1154,1205,1104,1082,1065,1278,1054,1558,1237,1150,1418,1166,1413,1121,1369,1243,1234,1227,1260,1306,1163,1244,1126,1102,1315,1406,1354,1198,1294,1353,1120,1242,1078,1357,1296,1211,1061,1277,1412,1060,1320,1316,1245,1052,1134,1038,1224,1288,1483,1121,1129,1202,1212,1034,1193
73,56,False,1158,1321,1217,1121,1081,1115,1196,1313,1172,1633,1244,1617,1165,1174,1467,1316,1163,1316,1044,1074,1112,1470,1321,1412,1089,1212,1472,1256,1366,1203,1168,1472,1177,1164,1384,1260,1069,1244,1358,1353,1206,1199,1326,1249,1496,1161,1274,1227,1238,1157,1418,1098,1068,1448,1061,1180,1286,1153,1205,1246,1301,1146,1139,1436,1121,1378,1102,1408,1091,1257,1497,1053,1081,1195,1333,1218,1369
73,56,False,1148,1154,1203,1065,1086,1168,1105,1234,1274,1306,1234,1150,1526,1205,1188,1232,1299,1318,1013,1236,1165,1252,1048,1100,1099,1194,1114,1283,1528,1278,1114,1346,1156,1497,1180,1418,1220,1420,1304,1341,1411,1500,1430,1293,1412,1198,1415,1080,1339,1189,1297,1152,1101,1165,1046,1462,1307,1251,1055,1029,1332,1259,1299,1094,1293,1154,1362,1154,1112,1131,1309,1062,1170,1050,1276,1412,1100
73,56,False,1148,1248,1205,1264,1136,1198,1107,1242,1138,1219,1261,1332,1245,1196,1561,1301,1248,1000,1049,1433,1093,1228,1160,1264,1121,1106,1348,1454,1456,1259,1224,1449,1329,1300,1390,1308,1126,1197,1474,1372,1192,1179,1390,1134,1163,1267,1143,1277,1225,1299,1246,1414,1282,1138,1366,1314,1238,1275,1421,1490,1285,1314,1185,1355,1300,1242,1164,1102,1131,1119,1060,1273,1182,1233,1227,1297,1073
73,56,False,1196,1215,1264,1259,1141,1267,1177,1117,1141,1153,1209,1152,1519,1202,1608,1214,1243,989,1225,1251,1029,1221,1547,1250,1378,1226,1137,1267,1148,1268,1437,1401,1197,1520,1109,1273,1205,1344,1230,1152,1117,1166,1078,1186,1498,1147,1232,1102,1140,1176,1302,1446,1134,1238,1498,1187,1273,1169,1424,1466,1201,1441,1270,1568,1349,1341,1377,1277,1246,1214,1096,1276,1245,1248,1215,1108,1093
73,56,False,1118,1482,1534,1143,1228,1154,1313,1178,1250,1231,1635,1290,1338,1402,1218,1252,1258,1044,1380,1069,1176,1125,1542,1318,1362,1354,1199,1258,1268,1252,1136,1164,1332,1204,1054,1496,1171,1136,1219,1510,1198,1379,1333,1231,1303,1118,1290,1307,1089,1050,1148,1107,1104,1060,1060,1084,1173,1084,1076,1380,1214,1193,1202,1578,1113,1038,1270,1206,1217,1266,1472,1337,1174,1249,1301,1070,1215
73,56,False,1154,1234,1495,1119,1246,1130,1521,1333,1276,1177,1578,1161,1171,1166,1492,1232,1445,1276,1358,1261,1100,1535,1161,1314,1178,1450,1458,1339,1348,1322,1339,1323,1404,1173,1506,1155,1090,1230,1508,1093,1128,1571,1365,1252,1418,1124,1340,1370,1129,1144,1069,1274,1296,1491,1164,1441,1218,1137,1133,1248,1220,1165,1168,1188,1138,1106,1229,1221,1116,1110,1116,1363,1228,1280,1168,1438,1028
73,56,False,1154,1232,1123,1131,1535,1194,1141,1592,1240,1115,1214,1586,1264,1390,1282,1547,1454,1164,1430,1083,1232,1535,1533,1278,1136,1489,1018,1281,1523,1275,1139,1323,1414,1133,1197,1125,1008,1242,1134,1125,1530,1173,1464,1184,1304,1152,1131,1326,1166,1129,1292,1169,1059,1171,1265,1571,1136,1394,1492,1518,1320,1225,1297,1149,1504,1058,1151,1152,1212,1420,1280,1436,1189,1208,1080,1062,1296
73,56,False,1042,1150,1230,1314,1517,1243,1171,1535,1253,1258,1266,1644,1192,1365,1260,1556,1252,1068,1094,1078,1261,1260,1140,1115,1145,1472,1514,1185,1274,1399,1215,1405,1187,1368,1123,1250,1205,1310,1357,1410,1511,1130,1084,1496,1326,1222,1243,1265,1275,1334,1097,1242,1107,1064,1265,1211,1234,1059,1049,1398,1121,1162,1146,1414,1112,1060,1096,1353,1108,1358,1274,1134,1240,1016,1156,1144,1454
73,56,False,1155,1354,1205,1078,1222,1582,1072,1043,1542,1217,1156,1604,1627,1714,1299,1622,1263,1360,1164,1223,1038,1088,1320,1456,1152,1309,1074,1204,1438,1221,1194,1304,1383,1214,1340,1478,1308,1310,1222,1229,1215,1264,1427,1275,1201,1228,1154,1257,1409,1472,1221,1280,1221,1460,1336,1133,1101,1400,1481,1158,1129,1308,1328,1276,1219,1447,1274,1033,1417,1170,1524,1062,1280,1125,1275,1106,1174
73,56,False,1075,1197,1203,1214,1281,1113,1219,1177,1577,1154,1226,1275,1238,1179,1325,1228,1604,1304,980,1152,1328,1454,1125,1514,1310,1099,1060,1279,1520,1419,1355,1182,1310,1155,1286,1123,1073,1393,1229,1225,1427,1226,1318,1232,1394,1208,1364,1410,1099,1288,1047,1316,1241,1483,1225,1238,1123,1117,1394,1339,1230,1197,1192,1305,1400,1266,1233,1083,1211,1056,1278,1228,1249,1345,1363,1189,1103
73,56,False,1214,1469,1053,1124,1140,1168,1132,1158,1170,1140,1531,1206,1320,1659,1442,1230,1317,1257,1428,1075,1516,1298,1354,1313,1529,1155,1095,1192,1285,1242,1464,1180,1168,1130,1198,1328,1410,1536,1208,1116,1564,1136,1480,1253,1343,1255,1324,1034,1113,1339,1030,1051,1175,1298,1461,1418,1205,1175,1469,1284,1246,1064,1278,1115,1233,1256,1229,1428,1124,1262,1405,1342,1176,1145,1163,1018,1244
75,56,False,1162,1076,1505,1516,1122,1222,1102,1337,1558,1155,1205,1236,1194,1213,1203,1568,1297,1069,1428,1278,1112,1288,1449,1368,1179,1321,1181,1395,1116,1379,1134,1123,1126,1174,1232,1150,1391,1144,1374,1390,1408,1292,1492,1137,1328,1304,1483,1241,1064,1410,1075,1055,1125,1340,1152,1166,1145,1440,1324,1268,1328,1333,1422,1226,1233,1459,1148,1224,1185,1385,1312,1196,1178,1304,1285,1115,1455
75,56,False,1150,1211,1128,1192,1505,1520,1296,1218,1221,1267,1267,1265,1579,1171,1580,1280,1549,1018,1386,1469,1444,1130,1307,1430,1180,1167,1372,1540,1161,1229,1234,1301,1249,1121,1085,1563,1184,1227,1147,1109,1331,1394,1144,1192,1266,1442,1245,1228,1053,1105,1193,1219,1490,1221,1037,1150,1171,1320,1216,1157,1216,1368,1049,1277,1084,1050,1224,1346,1074,1085,1184,1330,1204,1464,1364,1042,1204
75,56,False,1088,1124,1240,1126,1181,1034,1241,1173,1136,1147,1233,1604,1201,1386,1234,1430,1488,1382,1403,1066,1512,1118,1166,1157,1437,1253,1270,1160,1104,1331,1241,1363,1440,1305,1451,1472,1129,1412,1380,1438,1409,1268,1158,1292,1368,1374,1260,1216,1184,1243,1181,1061,1160,1376,1091,1611,1172,1063,1171,1220,1453,1177,1140,1447,1156,1133,1293,1313,1224,1400,1174,1427,1079,1098,1136,1246,1200
75,56,False,1084,1190,1097,1274,1545,1281,1570,1121,1234,1112,1270,1310,1179,1219,1217,1541,1286,1196,1394,1438,1477,1268,1170,1314,1256,1314,1128,1458,1496,1454,1314,1205,1178,1264,1138,1152,1252,1365,1165,1156,1212,1199,1257,1134,1496,1129,1449,1397,1416,1448,1049,1404,1161,1144,1084,1270,1226,1053,1154,1386,1130,1517,1459,1130,1102,1264,1256,1085,1238,1416,1221,1202,1448,1187,1061,1161,1398
75,56,False,1144,1237,1142,1164,1238,1194,1144,1277,1152,1136,1290,1148,1235,1701,1281,1227,1288,1310,1372,1067,1321,1520,1070,1278,1217,1267,1072,1445,1459,1485,1439,1270,1102,1329,1491,1154,1204,1331,1139,1094,1321,1215,1173,1348,1308,1302,1375,1418,1134,1161,1283,1202,1100,1082,1050,1135,1161,1101,1465,1068,1224,1163,1113,1166,1522,1112,1184,1371,1271,1161,1168,1394,1185,1336,1173,1242,1266
75,56,False,1178,1218,1184,1154,1268,1188,1145,1168,1189,1551,1267,1292,1210,1364,1270,1627,1313,1016,1225,1097,1100,1086,1146,1270,1292,1252,1289,1297,1535,1257,1244,1201,1375,1099,1235,1155,1500,1122,1364,1542,1400,1101,1361,1466,1222,1304,1344,1188,1140,1202,1219,1286,1150,1197,1107,1250,1278,1073,1325,1056,1581,1382,1300,1186,1419,1444,1200,1294,1180,1344,1188,1276,1285,1256,1064,1182,1243
75,56,False,1486,1230,1162,1042,1233,1205,1198,1284,1089,1248,1188,1288,1142,1203,1264,1282,1254,1346,1029,1092,1471,1099,1197,1211,1117,1241,1132,1241,1282,1506,1228,1084,1212,1259,1552,1535,1078,1179,1519,1368,1200,1156,1280,1133,1133,1456,1140,1075,1094,1092,1297,1216,1293,1221,1160,1309,1220,1123,1298,1140,1368,1344,1075,1164,1273,1381,1172,1473,1165,1029,1251,1131,1367,1089,1480,1264,1108
75,56,False,1041,1108,1209,1141,1296,1150,1164,1168,1109,1474,1250,1333,1163,1174,1185,1324,1539,1168,1021,1393,1266,1068,1109,1329,1446,1124,1518,1377,1106,1158,1514,1160,1129,1413,1507,1111,1240,1205,1294,1277,1364,1443,1406,1136,1246,1478,1160,1386,1197,1300,1114,1330,1056,1261,1211,1218,1277,1170,1300,1446,1325,1173,1269,1241,1494,1071,1178,1065,1121,1073,1180,1043,1381,1428,1186,1220,1069
75,56,False,1051,1177,1092,1178,1202,1192,1193,1118,1218,1153,1582,1585,1337,1225,1590,1238,1407,1312,997,1058,1233,1472,1070,1087,1491,1468,1055,1172,1252,1179,1302,1220,1223,1538,1505,1218,1286,1075,1171,1153,1273,1450,1100,1245,1241,1189,1125,1289,1347,1172,1056,1458,1206,1488,1090,1211,1275,1226,1395,1240,1290,1196,1142,1172,1050,1165,1293,1275,1374,1164,1317,1243,1101,1121,1378,1069,1209
75,56,False,1132,1133,1142,1149,1200,1145,1257,1114,1245,1246,1261,1238,1136,1360,1304,1256,1282,1156,1181,1403,1162,1123,1150,1309,1453,1418,1105,1124,1192,1195,1195,1306,1213,1494,1134,1495,1218,1384,1310,1405,1253,1198,1093,1189,1536,1240,1282,1328,1054,1086,1145,1481,1051,1139,1068,1468,1292,1254,1330,1191,1297,1264,1269,1392,1491,1242,1173,1346,1285,1465,1337,1465,1173,1344,1172,1446,1121
75,56,False,1236,1504,1081,1089,1476,1233,1150,1379,1261,1352,1626,1170,1409,1246,1627,1244,1248,974,934,1428,1290,1424,1156,1157,1195,1520,1394,1230,1434,1243,1195,1473,1408,1292,1035,1206,1302,1310,1370,1274,1131,1227,1069,1365,1238,1161,1225,1220,1057,1476,1314,1287,1345,1250,1085,1258,1300,1403,1240,1067,1371,1061,1229,1165,1096,1240,1477,1113,1148,1472,1179,1125,1217,1237,1217,1126,1352
75,56,False,1113,1098,1484,1146,1243,1222,1227,1238,1213,1141,1309,1524,1189,1396,1676,1528,1310,1007,1377,1069,1019,1276,1069,1171,1253,1469,1282,1535,1149,1162,1157,1163,1508,1394,1088,1283,1271,1332,1119,1082,1293,1152,1147,1221,1276,1266,1192,1155,1340,1345,1526,1125,1242,1236,1059,1491,1105,1226,1270,1190,1515,1343,1233,1382,1488,1221,1282,1301,1354,1078,1396,1450,1162,1178,1252,1227,1421
75,56,False,1145,1152,1221,1214,1571,1228,1038,1149,1184,1193,1139,1260,1621,1213,1200,1231,1259,1091,979,1234,1475,1353,1146,1171,1144,1211,1021,1214,1180,1443,1246,1153,1481,1461,1226,1182,1489,1239,1588,1436,1142,1475,1360,1386,1409,1132,1312,1106,1154,1192,1109,1302,1290,1111,1163,1129,1205,1428,1348,1155,1306,1219,1216,1332,1460,1197,1065,1093,1234,1153,1091,1154,1476,1121,1188,1453,1150
75,56,False,1158,1170,1135,1384,1198,1533,1181,1169,1141,1193,1255,1156,1553,1212,1563,1505,1251,1330,1194,1088,1213,1232,1269,1099,1209,1240,1289,1186,1434,1379,1275,1156,1241,1483,1298,1137,1072,1228,1272,1185,1212,1116,1204,1126,1110,1262,1213,1169,1187,1470,1182,1442,1053,1187,1227,1233,1170,1238,1260,1455,1457,1198,1352,1173,1136,1166,1113,1208,1125,1018,1356,1045,1274,1221,1487,1170,1401
75,56,False,1101,1528,1210,1148,1208,1154,1129,1171,1236,1570,1222,1314,1201,1570,1171,1286,1282,1040,1040,1079,1139,1112,1168,1472,1123,1265,1225,1476,1110,1334,1247,1461,1128,1480,1340,1489,1181,1345,1268,1194,1537,1397,1203,1382,1209,1234,1370,1218,1083,1091,1071,1352,1192,1153,1267,1187,1595,1200,1198,1323,1316,1131,1256,1180,1257,1265,1476,1266,1099,1213,1189,1194,1216,1153,1202,1217,1171
75,56,False,1217,1161,1158,1244,1134,1114,1135,1268,1631,1232,1155,1369,1330,1152,1180,1208,1342,938,1399,1164,1461,1193,1060,1488,1137,1168,1290,1222,1480,1373,1148,1535,1197,1125,1211,1372,1515,1270,1165,1451,1309,1298,1221,1215,1305,1331,1302,1146,1068,1294,1411,1218,1176,1070,1478,1367,1390,1121,1116,1316,1276,1380,1205,1430,1251,1171,1166,1074,1171,1376,1050,1117,1320,1268,1240,1331,1308
75,56,False,1478,1204,1098,1210,1502,1094,1184,1258,1181,1038,1306,1297,1162,1603,1263,1333,1291,986,1106,1088,1305,1099,1280,1418,1164,1114,1365,1455,1348,1180,1232,1144,1190,1289,1237,1497,1185,1282,1385,1258,1404,1108,1203,1192,1248,1130,1426,1082,1043,1138,1130,1298,1189,1231,1475,1137,1123,1338,1203,1414,1268,1310,1386,1531,1405,1290,1386,1196,1217,1374,1256,1124,1226,1113,1322,1314,1164
75,56,False,1136,1204,1128,1222,1232,1228,1221,1134,1228,1205,1192,1206,1290,1406,1262,1224,1359,1243,1034,1071,1027,1128,1503,1178,1115,1120,1465,1120,1205,1140,1265,1114,1142,1406,1114,1299,1344,1331,1217,1122,1424,1235,1218,1202,1497,1192,1528,1109,1168,1400,1242,1178,1194,1169,1218,1510,1125,1165,1056,1284,1272,1060,1148,1357,1230,1192,1088,1070,1179,1049,1256,1150,1380,1065,1141,1167,1245
75,56,False,1169,1500,1200,1095,1230,1295,1604,1570,1285,1187,1591,1281,1219,1284,1368,1579,1300,1265,1033,1419,1241,1201,1467,1118,1210,1278,1114,1124,1204,1282,1241,1219,1126,1241,1244,1288,1281,1329,1292,1433,1310,1168,1194,1302,1297,1202,1154,1060,1157,1218,1370,1157,1097,1117,1217,1146,1273,1501,1146,1444,1358,1107,1315,1188,1053,1114,1249,1126,1373,1243,1482,1154,1372,1245,1148,1229,1222
75,56,False,1092,1184,1124,1309,1248,1377,1082,1322,1604,1641,1225,1385,1611,1652,1344,1248,1333,991,1013,1063,1140,1204,1128,1452,1196,1107,1331,1304,1195,1457,1154,1318,1172,1214,1349,1179,1334,1377,1177,1360,1229,1330,1222,1297,1386,1324,1366,1059,1369,1318,1091,1486,1357,1184,1131,1452,1270,1190,1274,1299,1355,1094,1077,1286,1269,1311,1186,1152,1074,1069,1215,1458,1173,1152,1386,1344,1202
75,56,False,1116,1103,1167,1259,1169,1438,1245,1108,1232,1606,1653,1584,1288,1186,1460,1660,1535,969,1388,1053,1139,1173,1454,1124,1228,1535,1434,1285,1265,1141,1469,1136,1312,1412,1258,1340,1160,1233,1462,1082,1164,1176,1467,1535,1133,1165,1478,1155,1435,1126,1178,1088,1070,1170,1130,1451,1126,1448,1216,1492,1099,1252,1049,1344,1082,1130,1285,1430,1237,1124,1236,1214,1144,1290,1193,1029,1154
75,56,False,1240,1152,1237,1144,1520,1168,1229,1246,1191,1135,1296,1321,1244,1406,1585,1460,1276,1235,940,1052,1053,1233,1176,1292,1470,1456,1038,1301,1188,1227,1478,1340,1187,1204,1186,1211,1117,1202,1145,1249,1210,1101,1171,1228,1141,1494,1421,1051,1283,1047,1454,1289,1178,1472,1030,1324,1169,1138,1206,1242,1548,1232,1056,1227,1246,1346,1405,1146,1198,1184,1173,1456,1157,1060,1126,1254,1397
75,56,False,1506,1210,1165,1197,1251,1137,1236,1058,1195,1248,1257,1206,1348,1240,1656,1486,1226,1113,1094,1080,1258,1332,1284,1138,1186,1184,1336,1336,1291,1508,1222,1456,1491,1278,1411,1358,1200,1296,1405,1422,1197,1177,1473,1208,1205,1238,1302,1459,1316,1209,1130,1217,1257,1158,1088,1197,1453,1133,1035,1184,1198,1118,1430,1257,1062,1150,1219,1181,1434,1102,1070,1349,1176,1123,1314,1403,1203
75,56,True,1504,1153,1058,1229,1532,1146,1158,1126,1323,1157,1590,1310,1350,1684,1193,1375,1250,1317,1026,1083,1357,1347,1139,1304,1136,1452,1403,1276,1278,1132,1558,1363,1130,1157,1178,1301,1142,1152,1336,1130,1323,1268,1124,1290,1423,1361,1096,1132,1315,1365,1090,1170,1370,1252,1232,1315,1248,1435,1240,1386,1205,1188,1190,1149,1249,1110,1412,1337,1278,1067,1110,1209,1428,1258,1201,1290,1214
75,56,True,1059,1147,1259,1178,1097,1142,1202,1224,1210,1156,1289,1146,1380,1412,1161,1316,1430,1084,1284,1079,1459,1201,1266,1450,1153,1484,1129,1250,1457,1533,1353,1535,1263,1374,1233,1114,1084,1223,1360,1412,1395,1348,1315,1440,1272,1089,1242,1222,1381,1115,1180,1167,1198,1281,1192,1209,1126,1110,1325,1368,1288,1046,1148,1233,1390,1389,1203,1393,1144,1508,1208,1460,1076,1282,1477,1267,1161
75,56,True,1161,1211,1165,1115,1157,1170,1250,1125,1141,1212,1158,1319,1266,1358,1166,1349,1233,1313,1380,1466,1301,1149,1243,1270,1222,1362,1126,1186,1174,1245,1460,1149,1314,1165,1251,1289,1074,1336,1265,1544,1381,1226,1102,1205,1354,1364,1323,1089,1204,1369,1177,1293,1229,1184,1198,1200,1216,1048,1394,1044,1535,1185,1396,1209,1152,1218,1158,1062,1126,1204,1233,1232,1236,1217,1184,1160,1024
75,56,True,1135,1153,1258,1143,1457,1259,1252,1167,1152,1298,1294,1158,1586,1283,1270,1395,1508,1086,1232,1420,1315,1272,1153,1328,1513,1196,1100,1484,1437,1425,1137,1213,1114,1377,1077,1340,1261,1360,1273,1237,1213,1169,1257,1316,1360,1450,1284,1491,1152,1123,1437,1361,1375,1125,1234,1227,1164,1245,1314,1164,1192,1200,1112,1265,1422,1193,1230,1153,1535,1137,1370,1336,1409,1194,1416,1099,1182
75,56,True,1157,1124,1477,1233,1145,1535,1535,1147,1364,1265,1208,1178,1364,1249,1280,1310,1301,1197,1022,1228,1518,1397,1521,1320,1197,1248,1322,1242,1087,1202,1354,1250,1207,1270,1358,1339,1192,1155,1109,1147,1188,1188,1131,1261,1144,1325,1283,1390,1176,1341,1248,1182,1473,1117,1219,1242,1169,1208,1469,1196,1390,1326,1289,1326,1137,1052,1169,1161,1124,1243,1117,1197,1201,1050,1101,1291,1203
75,56,True,1061,1180,1140,1443,1232,1206,1160,1542,1184,1246,1187,1587,1177,1334,1656,1686,1610,1028,1264,1291,1273,1144,1136,1115,1184,1212,1119,1182,1490,1269,1165,1118,1423,1432,1392,1174,1153,1137,1360,1160,1206,1285,1102,1173,1145,1382,1244,1386,1112,1444,1229,1042,1147,1286,1109,1196,1182,1313,1142,1241,1197,1244,1110,1322,1068,1128,1229,1104,1424,1070,1222,1373,1246,1153,1108,1468,1148
75,56,True,1142,1205,1043,1324,1227,1162,1370,1224,1261,1644,1176,1640,1266,1282,1257,1672,1433,1203,1445,1074,1155,1527,1531,1188,1100,1468,1334,1136,1406,1535,1288,1259,1403,1196,1117,1242,1047,1136,1173,1440,1220,1508,1282,1170,1346,1403,1326,1337,1229,1251,1088,1233,1320,1227,1264,1443,1389,1106,1398,1145,1365,1044,1120,1300,1093,1066,1286,1403,1272,1190,1210,1046,1307,1144,1274,1250,1368
75,56,True,1171,1070,1233,1229,1221,1315,1036,1299,1145,1282,1248,1267,1275,1337,1228,1313,1246,886,1233,1055,1264,1373,1509,1121,1481,1185,1077,1314,1409,1131,1535,1425,1275,1233,1485,1254,1210,1197,1524,1117,1301,1348,1424,1493,1419,1138,1192,1373,1257,1108,1091,1233,1166,1352,1286,1253,1314,1285,1056,1323,1385,1203,1371,1243,1264,1387,1277,1193,1480,1291,1109,1468,1128,1448,1318,1246,1165
75,56,True,1147,1216,1240,1404,1222,1194,1106,1245,1172,1142,1133,1286,1470,1316,1393,1346,1454,1257,1248,1496,1112,1250,1236,1453,1166,1145,1291,1389,1146,1439,1548,1292,1259,1150,1161,1363,1115,1220,1260,1278,1416,1262,1392,1270,1181,1508,1255,1169,1128,1385,1121,1176,1077,1038,1266,1067,1454,1174,1535,1305,1161,1329,1178,1281,1220,1176,1064,1077,1240,1333,1307,1184,1219,1371,1054,1065,1466
75,56,True,1172,1197,1179,1437,1213,1118,1192,1275,1587,1200,1286,1259,1270,1165,1216,1339,1416,990,1132,1259,1140,1148,1446,1201,1194,1252,1289,1227,1261,1237,1417,1291,1269,1158,1230,1357,1075,1452,1385,1152,1382,1225,1091,1157,1315,1156,1229,1232,1170,1178,1162,1238,1044,1301,1056,1268,1446,1228,1241,1056,1465,1135,1301,1206,1174,1198,1213,1113,1241,1269,1341,1234,1147,1208,1305,1072,1305
75,56,True,1137,1148,1188,1526,1190,1160,1324,1080,1150,1186,1148,1538,1174,1580,1194,1544,1183,1014,1141,1090,1320,1154,1554,1242,1434,1238,1053,1270,1182,1535,1120,1347,1398,1177,1461,1355,1177,1472,1388,1232,1533,1215,1441,1436,1424,1254,1327,1184,1478,1083,1386,1444,1457,1306,1251,1179,1147,1247,1316,1267,1500,1385,1197,1531,1340,1158,1160,1270,1213,1107,1326,1144,1225,1130,1189,1388,1113
75,56,True,1535,1136,1152,1142,1179,1225,1168,1574,1577,1684,1146,1252,1191,1657,1297,1512,1613,1305,1215,1408,1064,1230,1515,1571,1246,1136,1201,1236,1606,1467,1434,1504,1465,1445,1265,1261,1227,1419,1523,1302,1524,1435,1113,1282,1226,1304,1250,1153,1344,1251,1461,1472,1044,1219,1269,1323,1145,1452,1107,1366,1458,1307,1274,1458,1241,1237,1257,1081,1444,1139,1401,1113,1285,1432,1320,1242,1202
75,56,True,1298,1107,1213,1176,1185,1134,1330,1300,1122,1147,1149,1232,1639,1281,1202,1469,1289,1117,1055,1084,1018,1480,1136,1112,1109,1197,1080,1513,1160,1248,1276,1366,1305,1284,1182,1228,1209,1323,1236,1149,1377,1152,1402,1237,1321,1289,1360,1181,1289,1274,1088,1204,1213,1200,1436,1364,1384,1253,1110,1144,1281,1394,1300,1440,1252,1237,1339,1113,1116,1222,1115,1180,1339,1142,1186,1320,1201
75,56,True,1172,1263,1211,1132,1208,1234,1294,1251,1195,1302,1248,1244,1334,1350,1470,1360,1450,1042,1012,1401,1145,1078,1251,1144,1525,1266,1285,1208,1469,1148,1494,1340,1514,1158,1128,1244,1035,1230,1190,1365,1474,1305,1075,1251,1140,1402,1152,1099,1041,1315,1233,1166,1108,1094,1214,1106,1256,1205,1187,1260,1397,1368,1101,1064,1014,1430,1336,1224,1166,1378,1442,1468,1272,1472,1288,1301,1124
75,56,True,1192,1137,1254,1146,1121,1149,1198,1163,1185,1140,1458,1187,1281,1575,1569,1356,1256,1300,1228,1452,1341,1114,1470,1132,1152,1107,1430,1291,1573,1285,1158,1435,1336,1237,1250,1358,1329,1345,1252,1212,1217,1146,1129,1208,1229,1368,1119,1492,1475,1172,1084,1189,1175,1124,1116,1111,1080,1045,1448,1088,1409,1126,1204,1357,1043,1165,1214,1172,1281,1256,1363,1162,1201,1211,1185,1284,1240
75,56,True,1136,1118,1514,1206,1310,1147,1147,1248,1267,1150,1294,1312,1197,1286,1502,1345,1283,902,1375,1269,1270,1180,1088,1521,1109,1305,1110,1156,1341,1155,1371,1152,1457,1149,1259,1153,1168,1280,1317,1190,1400,1519,1258,1361,1213,1216,1444,1263,1059,1264,1386,1058,1217,1254,1360,1261,1343,1388,1290,1400,1340,1030,1241,1131,1116,1053,1317,1187,1221,1310,1250,1105,1354,1133,1180,1194,1323
75,56,True,1502,1535,1146,1364,1138,1238,1141,1187,1209,1157,1142,1252,1134,1336,1426,1559,1249,1274,1048,1442,1202,1107,1138,1167,1352,1252,1316,1320,1252,1372,1270,1217,1324,1205,1136,1226,1237,1317,1208,1535,1225,1164,1395,1238,1314,1202,1125,1154,1160,1425,1468,1096,1403,1119,1100,1466,1388,1410,1479,1183,1231,1033,1157,1206,1080,1144,1072,1201,1203,1193,1310,1247,1333,1223,1242,1108,1235
75,56,True,1208,1289,1240,1211,1178,1501,1195,1187,1158,1172,1249,1569,1304,1385,1282,1556,1264,1349,1424,1164,1210,1011,1376,1136,1104,1124,1214,1485,1139,1463,1274,1585,1475,1152,1186,1146,1422,1333,1152,1319,1193,1288,1236,1443,1245,1296,1442,1247,1064,1420,1188,1300,1164,1253,1053,1218,1382,1496,1206,1246,1302,1043,1200,1394,1176,1240,1150,1366,1174,1177,1149,1118,1356,1228,1412,1049,1122
75,56,True,1469,1150,1171,1222,1193,1235,1329,1145,1347,1264,1198,1152,1264,1285,1445,1227,1536,1021,1212,1182,1109,1144,1317,1228,1150,1308,1405,1537,1306,1278,1468,1336,1423,1122,1417,1218,1221,1419,1267,1275,1364,1478,1203,1209,1278,1517,1274,1185,1150,1184,1131,1061,1337,1231,1024,1388,1386,1296,1153,1236,1401,1078,1389,1302,1186,1238,1164,1086,1247,1138,1194,1380,1439,1385,1202,1158,1252
75,56,True,1169,1212,1133,1116,1243,1163,1129,1126,1195,1258,1150,1325,1204,1454,1457,1219,1577,1260,1013,1506,1094,1068,1072,1166,1362,1136,1061,1380,1374,1289,1289,1393,1203,1357,1260,1244,1321,1473,1144,1395,1312,1313,1044,1478,1347,1217,1169,1203,1134,1240,1243,1214,1342,1211,1216,1393,1035,1101,1340,1100,1324,1408,1211,1265,1269,1083,1381,1052,1282,1193,1340,1088,1188,1252,1288,1184,1333
75,56,True,1140,1458,1306,1188,1182,1128,1225,1123,1177,1230,1211,1182,1514,1220,1164,1530,1246,1015,1444,1067,1328,1368,1233,1122,1169,1130,1254,1149,1331,1373,1468,1533,1252,1492,1147,1108,1336,1253,1497,1472,1236,1270,1219,1414,1389,1184,1474,1164,1074,1168,1140,1241,1201,1274,1109,1512,1435,1135,1275,1365,1441,1056,1220,1257,1523,1112,1408,1446,1219,1332,1084,1398,1354,1188,1309,1229,1203
75,56,True,1178,1176,1222,1169,1237,1145,1249,1579,1131,1299,1577,1252,1188,1388,1428,1528,1512,883,1368,1089,1226,1104,1164,1195,1152,1246,1222,1313,1273,1466,1244,1227,1378,1417,1227,1353,1408,1294,1449,1169,1320,1193,1344,1442,1432,1317,1172,1124,1354,1059,1227,1114,1329,1138,1377,1244,1200,1184,1367,1269,1347,1083,1208,1226,1310,1322,1213,1139,1098,1198,1186,1205,1208,1203,1177,1258,1380
75,56,True,1181,1200,1125,1352,1177,1218,1271,1282,1250,1134,1428,1232,1462,1195,1439,1366,1307,1038,978,1110,1514,1537,1497,1156,1273,1240,1479,1572,1129,1196,1120,1453,1259,1379,1165,1237,1085,1361,1346,1119,1156,1286,1220,1235,1304,1326,1179,1086,1055,1336,1356,1269,1381,1094,1070,1222,1274,1302,1115,1036,1475,1138,1302,1356,1368,1350,1060,1122,1160,1243,1202,1321,1224,1138,1083,1321,1329
75,56,True,1162,1179,1540,1211,1212,1222,1540,1157,1384,1168,1507,1242,1179,1186,1449,1332,1238,1158,1442,1168,1047,1370,1118,1547,1102,1483,1132,1154,1185,1308,1228,1344,1242,1117,1204,1148,1282,1131,1137,1291,1326,1229,1380,1536,1464,1422,1333,1241,1346,1098,1289,1155,1020,1321,1475,1114,1166,1440,1266,1451,1462,1373,1172,1315,1305,1053,1390,1073,1340,1185,1269,1222,1234,1394,1317,1317,1321
75,56,True,1189,1427,1468,1173,1270,1220,1167,1269,1389,1277,1227,1146,1280,1205,1228,1260,1301,1325,1024,1299,1141,1252,1269,1086,1390,1535,1404,1132,1558,1449,1512,1231,1265,1236,1494,1328,1236,1234,1498,1193,1179,1347,1202,1484,1160,1269,1121,1353,1281,1498,1230,1072,1133,1034,1254,1166,1328,1453,1468,1050,1449,1381,1157,1241,1060,1176,1315,1125,1548,1156,1077,1345,1451,1148,1165,1012,1187
75,56,True,1152,1504,1176,1270,1545,1116,1535,1227,1600,1210,1596,1270,1278,1398,1245,1549,1268,1084,1078,1214,1304,1118,1291,1465,1229,1315,1024,1328,1452,1356,1107,1397,1252,1266,1554,1493,1174,1288,1288,1261,1243,1357,1252,1270,1201,1269,1262,1080,1155,1241,1326,1166,1202,1072,1270,1402,1228,1315,1176,1118,1360,1073,1252,1256,1414,1285,1206,1188,1372,1329,1176,1289,1035,1332,1403,1163,1173
75,56,True,1224,1213,1535,1179,1533,1215,1162,1217,1574,1284,1649,1164,1269,1171,1429,1482,1532,1004,1427,1077,1243,1122,1152,1283,1187,1137,1081,1443,1355,1357,1421,1300,1290,1249,1352,1211,1205,1322,1458,1249,1162,1236,1426,1432,1314,1222,1191,1027,1197,1295,1201,1210,1092,1040,1392,1350,1101,1274,1083,1334,1469,1227,1378,1241,1211,1288,1245,1152,1291,1373,1133,1384,1176,1238,1178,1229,1273
75,56,True,1100,1170,1257,1477,1289,1150,1246,1197,1315,1627,1284,1171,1413,1197,1435,1274,1336,1186,1162,1486,1123,1315,1502,1184,1327,1523,1113,1374,1386,1484,1266,1209,1128,1189,1043,1510,1560,1326,1291,1219,1365,1234,1384,1236,1353,1477,1144,1117,1382,1060,1304,1197,1130,1200,1043,1473,1373,1272,1318,1329,1222,1096,1269,1465,1296,1120,1332,1481,1198,1152,1221,1171,1352,1108,1168,1099,1210
75,56,True,1140,1325,1163,1040,1500,1053,1216,1083,1243,1125,1417,1485,1667,1677,1296,1226,1338,989,1210,1306,1202,1116,1509,1427,1164,1290,1469,1562,1173,1287,1340,1197,1309,1324,1144,1439,1172,1320,1235,1315,1345,1194,1110,1200,1182,1235,1522,1493,1191,1086,1446,1308,1093,1267,1404,1226,1171,1196,1142,1280,1536,1513,1060,1311,1246,1081,1512,1277,1202,1172,1251,1277,1093,1469,1322,1289,1134
75,56,True,1081,1074,1021,1237,1154,1241,1186,1168,1173,1393,1236,1211,1286,1674,1470,1548,1427,1112,988,1141,1083,1113,1158,1427,1340,1483,1138,1600,1171,1378,1146,1372,1283,1435,1312,1226,1094,1416,1273,1373,1334,1194,1108,1306,1512,1467,1396,1253,1406,1230,1068,1133,1108,1126,1117,1496,1248,1317,1097,1131,1248,1497,1158,1269,1086,1070,1386,1096,1526,1325,1245,1119,1176,1341,1236,1099,1266
75,56,True,1526,1065,1233,1285,1392,1101,1234,1100,1437,1150,1210,1230,1216,1535,1326,1228,1342,1073,1187,1355,1090,1464,1176,1362,1157,1452,1325,1337,1433,1237,1187,1232,1418,1337,1380,1428,1090,1297,1153,1398,1323,1159,1200,1560,1336,1508,1277,1315,1058,1302,1188,1344,1425,1163,1398,1133,1208,1178,1123,1156,1370,1297,1172,1194,1173,1196,1259,1157,1493,1445,1170,1349,1250,1285,1179,1165,1177
75,56,True,1180,1458,1152,1218,1265,1182,1292,1241,1222,1133,1265,1296,1344,1204,1445,1357,1518,996,1038,1101,1066,1549,1124,1297,1260,1500,1026,1435,1314,1280,1325,1364,1510,1226,1164,1210,1221,1281,1373,1201,1469,1081,1276,1320,1421,1315,1350,1148,1055,1112,1161,1322,1149,1209,1414,1294,1267,1038,1435,1093,1448,1433,1292,1294,1039,1105,1240,1226,1485,1277,1478,1378,1091,1376,1073,1219,1292
75,56,True,1520,1570,1120,1236,1110,1066,1307,1537,1153,1260,1241,1276,1168,1568,1216,1545,1535,969,1064,1282,1523,1133,1499,1372,1136,1194,1083,1396,1284,1307,1241,1156,1168,1512,1357,1228,1324,1125,1215,1189,1369,1167,1348,1228,1267,1240,1387,1466,1201,1222,1155,1237,1069,1371,1275,1202,1426,1296,1057,1130,1227,1500,1292,1161,1411,1266,1333,1253,1193,1115,1092,1459,1474,1486,1203,1132,1264
75,56,True,1150,1224,1177,1332,1186,1040,1221,1416,1619,1524,1250,1144,1534,1299,1225,1275,1328,955,1445,1238,1316,1113,1218,1504,1440,1195,1235,1469,1285,1436,1174,1200,1170,1213,1356,1315,1167,1212,1368,1448,1302,1155,1322,1424,1435,1392,1147,1197,1246,1104,1305,1145,1170,1261,1268,1553,1251,1286,1266,1259,1278,1157,1306,1311,1266,1262,1229,1226,1293,1464,1202,1432,1121,1370,1106,1080,1074
75,56,True,1109,1204,1270,1494,1541,1253,1202,1572,1272,1275,1529,1149,1338,1390,1202,1535,1246,1028,1040,1085,1208,1426,1139,1123,1188,1492,1270,1293,1340,1145,1177,1515,1273,1484,1240,1282,1196,1425,1433,1438,1184,1354,1229,1495,1257,1340,1264,1189,1241,1365,1190,1068,1041,1042,1478,1166,1564,1059,1477,1131,1301,1060,1204,1192,1044,1292,1226,1080,1326,1123,1268,1084,1355,1228,1187,1121,1329
75,56,True,1184,1208,1178,1145,1137,1182,1188,1133,1540,1222,1540,1180,1169,1403,1593,1248,1493,1267,1174,1094,1373,1269,1276,1217,1480,1171,1317,1412,1245,1392,1155,1297,1204,1524,1090,1146,1216,1152,1249,1147,1229,1489,1203,1228,1480,1280,1424,1139,1162,1192,1120,1149,1490,1093,1364,1229,1416,1105,1117,1371,1155,1088,1412,1182,1310,1145,1051,1209,1277,1133,1484,1209,1081,1222,1196,1273,1125
75,56,True,1147,1156,1216,1180,1137,1277,1166,1565,1238,1643,1274,1173,1338,1391,1195,1558,1566,973,987,1396,1137,1536,1152,1562,1364,1136,1137,1076,1281,1338,1280,1326,1273,1129,1252,1221,1136,1182,1305,1430,1305,1325,1249,1138,1313,1332,1337,1230,1122,1288,1182,1157,1475,1233,1277,1112,1177,1291,1041,1346,1273,1121,1457,1174,1038,1229,1116,1250,1350,1316,1228,1398,1306,1254,1138,1103,1321
75,56,True,1292,1145,1404,1201,1264,1376,1106,1267,1603,1112,1118,1325,1637,1323,1148,1231,1314,1177,1042,1021,1521,1278,1344,1116,1280,1183,1324,1146,1252,1140,1349,1241,1339,1190,1364,1273,1104,1229,1289,1209,1160,1154,1314,1489,1194,1371,1400,1317,1165,1282,1341,1380,1072,1085,1321,1144,1329,1090,1115,1164,1346,1421,1268,1320,1252,1139,1229,1486,1240,1068,1220,1088,1218,1104,1409,1341,1137
75,56,True,1126,1259,1174,1510,1145,1227,1211,1213,1156,1622,1339,1164,1308,1538,1582,1321,1256,1261,1028,1446,1264,1314,1446,1173,1181,1451,1164,1199,1167,1323,1126,1501,1313,1416,1192,1535,1381,1333,1169,1389,1340,1203,1178,1288,1365,1354,1158,1424,1136,1058,1161,1106,1082,1428,1078,1202,1229,1328,1143,1221,1412,1106,1220,1383,1146,1530,1340,1052,1232,1190,1434,1154,1141,1476,1325,1310,1170
75,56,True,1199,1218,1129,1190,1166,1297,1381,1220,1139,1565,1283,1299,1515,1285,1283,1228,1520,1065,1220,994,1093,1218,1277,1160,1116,1342,1296,1461,1331,1512,1225,1175,1482,1434,1208,1535,1182,1139,1496,1213,1243,1309,1437,1190,1286,1269,1128,1142,1096,1072,1390,1300,1266,1230,1499,1148,1603,1381,1315,1338,1451,1108,1312,1198,1251,1498,1348,1068,1190,1081,1355,1514,1210,1114,1163,1205,1136
75,56,True,1174,1065,1157,1184,1219,1090,1219,1136,1556,1165,1241,1390,1185,1395,1373,1300,1588,1253,1045,1362,1453,1397,1098,1248,1218,1148,1030,1237,1395,1365,1565,1557,1441,1258,1089,1440,1093,1257,1214,1241,1211,1293,1162,1389,1261,1208,1280,1085,1377,1248,1425,1494,1057,1362,1388,1328,1306,1069,1450,1236,1263,1203,1165,1195,1062,1368,1138,1422,1290,1301,1389,1115,1268,1220,1290,1166,1146
75,56,True,1101,1209,1089,1153,1169,1178,1568,1296,1148,1314,1332,1164,1235,1589,1293,1291,1281,1269,984,1105,1432,1157,1176,1496,1275,1435,1283,1142,1626,1266,1242,1397,1237,1480,1211,1338,1480,1289,1336,1186,1093,1262,1120,1222,1398,1156,1435,1301,1110,1184,1362,1083,1137,1130,1453,1305,1307,1077,1098,1306,1192,1141,1178,1502,1195,1474,1460,1208,1077,1291,1535,1237,1296,1276,1176,1486,1331
75,56,True,1067,1173,1097,1174,1226,1231,1202,1682,1209,1257,1291,1473,1201,1598,1348,1285,1372,1334,990,992,1269,1292,1133,1135,1107,1195,1244,1557,1326,1512,1163,1283,1130,1281,1052,1322,1376,1404,1444,1444,1216,1186,1073,1260,1389,1247,1274,1169,1083,1133,1302,1054,1153,1099,1306,1505,1262,1196,1300,1116,1173,1186,1112,1314,1403,1311,1268,1225,1395,1200,1265,1316,1201,1058,1224,1104,1388
75,56,True,1502,1184,1137,1520,1226,1216,1292,1121,1260,1146,1542,1207,1618,1180,1507,1363,1272,1313,1040,1244,1274,1127,1209,1173,1373,1562,1109,1278,1468,1569,1183,1168,1415,1322,1055,1427,1225,1177,1434,1391,1424,1103,1130,1508,1504,1168,1296,1209,1069,1398,1253,1379,1035,1166,1248,1532,1521,1093,1446,1435,1276,1448,1125,1302,1454,1152,1190,1165,1156,1199,1234,1073,1184,1266,1371,1304,1152
75,56,True,1070,1198,1115,1241,1154,1160,1185,1221,1542,1244,1134,1333,1352,1139,1254,1533,1283,1249,1248,1285,1445,1314,1129,1269,1173,1135,1291,1382,1430,1168,1525,1196,1528,1215,1281,1188,1298,1292,1281,1185,1380,1192,1234,1305,1358,1176,1364,1387,1172,1075,1070,1496,1078,1377,1171,1398,1507,1145,1336,1344,1219,1355,1054,1180,1145,1436,1428,1348,1268,1349,1421,1195,1171,1092,1438,1272,1248
75,56,True,1076,1174,1150,1484,1061,1027,1224,1278,1244,1180,1433,1264,1424,1571,1462,1289,1222,1106,1020,1137,1310,1056,1258,1472,1168,1356,1040,1129,1163,1533,1429,1308,1498,1128,1117,1482,1136,1387,1229,1438,1541,1529,1224,1396,1102,1269,1162,1068,1299,1107,1277,1266,1244,1146,1117,1185,1241,1265,1146,1090,1324,1176,1449,1527,1453,1196,1332,1224,1428,1369,1350,1250,1097,1186,1142,1349,1076
75,56,True,1203,1124,1246,1454,1044,1056,1556,1306,1150,1551,1349,1574,1382,1290,1272,1226,1368,920,1040,1312,1197,1224,1372,1501,1414,1493,1265,1389,1152,1505,1293,1301,1177,1137,1110,1136,1419,1387,1300,1267,1360,1328,1152,1222,1148,1515,1347,1139,1372,1281,1216,1197,1321,1241,1142,1326,1114,1444,1160,1194,1397,1500,1324,1356,1210,1307,1130,1241,1308,1346,1280,1132,1089,1372,1003,1259,1347
75,56,True,1107,1114,1102,1093,1225,1155,1144,1159,1247,1266,1161,1582,1290,1412,1252,1374,1330,1147,1020,1200,1467,1364,1464,1292,1161,1285,1448,1443,1212,1091,1148,1137,1273,1457,1232,1313,1201,1434,1249,1284,1396,1286,1366,1243,1288,1155,1106,1133,1181,1034,1045,1259,1170,1048,1386,1174,1285,1433,1336,1042,1549,1230,1224,1271,1447,1197,1193,1503,1238,1092,1323,1283,1181,1331,1236,1094,1240
75,56,True,1180,1146,1497,1206,1187,1314,1156,1313,1252,1266,1466,1633,1202,1206,1179,1251,1428,988,1221,1363,1365,1060,1440,1186,1154,1124,1068,1545,1424,1207,1474,1148,1231,1211,1169,1508,1200,1358,1296,1474,1227,1404,1286,1329,1235,1174,1224,1120,1342,1446,1077,1344,1164,1330,1270,1315,1467,1341,1499,1200,1410,1314,1195,1232,1048,1403,1118,1169,1388,1269,1358,1260,1168,1177,1206,1068,1089
75,56,True,1118,1337,1086,1218,1156,1552,1237,1506,1139,1189,1229,1564,1346,1682,1170,1263,1251,1205,1070,1041,1496,1365,1129,1463,1128,1282,1147,1340,1444,1355,1393,1391,1215,1460,1377,1407,1430,1215,1230,1165,1318,1046,1111,1214,1325,1513,1283,1187,1187,1397,1291,1092,1221,1472,1202,1066,1245,1293,1360,1186,1256,1342,1309,1282,1081,1316,1454,1164,1186,1140,1194,1334,1144,1186,1125,1214,1249
75,56,True,1168,1145,1160,1232,1460,1243,1138,1400,1708,1149,1291,1490,1174,1317,1216,1225,1222,1033,1182,1109,1345,1510,1359,1464,1099,1452,1118,1481,1584,1356,1218,1411,1377,1390,1083,1330,1404,1531,1355,1305,1315,1265,1123,1566,1492,1213,1282,1425,1400,1163,1316,1424,1019,1052,1092,1464,1429,1327,1365,1442,1094,1330,1050,1309,1280,1257,1352,1341,1185,1084,1169,1226,1382,1193,1316,1123,1196
75,56,True,1386,1512,1206,1100,1234,1192,1188,1242,1160,1286,1555,1515,1331,1273,1598,1222,1348,999,948,1356,1461,1091,1156,1164,1136,1274,1197,1390,1126,1189,1409,1521,1152,1410,1153,1166,1456,1322,1311,1325,1213,1253,1193,1201,1208,1266,1320,1125,1311,1187,1463,1470,1466,1182,1106,1572,1449,1363,1458,1348,1354,1130,1198,1491,1081,1304,1149,1259,1452,1140,1344,1475,1142,1110,1156,1045,1138
75,56,True,1117,1224,1106,1156,1207,1240,1195,1568,1416,1192,1190,1246,1245,1294,1169,1630,1245,1117,1460,1385,1541,1120,1291,1534,1528,1513,1113,1350,1265,1230,1297,1468,1537,1590,1221,1163,1515,1224,1462,1214,1249,1208,1213,1412,1357,1321,1123,1073,1227,1525,1355,1211,1136,1079,1251,1170,1566,1195,1211,1186,1300,1507,1158,1203,1441,1391,1068,1275,1364,1189,1194,1019,1176,1082,1201,1164,1312
75,56,True,1147,1141,1133,1529,1218,1200,1041,1049,1161,1260,1116,1594,1204,1670,1174,1296,1496,1123,1236,1081,1314,1238,1155,1296,1136,1381,1267,1083,1181,1197,1312,1333,1400,1536,1234,1340,1129,1395,1240,1378,1253,1265,1161,1289,1232,1169,1462,1181,1446,1174,1226,1059,1082,1189,1546,1286,1535,1095,1058,1321,1571,1259,1140,1102,1075,1177,1312,1176,1358,1125,1210,1188,1186,1107,1233,1504,1181
75,56,True,1147,1172,1200,1164,1104,1243,1194,1194,1261,1371,1149,1309,1173,1676,1183,1271,1296,1049,1202,1522,1105,1117,1144,1228,1264,1309,1291,1156,1372,1494,1514,1517,1292,1150,1535,1483,1188,1309,1391,1320,1369,1186,1427,1411,1461,1354,1360,1209,1390,1230,1146,1061,1384,1248,1204,1153,1094,1430,1378,1490,1484,1334,1178,1210,1365,1361,1362,1102,1353,1143,1132,1205,1410,1440,1229,1165,1264
75,56,True,1154,1222,1181,1169,1200,1535,1042,1040,1286,1201,1635,1138,1334,1232,1233,1730,1274,950,1402,1229,1108,1264,1129,1323,1166,1254,1048,1621,1059,1350,1265,1248,1258,1269,1422,1250,1161,1362,1322,1405,1156,1125,1289,1225,1438,1283,1409,1313,1430,1481,1138,1129,1249,1459,1274,1267,1219,1264,1020,1508,1344,1220,1320,1353,1219,1227,1051,1378,1424,1456,1291,1190,1099,1100,1245,1132,1116
75,56,True,1190,1225,1135,1464,1222,1163,1192,1277,1134,1493,1491,1582,1591,1209,1728,1242,1318,1189,1060,1165,1423,1368,1116,1298,1244,1570,1508,1200,1510,1181,1204,1143,1293,1197,1294,1046,1201,1248,1285,1386,1529,1358,1204,1199,1108,1230,1505,1311,1140,1246,1228,1132,1430,1074,1041,1402,1150,1212,1296,1499,1273,1133,1282,1214,1209,1466,1097,1332,1328,1137,1386,1066,1241,1177,1252,1140,1369
75,56,True,1129,1467,1241,1252,1187,1474,1203,1233,1253,1295,1153,1442,1154,1345,1309,1512,1469,1182,1171,1075,1535,1268,1469,1457,1221,1133,1211,1338,1281,1286,1258,1198,1241,1398,1160,1154,1104,1313,1338,1445,1362,1170,1286,1317,1275,1190,1294,1067,1241,1117,1330,1193,1049,1391,1314,1280,1226,1210,1241,1366,1211,1216,1168,1461,1286,1150,1156,1361,1135,1256,1068,1167,1075,1200,1221,1428,1317
75,56,True,1187,1149,1101,1173,1208,1192,1130,1535,1205,1603,1317,1174,1259,1377,1508,1267,1429,1035,999,1086,1097,1301,1176,1109,1382,1252,1293,1534,1406,1247,1483,1263,1131,1355,1164,1549,1192,1326,1416,1442,1328,1139,1338,1230,1485,1105,1336,1217,1160,1333,1310,1370,1414,1073,1070,1432,1363,1272,1312,1172,1347,1093,1202,1256,1289,1530,1289,1076,1136,1269,1188,1330,1197,1306,1082,1234,1272
75,56,True,1126,1200,1146,1137,1291,1259,1532,1122,1233,1149,1610,1166,1268,1452,1334,1309,1489,1006,938,1185,1099,1358,1269,1507,1274,1170,1190,1266,1266,1223,1258,1582,1279,1311,1313,1214,1408,1274,1483,1299,1215,1243,1062,1252,1617,1318,1262,1155,1105,1092,1090,1531,1113,1330,1074,1399,1368,1123,1104,1177,1261,1349,1228,1240,1417,1240,1212,1345,1361,1445,1422,1062,1434,1254,1161,1581,1140
75,56,True,1161,1178,1155,1164,1185,1273,1597,1508,1194,1307,1166,1550,1158,1193,1259,1500,1297,1032,1337,1434,1171,1316,1158,1288,1289,1324,1121,1263,1418,1366,1504,1366,1139,1460,1143,1333,1105,1272,1280,1456,1209,1318,1300,1512,1223,1272,1243,1369,1299,1261,1282,1412,1311,1075,1105,1252,1410,1469,1441,1165,1400,1398,1411,1304,1091,1339,1176,1073,1236,1448,1182,1077,1061,1386,1326,1102,1067
75,56,True,1141,1178,1209,1243,1251,1282,1569,1238,1229,1308,1298,1234,1665,1373,1560,1206,1229,1002,934,1524,1100,1297,1241,1393,1345,1235,1245,1254,1466,1240,1158,1357,1231,1222,1238,1152,1222,1280,1228,1425,1282,1440,1301,1317,1220,1353,1340,1046,1186,1068,1131,1057,1140,1220,1257,1268,1161,1150,1294,1069,1213,1132,1044,1368,1102,1221,1089,1201,1449,1266,1062,1185,1150,1224,1425,1305,1084
75,56,True,1257,1241,1280,1430,1270,1152,1586,1178,1322,1654,1629,1360,1297,1652,1255,1299,1296,1310,972,1481,1146,1298,1366,1141,1393,1224,1124,1594,1214,1327,1320,1244,1465,1107,1262,1277,1380,1245,1372,1298,1474,1129,1376,1451,1574,1370,1161,1276,1433,1246,1406,1302,1329,1243,1404,1409,1353,1121,1251,1102,1212,1470,1166,1461,1257,1320,1081,1153,1125,1300,1169,1262,1329,1178,1206,1213,1061
75,56,True,1499,1298,1172,1084,1216,1535,1191,1142,1116,1297,1167,1649,1535,1609,1581,1228,1350,952,1377,1242,1057,1097,1356,1546,1373,1130,1195,1171,1195,1124,1380,1147,1398,1342,1494,1297,1076,1218,1349,1460,1161,1380,1345,1336,1243,1363,1526,1118,1171,1242,1113,1178,1073,1165,1328,1238,1155,1218,1480,1323,1120,1189,1425,1145,1250,1140,1364,1214,1325,1396,1408,1465,1144,1499,1182,1382,1219
75,56,True,1107,1134,1148,1576,1230,1102,1321,1300,1344,1241,1530,1161,1706,1256,1625,1593,1197,1150,1269,1028,1518,1501,1448,1535,1256,1520,1201,1419,1353,1430,1304,1196,1353,1496,1148,1300,1450,1233,1413,1230,1185,1336,1370,1212,1304,1293,1118,1225,1227,1406,1231,1484,1364,1084,1394,1314,1288,1184,1092,1356,1152,1059,1120,1227,1292,1349,1273,1345,1292,1282,1500,1272,1186,1177,1282,1165,1358
75,56,True,1162,1157,1168,1206,1421,1403,1574,1229,1115,1255,1230,1147,1535,1256,1330,1456,1545,980,1115,1310,1529,1149,1114,1209,1119,1199,1308,1326,1372,1120,1267,1147,1344,1296,1276,1166,1210,1157,1102,1248,1316,1358,1245,1457,1509,1426,1363,1153,1399,1330,1386,1315,1042,1042,1038,1262,1394,1397,1108,1206,1493,1233,1078,1398,1156,1080,1249,1419,1040,1056,1192,1350,1088,1289,1307,1281,1224
75,56,True,1470,1120,1174,1596,1226,1340,1157,1450,1157,1150,1238,1253,1662,1206,1274,1262,1274,1157,1203,1368,1195,1518,1170,1108,1254,1201,1042,1337,1278,1186,1352,1328,1228,1310,1176,1290,1347,1379,1373,1342,1163,1507,1073,1574,1461,1362,1309,1290,1289,1067,1367,1141,1185,1054,1244,1196,1581,1158,1190,1182,1539,1501,1204,1416,1096,1436,1284,1384,1393,1274,1354,1211,1281,1051,1323,1198,1249
75,56,True,1491,1156,1227,1240,1221,1213,1226,1080,1635,1149,1288,1164,1377,1628,1616,1451,1341,969,1191,1269,1452,1282,1470,1308,1531,1517,1305,1310,1263,1383,1526,1517,1422,1290,1433,1290,1268,1168,1253,1206,1302,1324,1481,1171,1406,1254,1392,1073,1467,1051,1110,1073,1178,1237,1524,1248,1187,1286,1086,1147,1505,1109,1395,1098,1448,1208,1389,1084,1185,1339,1130,1232,1147,1226,1382,1355,1420
75,56,True,1194,1204,1511,1240,1316,1242,1175,1557,1179,1125,1409,1305,1221,1616,1529,1662,1547,997,1189,1120,1340,1139,1529,1477,1209,1361,1137,1411,1366,1314,1241,1212,1432,1385,1132,1477,1016,1188,1212,1240,1457,1174,1289,1261,1186,1180,1152,1208,1070,1361,1204,1164,1244,1388,1357,1241,1466,1324,1328,1377,1116,1378,1294,1499,1179,1299,1100,1064,1456,1137,1131,1040,1259,1170,1228,1215,1258
75,56,True,1177,1097,1134,1296,1230,1322,1141,1550,1209,1309,1330,1552,1696,1212,1302,1267,1452,1052,1378,1240,1010,1057,1154,1374,1253,1494,1283,1420,1258,1161,1137,1254,1461,1128,1251,1376,1337,1435,1329,1196,1436,1257,1098,1250,1480,1441,1416,1412,1120,1108,1437,1381,1292,1133,1114,1444,1504,1327,1317,1289,1183,1480,1334,1323,1042,1116,1258,1188,1229,1120,1295,1242,1242,1280,1124,1171,1305
75,56,True,1145,1531,1248,1240,1224,1187,1229,1588,1204,1102,1359,1157,1222,1388,1614,1326,1571,1313,1026,1082,1153,1224,1349,1518,1415,1317,1377,1202,1228,1117,1260,1339,1309,1301,1203,1279,1200,1380,1302,1417,1293,1241,1279,1214,1337,1216,1124,1491,1410,1139,1282,1421,1453,1322,1317,1403,1130,1390,1101,1292,1120,1252,1516,1331,1045,1106,1102,1130,1139,1371,1283,1294,1134,1042,1315,1162,1304
75,56,True,1492,1129,1244,1171,1564,1156,1170,1217,1126,1533,1155,1280,1394,1406,1173,1368,1244,1138,1050,1262,1137,1185,1349,1128,1516,1161,1376,1186,1481,1138,1476,1283,1464,1370,1102,1198,1294,1310,1474,1133,1314,1214,1146,1195,1120,1200,1206,1089,1194,1299,1390,1402,1224,1115,1294,1157,1147,1509,1302,1478,1464,1168,1389,1128,1333,1160,1112,1212,1498,1325,1457,1273,1157,1168,1266,1097,1047
75,56,True,1171,1169,1252,1134,1486,1254,1285,1610,1286,1593,1251,1172,1658,1584,1709,1614,1174,1101,1353,1075,1525,1346,1051,1077,1495,1477,1232,1089,1070,1317,1273,1241,1353,1453,1433,1379,1478,1461,1278,1336,1288,1344,1439,1316,1365,1301,1342,1083,1300,1214,1169,1306,1266,1170,1168,1219,1196,1112,1371,1522,1402,1076,1171,1217,1388,1369,1186,1267,1510,1261,1113,1121,1246,1196,1132,1520,1234
75,56,True,1123,1260,1354,1546,1269,1259,1178,1557,1136,1226,1290,1189,1276,1357,1289,1563,1376,1275,1044,1465,1097,1187,1202,1507,1361,1220,1180,1162,1564,1484,1465,1248,1387,1328,1472,1354,1465,1203,1177,1406,1264,1049,1186,1325,1374,1329,1385,1141,1062,1489,1249,1370,1187,1086,1312,1544,1133,1195,1510,1542,1176,1118,1404,1360,1056,1350,1330,1102,1427,1337,1310,1419,1246,1316,1178,1144,1240
75,56,True,1272,1212,1165,1234,1144,1210,1156,1076,1445,1342,1128,1379,1300,1236,1459,1272,1364,1049,1450,1273,1514,1736,1512,1276,1104,1277,1097,1163,1380,1242,1400,1484,1369,1153,1280,1230,1152,1283,1313,1355,1492,1193,1417,1347,1240,1122,1270,1140,1234,1346,1285,1364,1232,1236,1422,1228,1482,1443,1192,1477,1216,1348,1098,1628,1246,1177,1512,1254,1344,1228,1316,1327,1227,1080,1297,1080,1165
75,56,True,1155,1170,1095,1262,1680,1102,1202,1561,1218,1099,1234,1619,1292,1370,1653,1284,1552,1277,1418,1514,1292,1132,1361,1451,1183,1288,1062,1126,1630,1288,1510,1218,1277,1446,1281,1338,1209,1206,1226,1264,1132,1320,1276,1509,1256,1146,1109,1174,1253,1275,1090,1181,1131,1380,1123,1141,1082,1443,1378,1129,1284,1428,1080,1285,1497,1292,1067,1238,1317,1089,1204,1199,1374,1322,1328,1401,1025
75,56,True,1188,1256,1172,1101,1189,1329,1196,1115,1317,1484,1218,1226,1309,1142,1285,1590,1214,984,1006,1258,1222,1098,1332,1390,1134,1490,1304,1241,1356,1137,1395,1468,1483,1393,1509,1232,1067,1273,1342,1188,1535,1467,1176,1338,1493,1535,1519,1139,1296,1345,1160,1278,1400,1224,1163,1200,1190,1481,1408,1048,1250,1310,1280,1294,1118,1254,1139,1058,1373,1213,1449,1345,1273,1347,1237,1280,1131
75,56,True,1209,1284,1169,1188,1218,1124,1253,1206,1146,1518,1115,1238,1269,1259,1194,1558,1420,1148,1213,1056,1432,1217,1112,1274,1203,1254,1490,1448,1468,1461,1324,1097,1305,1362,1500,1197,1305,1228,1456,1275,1354,1235,1173,1438,1161,1316,1296,1442,1169,1385,1432,1157,1483,1148,1199,1472,1493,1153,1416,1322,1338,1078,1276,1403,1079,1441,1161,1036,1505,1136,1304,1344,1154,1218,1484,1462,1186
75,56,True,1204,1217,1288,1089,1092,1220,1171,1568,1206,1341,1553,1436,1691,1235,1423,1341,1345,1320,1281,1085,1218,1443,1427,1494,1253,1285,1272,1522,1285,1150,1455,1419,1521,1409,1241,1381,1354,1270,1142,1307,1324,1403,1390,1290,1237,1483,1532,1178,1330,1222,1295,1134,1074,1109,1160,1088,1443,1089,1508,1573,1621,1165,1190,1190,1506,1102,1189,1309,1468,1198,1428,1171,1169,1202,1214,1160,1261
75,56,True,1202,1275,1154,1179,1216,1211,1143,1268,1301,1225,1267,1273,1683,1203,1327,1350,1454,977,1060,1363,1535,1513,1126,1128,1103,1193,1465,1155,1213,1627,1245,1276,1438,1297,1152,1171,1453,1265,1273,1493,1295,1364,1250,1544,1146,1297,1272,1226,1147,1396,1128,1046,1089,1048,1322,1530,1112,1173,1274,1333,1107,1050,1156,1459,1525,1272,1292,1502,1560,1051,1194,1421,1108,1394,1389,1184,1189
75,56,True,1164,1182,1486,1233,1225,1526,1091,1203,1101,1562,1187,1312,1684,1162,1257,1288,1553,1316,1010,1083,1182,1257,1268,1101,1526,1125,1190,1167,1248,1464,1185,1585,1541,1237,1306,1296,1440,1183,1250,1278,1437,1357,1377,1329,1130,1403,1393,1225,1123,1076,1452,1318,1205,1155,1357,1197,1286,1248,1152,1259,1575,1444,1243,1294,1202,1474,1535,1187,1159,1292,1192,1286,1309,1337,1468,1222,1156
75,56,True,1171,1480,1200,1270,1226,1516,1110,1464,1234,1108,1238,1289,1353,1277,1211,1337,1323,898,970,1088,1510,1134,1258,1182,1510,1209,1099,1281,1282,1322,1535,1270,1259,1246,1236,1246,1237,1175,1302,1444,1179,1168,1082,1339,1234,1157,1134,1180,1400,1160,1310,1168,1363,1219,1053,1114,1195,1482,1540,1128,1386,1382,1216,1314,1216,1132,1100,1133,1208,1193,1193,1188,1387,1280,1144,1021,1117
75,56,True,1524,1164,1535,1221,1124,1231,1381,1310,1279,1365,1605,1304,1336,1161,1429,1334,1535,1045,970,1314,1171,1257,1125,1345,1465,1146,1204,1616,1088,1455,1401,1242,1333,1158,1221,1243,1520,1275,1185,1216,1243,1104,1306,1421,1538,1378,1217,1194,1197,1421,1093,1475,1274,1100,1209,1494,1213,1548,1147,1472,1109,1361,1292,1113,1153,1130,1557,1276,1167,1192,1284,1513,1125,1293,1118,1422,1206
75,56,True,1148,1171,1535,1204,1110,1309,1172,1270,1284,1131,1584,1228,1372,1734,1190,1518,1535,1105,1403,1081,1507,1300,1169,1268,1133,1535,1156,1459,1496,1260,1345,1369,1116,1224,1318,1231,1361,1273,1139,1467,1268,1472,1088,1438,1473,1329,1330,1362,1409,1123,1086,1319,1282,1057,1061,1173,1535,1324,1344,1197,1282,1147,1197,1306,1280,1333,1353,1364,1053,1389,1411,1061,1117,1490,1181,1425,1408
75,56,True,1450,1138,1212,1165,1318,1153,1173,1241,1400,1221,1163,1606,1540,1688,1454,1259,1404,1075,1063,1165,1515,1539,1535,1165,1286,1434,1405,1258,1344,1280,1461,1364,1211,1347,1453,1454,1194,1535,1256,1323,1249,1107,1073,1188,1378,1419,1323,1100,1147,1310,1064,1094,1170,1484,1473,1364,1182,1402,1171,1108,1081,1120,1184,1458,1304,1201,1434,1244,1349,1288,1281,1203,1489,1330,1090,1424,1153
75,56,True,1131,1512,1062,1156,1301,1279,1260,1242,1238,1122,1257,1535,1274,1201,1168,1235,1331,940,1058,1297,1283,1100,1521,1355,1354,1432,1426,1359,1532,1307,1209,1304,1140,1282,1259,1401,1233,1388,1513,1466,1250,1411,1089,1446,1432,1384,1518,1173,1317,1220,1066,1366,1449,1499,1172,1236,1133,1369,1126,1320,1493,1287,1204,1404,1377,1224,1160,1368,1327,1289,1085,1193,1417,1405,1483,1265,1332
75,56,True,1241,1145,1229,1254,1478,1040,1576,1242,1137,1633,1596,1535,1157,1567,1220,1557,1316,1260,1042,1100,1309,1170,1277,1270,1341,1221,1021,1526,1442,1150,1324,1389,1348,1537,1212,1432,1117,1460,1323,1273,1326,1361,1211,1118,1481,1280,1235,1411,1305,1375,1272,1228,1126,1249,1042,1157,1102,1054,1468,1340,1320,1189,1398,1528,1227,1265,1535,1460,1201,1307,1483,1206,1209,1434,1309,1412,1209
75,56,True,1156,1212,1137,1442,1220,1546,1091,1092,1613,1253,1142,1628,1313,1585,1753,1236,1394,1045,1298,1083,1436,1496,1308,1139,1220,1430,1270,1588,1144,1244,1139,1247,1448,1453,1410,1290,1237,1412,1126,1251,1459,1268,1035,1306,1225,1498,1320,1441,1258,1117,1318,1084,1241,1160,1117,1569,1109,1412,1096,1147,1177,1405,1317,1225,1242,1344,1220,1406,1212,1234,1186,1078,1475,1427,1196,1393,1091
75,56,True,1171,1156,1307,1147,1314,1181,1211,1173,1572,1256,1229,1243,1659,1248,1400,1310,1243,1334,987,1072,1101,1043,1547,1163,1256,1605,1316,1280,1230,1483,1488,1184,1124,1218,1462,1417,1052,1438,1565,1123,1137,1170,1368,1431,1309,1299,1381,1106,1102,1026,1339,1069,1061,1069,1362,1456,1250,1057,1167,1080,1202,1144,1290,1287,1140,1524,1213,1437,1427,1065,1140,1235,1265,1107,1457,1436,1297
75,56,True,1150,1462,1252,1251,1536,1376,1302,1608,1099,1234,1116,1265,1386,1401,1563,1225,1314,1258,966,1020,1141,1314,1153,1166,1435,1315,1041,1511,1338,1241,1226,1187,1417,1362,1103,1324,1320,1489,1155,1312,1253,1291,1223,1197,1117,1181,1221,1338,1203,1248,1218,1196,1211,1068,1072,1099,1493,1116,1346,1249,1338,1454,1059,1373,1112,1054,1091,1098,1228,1319,1209,1275,1181,1283,1422,1122,1237
75,56,True,1422,1188,1185,1302,1595,1124,1131,1586,1235,1176,1684,1374,1453,1577,1762,1289,1610,1037,1385,1506,1512,1178,1115,1622,1205,1235,1437,1320,1236,1131,1253,1518,1360,1210,1348,1145,1209,1473,1412,1408,1342,1538,1257,1273,1458,1201,1275,1497,1403,1206,1056,1163,1121,1389,1056,1420,1525,1069,1052,1275,1254,1305,1226,1307,1322,1212,1377,1276,1328,1418,1082,1364,1354,1535,1315,1216,1133
75,56,True,1162,1250,1130,1254,1464,1603,1353,1200,1554,1254,1260,1585,1560,1385,1258,1552,1280,1277,1056,1106,1085,1331,1200,1202,1137,1120,1264,1279,1250,1385,1492,1348,1508,1565,1545,1187,1093,1576,1499,1420,1258,1354,1261,1235,1243,1236,1331,1209,1456,1192,1518,1105,1309,1026,1402,1131,1487,1388,1228,1506,1380,1404,1206,1404,1323,1051,1507,1099,1289,1317,1438,1416,1339,1203,1084,1137,1149
75,56,True,1244,1171,1407,1230,1270,1597,1164,1342,1410,1248,1235,1331,1164,1217,1190,1590,1288,1178,1097,1171,1336,1119,1246,1280,1326,1115,1482,1160,1524,1453,1275,1132,1518,1262,1091,1356,1265,1370,1230,1462,1164,1315,1274,1205,1479,1183,1125,1152,1270,1315,1073,1033,1235,1394,1098,1265,1251,1564,1595,1579,1353,1334,1473,1205,1173,1178,1163,1177,1309,1189,1126,1244,1499,1115,1156,1384,1418
75,56,True,1185,1482,1200,1215,1210,1588,1117,1278,1285,1626,1200,1294,1270,1311,1189,1452,1248,936,1048,1125,1425,1172,1566,1433,1302,1085,1114,1215,1157,1265,1529,1209,1258,1402,1450,1141,1500,1444,1277,1352,1350,1215,1393,1468,1308,1180,1114,1244,1238,1192,1191,1547,1283,1052,1297,1150,1148,1194,1097,1496,1425,1525,1267,1168,1488,1361,1267,1129,1445,1248,1344,1355,1406,1120,1132,1370,1253
75,56,True,1228,1302,1385,1245,1189,1557,1249,1226,1300,1405,1427,1417,1188,1370,1201,1322,1341,1036,976,1476,1157,1081,1077,1164,1535,1126,1252,1295,1241,1356,1416,1560,1179,1347,1171,1314,1088,1508,1225,1318,1357,1516,1250,1308,1442,1498,1454,1219,1187,1403,1422,1306,1470,1180,1011,1485,1107,1131,1450,1166,1385,1069,1323,1197,1284,1096,1318,1185,1256,1594,1481,1093,1196,1118,1202,1392,1323
75,56,True,1145,1214,1185,1162,1146,1237,1141,1552,1296,1442,1235,1550,1334,1416,1567,1246,1497,1274,1445,1371,1113,1228,1181,1112,1468,1254,1283,1241,1478,1370,1521,1240,1420,1220,1261,1169,1353,1321,1445,1363,1432,1454,1354,1300,1465,1222,1362,1172,1385,1456,1376,1016,1173,1397,1275,1114,1105,1500,1480,1148,1414,1298,1171,1256,1271,1189,1178,1315,1299,1178,1043,1435,1129,1091,1068,1130,1353
75,56,True,1202,1233,1148,1328,1195,1182,1146,1294,1582,1181,1308,1326,1171,1235,1250,1304,1266,1242,1021,1050,1091,1397,1226,1353,1485,1117,1091,1281,1360,1535,1365,1525,1155,1284,1160,1420,1217,1194,1282,1499,1535,1325,1070,1298,1137,1413,1237,1478,1382,1433,1401,1375,1055,1429,1249,1501,1176,1371,1329,1449,1349,1368,1393,1209,1057,1422,1119,1517,1214,1270,1407,1092,1202,1395,1155,1227,1446
75,56,True,1136,1211,1490,1228,1124,1370,1137,1204,1195,1162,1586,1208,1238,1212,1220,1336,1612,1342,1020,1273,1176,1637,1699,1458,1150,1308,1433,1507,1329,1134,1249,1555,1294,1331,1220,1201,1088,1321,1433,1229,1246,1558,1296,1453,1246,1218,1284,1431,1056,1132,1298,1495,1469,1302,1070,1257,1338,1123,1234,1374,1208,1314,1323,1314,1219,1249,1162,1240,1152,1156,1397,1468,1152,1228,1208,1221,1318
75,56,True,1122,1224,1114,1152,1160,1251,1156,1120,1453,1163,1174,1326,1202,1392,1329,1730,1585,1035,1253,1465,1097,1317,1266,1134,1158,1355,1156,1634,1345,1243,1204,1461,1149,1328,1150,1446,1354,1420,1496,1395,1251,1227,1123,1425,1170,1140,1257,1186,1259,1295,1206,1185,1091,1302,1340,1296,1202,1288,1515,1225,1288,1052,1141,1161,1513,1500,1327,1386,1122,1248,1198,1145,1125,1227,1290,1245,1275
75,56,True,1322,1261,1228,1116,1250,1200,1218,1244,1604,1164,1536,1288,1375,1208,1254,1322,1306,1328,1058,1328,1372,1395,1163,1505,1089,1258,1112,1282,1394,1184,1321,1265,1393,1276,1263,1296,1380,1433,1237,1390,1500,1338,1044,1533,1467,1244,1352,1242,1244,1336,1090,1037,1380,1044,1424,1223,1305,1256,1430,1306,1152,1349,1325,1264,1308,1163,1077,1155,1534,1289,1140,1123,1133,1284,1499,1144,1206
75,56,True,1218,1259,1291,1240,1144,1398,1204,1190,1219,1247,1588,1451,1790,1211,1475,1740,1426,1230,1024,1229,1476,1359,1373,1491,1177,1248,1212,1380,1342,1134,1450,1218,1419,1160,1070,1272,1249,1154,1155,1241,1285,1488,1364,1557,1117,1214,1436,1146,1305,1097,1313,1435,1193,1051,1449,1259,1564,1110,1405,1206,1356,1273,1438,1441,1186,1345,1434,1092,1265,1130,1504,1360,1288,1312,1410,1386,1324
75,56,True,1496,1218,1220,1219,1057,1225,1488,1587,1252,1291,1220,1169,1596,1214,1464,1610,1460,1317,971,1138,1174,1309,1131,1469,1532,1524,1131,1138,1540,1297,1527,1473,1222,1429,1244,1331,1147,1366,1505,1306,1427,1177,1393,1288,1226,1228,1125,1478,1090,1270,1272,1234,1179,1497,1090,1144,1394,1171,1300,1228,1444,1051,1332,1177,1300,1097,1134,1204,1403,1310,1189,1133,1117,1305,1384,1051,1228
75,56,True,1173,1261,1296,1539,1142,1568,1209,1316,1279,1113,1613,1258,1187,1373,1254,1299,1352,1283,1148,1200,1213,1176,1618,1520,1512,1326,1051,1627,1492,1401,1595,1302,1402,1152,1483,1379,1401,1575,1205,1476,1347,1345,1520,1469,1495,1272,1188,1077,1098,1370,1516,1168,1112,1060,1153,1130,1084,1371,1441,1142,1244,1188,1522,1196,1162,1446,1049,1091,1323,1109,1293,1233,1273,1066,1433,1264,1056
75,56,True,1225,1200,1108,1121,1229,1181,1123,1453,1612,1145,1253,1210,1513,1395,1180,1259,1251,1252,1048,1298,1403,1389,1483,1537,1197,1281,1141,1152,1444,1473,1212,1302,1212,1333,1309,1528,1071,1140,1217,1292,1393,1194,1459,1296,1337,1482,1374,1494,1352,1268,1196,1267,1120,1260,1483,1161,1504,1093,1089,1481,1260,1103,1128,1185,1157,1414,1059,1265,1145,1452,1291,1289,1470,1237,1202,1294,1073
75,56,True,1268,1213,1206,1211,1535,1182,1592,1172,1265,1338,1269,1178,1296,1275,1214,1814,1384,1403,1141,1028,1113,1128,1530,1325,1325,1320,1041,1454,1177,1354,1399,1248,1240,1218,1108,1133,1361,1306,1227,1178,1317,1224,1066,1233,1269,1439,1226,1373,1283,1472,1076,1301,1174,1036,1088,1229,1222,1066,1424,1034,1296,1423,1074,1300,1363,1394,1216,1285,1267,1328,1521,1327,1198,1320,1313,1102,1292
75,56,True,1202,1518,1172,1206,1129,1236,1118,1253,1596,1161,1453,1369,1188,1614,1306,1352,1352,1234,1014,1373,1259,1441,1332,1368,1338,1483,1077,1235,1442,1326,1492,1480,1153,1112,1232,1128,1179,1275,1309,1469,1542,1265,1369,1206,1439,1512,1144,1296,1311,1511,1205,1146,1210,1298,1133,1384,1119,1211,1478,1261,1424,1396,1236,1253,1050,1408,1069,1168,1343,1177,1211,1120,1174,1190,1257,1062,1053
75,56,True,1167,1073,1193,1288,1280,1595,1232,1163,1475,1170,1249,1215,1260,1426,1443,1259,1240,981,1048,1203,1133,1034,1516,1163,1205,1269,1460,1438,1481,1213,1273,1445,1449,1478,1532,1450,1373,1345,1282,1132,1309,1616,1230,1462,1512,1459,1179,1081,1405,1307,1202,1518,1454,1099,1125,1081,1395,1066,1219,1317,1655,1490,1218,1249,1249,1356,1251,1080,1312,1147,1288,1180,1285,1446,1040,1238,1082
75,56,True,1490,1361,1168,1262,1148,1161,1613,1637,1299,1685,1220,1576,1283,1254,1276,1532,1231,995,1065,1305,1522,1103,1339,1338,1112,1224,1071,1278,1535,1160,1279,1542,1576,1488,1114,1350,1408,1283,1461,1179,1464,1155,1478,1338,1130,1385,1384,1250,1130,1535,1249,1288,1205,1397,1058,1248,1396,1298,1329,1374,1236,1521,1261,1347,1430,1172,1211,1384,1306,1232,1122,1166,1290,1212,1210,1456,1136
75,56,True,1440,1222,1154,1238,1185,1157,1200,1557,1293,1603,1572,1155,1302,1567,1722,1573,1297,1314,1476,1106,1322,1544,1348,1201,1137,1236,1281,1520,1653,1356,1501,1252,1429,1330,1300,1190,1170,1125,1440,1321,1378,1184,1355,1535,1251,1563,1427,1291,1336,1257,1365,1091,1341,1234,1228,1158,1186,1361,1225,1178,1645,1090,1088,1444,1138,1070,1203,1428,1392,1329,1200,1354,1255,1125,1238,1180,1196
75,56,True,1709,1415,1109,1216,1220,1197,1242,1262,1299,1872,1084,1429,1171,1171,1160,1489,1259,933,1243,1729,1392,1306,1178,1334,1472,1323,1286,1515,1358,1470,1472,1477,1426,1217,1369,1579,1276,1513,1387,1401,1361,1196,1443,1453,1413,1237,1337,1108,1292,1573,1214,1284,1104,1038,1386,1362,1124,1161,1397,1334,1207,1244,1072,1157,1355,1335,1152,1152,1378,1293,1312,1205,1256,1222,1083,1134,1184
75,56,True,1165,1218,1140,1267,1053,1146,1137,1558,1140,1390,1205,1169,1203,1269,1450,1364,1637,1171,975,1078,1108,1062,1535,1167,1344,1486,1270,1319,1344,1102,1119,1299,1229,1419,1390,1294,1501,1320,1507,1206,1213,1398,1508,1178,1324,1165,1181,1118,1280,1057,1469,1306,1481,1102,1406,1503,1245,1097,1178,1117,1539,1083,1141,1210,1468,1315,1250,1182,1098,1256,1242,1440,1155,1120,1459,1179,1204
75,56,True,1178,1130,1196,1161,1508,1204,1312,1548,1680,1427,1163,1644,1398,1318,1589,1568,1292,1528,1328,1082,1516,1243,1244,1585,1179,1307,1516,1382,1560,1314,1211,1284,1362,1176,1469,1224,1341,1569,1292,1336,1237,1376,1114,1396,1236,1395,1252,1365,1267,1388,1468,1448,1234,1280,1500,1339,1367,1521,1107,1078,1545,1102,1038,1201,1190,1330,1132,1318,1465,1228,1378,1234,1390,1280,1246,1354,1321
75,56,True,1188,1380,1156,1185,1459,1224,1164,1048,1298,1154,1317,1371,1704,1438,1211,1229,1248,1045,1006,1216,1455,1155,1209,1197,1441,1285,1172,1344,1290,1259,1155,1420,1307,1277,1454,1394,1268,1161,1281,1147,1254,1178,1426,1308,1243,1213,1444,1326,1114,1440,1250,1324,1137,1540,1066,1154,1103,1174,1174,1084,1194,1124,1541,1145,1180,1195,1396,1211,1330,1064,1480,1478,1409,1084,1093,1069,1385
75,56,True,1147,1129,1224,1435,1441,1084,1165,1299,1163,1112,1373,1180,1209,1280,1225,1271,1294,979,1387,1425,1077,1161,1257,1346,1135,1528,1273,1214,1711,1299,1063,1237,1370,1154,1115,1259,1106,1453,1278,1418,1208,1200,1236,1181,1244,1352,1577,1443,1324,1409,1455,1312,1038,1457,1284,1365,1445,1401,1392,1330,1239,1363,1168,1244,1158,1177,1373,1152,1291,1304,1504,1305,1192,1101,1103,1274,1275
75,56,True,1164,1172,1186,1133,1499,1242,1266,1204,1505,1368,1166,1168,1150,1384,1279,1483,1277,925,1432,1133,1094,1122,1188,1157,1128,1294,1105,1666,1566,1203,1224,1377,1288,1214,1173,1387,1388,1446,1535,1478,1210,1144,1190,1107,1157,1131,1208,1355,1249,1177,1224,1121,1134,1109,1190,1087,1270,1302,1363,1230,1317,1246,1082,1129,1152,1101,1190,1080,1202,1233,1165,1318,1230,1448,1453,1230,1099
75,56,True,1148,1244,1178,1237,1137,1268,1179,1296,1271,1170,1197,1754,1549,1641,1554,1625,1520,1001,1456,1104,1332,1206,1756,1389,1241,1229,1081,1115,1569,1266,1322,1538,1471,1470,1251,1210,1289,1427,1465,1149,1154,1238,1128,1329,1437,1476,1197,1079,1281,1257,1474,1388,1492,1388,1232,1340,1322,1314,1070,1144,1220,1322,1444,1338,1089,1206,1221,1329,1269,1178,1144,1283,1153,1112,1340,1105,1152
75,56,True,1132,1213,1180,1104,1204,1265,1370,1128,1254,1136,1417,1293,1185,1173,1194,1293,1462,1059,1068,1084,1322,1522,1181,1346,1302,1306,1298,1478,1474,1363,1301,1270,1458,1465,1225,1265,1221,1426,1366,1421,1134,1406,1182,1161,1150,1374,1531,1262,1211,1179,1271,1356,1421,1077,1476,1245,1312,1169,1174,1403,1563,1142,1292,1201,1434,1190,1204,1393,1368,1325,1146,1252,1160,1084,1212,1214,1275
75,56,True,1166,1516,1216,1160,1243,1581,1078,1465,1221,1208,1318,1292,1246,1544,1453,1315,1231,1037,998,1478,1076,1218,1535,1494,1186,1157,1349,1389,1662,1217,1094,1473,1136,1213,1257,1277,1414,1315,1186,1310,1210,1506,1266,1342,1176,1149,1364,1334,1434,1283,1220,1058,1456,1360,1139,1391,1428,1464,1368,1194,1305,1286,1106,1299,1063,1156,1398,1130,1347,1188,1264,1244,1201,1438,1170,1065,1539
75,56,True,1193,1243,1211,1222,1133,1104,1176,1294,1224,1337,1590,1726,1344,1164,1178,1209,1477,1036,1025,1154,1526,1287,1152,1269,1148,1265,1229,1248,1690,1533,1464,1159,1129,1119,1263,1202,1441,1240,1512,1260,1331,1155,1196,1186,1461,1297,1435,1073,1342,1468,1292,1105,1432,1109,1029,1140,1477,1124,1541,1477,1278,1238,1243,1576,1464,1074,1304,1174,1223,1308,1378,1310,1439,1280,1485,1280,1488
75,56,True,1330,1187,1190,1231,1572,1563,1554,1252,1152,1250,1325,1535,1281,1219,1753,1296,1296,1099,1422,1081,1255,1152,1361,1298,1253,1212,1200,1386,1544,1352,1353,1265,1136,1413,1349,1476,1410,1292,1405,1260,1312,1260,1380,1301,1446,1469,1153,1465,1427,1182,1198,1200,1101,1136,1299,1394,1517,1234,1100,1073,1457,1385,1217,1317,1418,1174,1298,1253,1236,1209,1246,1313,1322,1158,1477,1278,1129
75,56,True,1131,1134,1094,1149,1269,1504,1229,1116,1254,1282,1164,1196,1313,1244,1490,1577,1451,1016,1358,974,1513,1186,1344,1181,1566,1388,1056,1566,1186,1099,1301,1555,1141,1161,1230,1497,1443,1212,1412,1429,1502,1453,1259,1289,1288,1565,1225,1313,1260,1069,1074,1352,1106,1299,1220,1387,1248,1328,1102,1413,1251,1429,1209,1486,1372,1422,1296,1211,1356,1177,1352,1420,1339,1523,1162,1330,1310
75,56,True,1500,1228,1493,1166,1232,1229,1564,1242,1328,1602,1564,1282,1185,1534,1554,1723,1560,1270,976,1347,1126,1300,1139,1176,1251,1216,1179,1541,1149,1180,1180,1441,1584,1346,1440,1556,1535,1219,1399,1252,1144,1364,1387,1217,1427,1535,1468,1147,1066,1446,1074,1206,1142,1108,1153,1499,1509,1028,1056,1076,1266,1244,1128,1248,1461,1441,1163,1139,1548,1470,1352,1173,1309,1085,1371,1254,1269
75,56,True,1250,1265,1281,1496,1149,1156,1107,1241,1558,1171,1274,1379,1542,1186,1162,1557,1371,1035,1441,1251,1251,1512,1484,1488,1265,1110,1174,1302,1258,1463,1583,1330,1483,1322,1195,1265,1217,1195,1289,1246,1535,1331,1106,1483,1130,1256,1562,1078,1450,1226,1169,1333,1238,1267,1176,1515,1126,1516,1205,1571,1174,1541,1091,1284,1181,1267,1053,1052,1150,1193,1473,1291,1465,1229,1170,1140,1141
75,56,True,1414,1126,1201,1183,1163,1581,1189,1078,1102,1145,1208,1547,1337,1163,1435,1550,1242,1009,1232,1109,1184,1444,1430,1128,1164,1219,1108,1322,1506,1377,1504,1196,1195,1245,1308,1113,1496,1245,1284,1376,1289,1259,1320,1320,1226,1451,1424,1296,1125,1314,1296,1186,1277,1387,1242,1219,1458,1095,1119,1338,1433,1451,1548,1163,1161,1069,1233,1171,1200,1312,1156,1401,1484,1060,1111,1107,1128
75,56,True,1149,1321,1134,1293,1156,1266,1535,1103,1050,1556,1211,1630,1331,1324,1595,1704,1345,1305,1020,1208,1073,1162,1121,1162,1290,1252,1406,1378,1092,1198,1445,1150,1256,1497,1275,1409,1496,1132,1570,1171,1305,1210,1168,1261,1291,1297,1636,1201,1108,1211,1253,1131,1193,1162,1314,1257,1202,1088,1150,1045,1291,1149,1130,1590,1317,1261,1334,1072,1219,1292,1137,1341,1177,1246,1525,1457,1362
75,56,True,1346,1136,1204,1118,1286,1153,1107,1253,1280,1677,1548,1528,1277,1172,1256,1662,1482,1234,1156,1013,1412,1378,1496,1213,1091,1300,1498,1133,1121,1206,1394,1420,1341,1302,1242,1161,1307,1250,1382,1279,1388,1399,1182,1291,1467,1093,1336,1110,1413,1326,1303,1406,1212,1474,1144,1118,1357,1099,1182,1187,1535,1535,1222,1154,1058,1152,1140,1469,1300,1380,1328,1280,1266,1316,1110,1405,1298
75,56,True,1522,1198,1169,1154,1413,1035,1600,1623,1139,1251,1229,1553,1739,1304,1180,1322,1485,1322,1410,1092,1389,1354,1243,1317,1312,1512,1283,1333,1492,1552,1290,1475,1450,1317,1519,1285,1088,1270,1373,1416,1653,1298,1252,1459,1114,1108,1294,1199,1071,1070,1429,1396,1323,1296,1012,1502,1089,1225,1349,1476,1433,1348,1396,1189,1219,1244,1221,1113,1209,1141,1456,1220,1248,1174,1119,1066,1305
75,56,True,1104,1385,1473,1552,1156,1234,1165,1575,1132,1217,1282,1260,1272,1355,1173,1534,1414,1344,1023,1182,1270,1172,1539,1461,1117,1119,1326,1408,1357,1136,1462,1233,1535,1252,1160,1444,1285,1491,1262,1288,1517,1401,1219,1116,1332,1364,1250,1124,1403,1249,1224,1147,1473,1149,1169,1514,1389,1178,1077,1322,1227,1336,1607,1273,1462,1088,1422,1224,1310,1162,1366,1490,1362,1203,1252,1325,1189
75,56,True,1159,1193,1530,1225,1061,1122,1394,1266,1399,1299,1148,1314,1648,1313,1278,1446,1419,1049,1500,1155,1306,1093,1138,1180,1253,1532,1202,1524,1506,1230,1112,1385,1281,1308,1099,1266,1044,1365,1362,1377,1170,1165,1202,1241,1304,1284,1304,1385,1416,1442,1216,1256,1323,1261,1250,1158,1264,1241,1597,1210,1409,1252,1190,1369,1409,1195,1087,1228,1537,1189,1404,1400,1442,1089,1186,1226,1340
75,56,True,1174,1528,1263,1524,1156,1247,1144,1702,1620,1484,1148,1274,1273,1181,1448,1365,1262,1101,1158,1384,1068,1245,1171,1355,1210,1373,1259,1477,1626,1346,1348,1490,1250,1114,1181,1123,1141,1393,1304,1537,1211,1238,1192,1323,1174,1236,1221,1185,1366,1422,1117,1093,1187,1480,1265,1151,1144,1294,1544,1487,1528,1233,1406,1330,1132,1192,1213,1226,1386,1370,1346,1240,1283,1282,1156,1181,1392
75,56,True,1148,1230,1218,1283,1264,1114,1290,1536,1244,1133,1250,1154,1183,1379,1350,1245,1416,1275,1428,1285,1119,1322,1547,1174,1196,1317,1304,1456,1122,1504,1162,1217,1389,1424,1484,1210,1455,1498,1180,1253,1509,1459,1302,1276,1450,1370,1399,1392,1178,1222,1067,1074,1382,1090,1282,1423,1211,1476,1168,1058,1162,1332,1142,1292,1342,1238,1484,1292,1142,1180,1529,1136,1124,1115,1318,1126,1396
75,56,True,1154,1433,1112,1212,1474,1233,1137,1328,1172,1194,1234,1265,1376,1593,1220,1230,1237,1118,1267,1465,1144,1270,1204,1443,1208,1228,1477,1180,1146,1169,1360,1387,1546,1388,1083,1338,1145,1349,1342,1503,1307,1290,1348,1415,1240,1395,1448,1203,1450,1038,1346,1542,1219,1112,1053,1193,1312,1197,1190,1166,1336,1264,1614,1405,1132,1188,1156,1120,1319,1270,1467,1219,1427,1084,1120,1308,1318
75,56,True,1172,1277,1560,1218,1286,1171,1097,1274,1130,1217,1251,1277,1193,1637,1258,1281,1283,1309,931,1444,1124,1216,1278,1380,1338,1097,1088,1563,1169,1372,1371,1254,1336,1409,1085,1503,1310,1304,1483,1140,1492,1430,1168,1342,1445,1406,1119,1324,1094,1470,1522,1404,1492,1133,1486,1198,1342,1116,1373,1267,1298,1475,1345,1085,1244,1114,1147,1440,1304,1148,1346,1602,1241,1241,1076,1102,1047
75,56,True,1195,1156,1237,1170,1186,1550,1244,1080,1312,1209,1472,1197,1313,1594,1548,1299,1611,1343,1079,1185,1463,1334,1428,1129,1312,1258,1263,1235,1263,1301,1534,1588,1569,1373,1323,1259,1191,1337,1076,1258,1263,1535,1238,1230,1490,1346,1548,1345,1450,1357,1318,1507,1166,1436,1064,1282,1190,1412,1122,1480,1309,1440,1173,1574,1093,1394,1378,1124,1417,1444,1444,1350,1260,1257,1013,1416,1298
75,56,True,1107,1520,1121,1136,1254,1107,1652,1181,1324,1243,1118,1533,1169,1610,1309,1259,1397,1386,993,1251,1134,1555,1538,1200,1374,1464,1501,1277,1232,1345,1324,1468,1109,1123,1202,1534,1320,1442,1133,1244,1585,1512,1130,1256,1205,1318,1128,1371,1320,1058,1128,1060,1221,1168,1205,1461,1178,1444,1124,1075,1456,1093,1320,1193,1246,1570,1611,1186,1334,1426,1178,1077,1398,1136,1070,1350,1314
75,56,True,1177,1170,1097,1188,1216,1278,1187,1492,1201,1284,1222,1200,1280,1643,1363,1629,1282,1348,1078,1130,1134,1120,1304,1239,1215,1358,1264,1553,1440,1222,1380,1235,1358,1175,1108,1187,1384,1262,1530,1257,1243,1121,1185,1389,1432,1128,1370,1241,1442,1301,1328,1100,1194,1414,1153,1112,1265,1461,1394,1084,1067,1123,1158,1340,1091,1538,1443,1521,1481,1164,1275,1244,1192,1126,1308,1457,1107
75,56,True,1163,1532,1212,1229,1525,1256,1161,1240,1621,1249,1193,1316,1429,1532,1402,1269,1307,1186,1393,1460,1305,1124,1508,1290,1505,1398,1066,1216,1341,1216,1161,1294,1548,1296,1162,1315,1288,1131,1329,1373,1475,1296,1538,1482,1229,1307,1254,1237,1509,1154,1360,1069,1204,1147,1467,1220,1114,1180,1154,1344,1114,1295,1598,1522,1260,1169,1354,1235,1214,1337,1508,1372,1333,1294,1462,1198,1283
75,56,True,1484,1280,1139,1228,1131,1208,1102,1601,1361,1592,1472,1558,1650,1389,1197,1496,1264,972,1420,1334,1140,1120,1131,1558,1169,1142,1204,1245,1236,1461,1247,1306,1352,1452,1561,1260,1453,1417,1218,1252,1395,1521,1368,1146,1129,1274,1245,1168,1597,1237,1180,1105,1345,1042,1478,1242,1491,1054,1219,1219,1254,1192,1081,1286,1173,1083,1397,1094,1505,1234,1555,1321,1345,1278,1212,1203,1040
75,56,True,1264,1259,1126,1187,1213,1226,1210,1091,1592,1592,1629,1237,1635,1304,1186,1220,1323,1334,1015,1175,1188,1138,1061,1378,1104,1431,1118,1329,1432,1490,1562,1443,1246,1342,1303,1142,1077,1264,1130,1282,1395,1369,1233,1321,1137,1440,1250,1146,1196,1302,1507,1386,1208,1267,1524,1428,1396,1378,1311,1192,1333,1306,1221,1107,1035,1488,1493,1235,1397,1392,1385,1046,1417,1101,1444,1070,1225
75,56,True,1158,1166,1576,1226,1288,1523,1343,1126,1266,1222,1300,1229,1365,1245,1643,1430,1563,1049,1010,1056,1147,1249,1169,1381,1712,1513,1062,1254,1333,1302,1210,1318,1392,1470,1459,1222,1185,1475,1411,1154,1220,1209,1095,1302,1302,1267,1318,1164,1406,1484,1150,1317,1309,1181,1353,1586,1149,1056,1184,1126,1251,1075,1200,1236,1328,1281,1486,1358,1134,1100,1371,1219,1184,1136,1316,1253,1200
75,56,True,1338,1369,1405,1540,1181,1108,1299,1213,1611,1226,1336,1587,1367,1361,1264,1286,1289,1349,1038,1474,1260,1467,1413,1321,1105,1112,1311,1260,1477,1336,1364,1419,1189,1374,1245,1535,1429,1152,1202,1177,1470,1463,1184,1434,1420,1477,1158,1206,1196,1509,1233,1203,1436,1165,1138,1493,1161,1266,1325,1446,1197,1357,1154,1160,1440,1118,1189,1170,1173,1225,1245,1211,1121,1324,1357,1172,1129
75,56,True,1234,1245,1571,1136,1211,1608,1220,1190,1250,1228,1162,1555,1245,1248,1330,1323,1277,1083,1188,1081,1286,1539,1456,1504,1257,1145,1389,1291,1428,1452,1523,1476,1641,1120,1299,1322,1133,1299,1250,1507,1628,1125,1003,1242,1371,1122,1229,1101,1330,1200,1226,1152,1366,1400,1317,1218,1442,1290,1213,1120,1154,1199,1450,1535,1302,1036,1389,1233,1221,1325,1397,1442,1194,1370,1235,1251,1119
75,56,True,1168,1336,1142,1318,1198,1437,1279,1246,1250,1262,1174,1312,1311,1437,1418,1699,1729,1217,958,1174,1132,1252,1117,1147,1121,1347,1175,1338,1278,1176,1521,1395,1269,1496,1108,1477,1340,1211,1170,1158,1538,1369,1313,1392,1416,1382,1308,1248,1169,1211,1226,1182,1091,1296,1412,1548,1514,1309,1069,1400,1204,1424,1160,1155,1154,1466,1532,1546,1384,1092,1185,1174,1234,1354,1529,1333,1474
75,56,True,1176,1269,1228,1105,1222,1041,1162,1170,1121,1250,1128,1534,1602,1400,1225,1465,1242,1269,1221,1126,1118,1098,1154,1287,1313,1121,1117,1465,1246,1381,1402,1448,1289,1219,1217,1284,1270,1188,1264,1518,1465,1535,1392,1211,1155,1233,1274,1097,1346,1436,1570,1495,1502,1308,1102,1306,1406,1430,1099,1403,1306,1187,1210,1388,1235,1298,1121,1221,1184,1237,1553,1137,1334,1088,1107,1480,1130
75,56,True,1535,1219,1217,1120,1300,1203,1107,1215,1271,1353,1650,1589,1297,1338,1429,1278,1518,974,1180,1363,1152,1526,1317,1114,1337,1281,1443,1143,1488,1274,1494,1365,1277,1422,1282,1426,1164,1196,1558,1473,1429,1377,1171,1217,1184,1142,1337,1242,1193,1212,1451,1054,1328,1261,1500,1187,1254,1168,1522,1454,1307,1465,1302,1561,1086,1125,1298,1166,1552,1408,1402,1080,1101,1366,1180,1339,1126
75,56,True,1261,1170,1166,1505,1273,1226,1217,1094,1331,1568,1248,1297,1180,1316,1698,1532,1360,1065,966,1357,1483,1530,1149,1268,1487,1121,1140,1264,1338,1499,1510,1452,1476,1387,1281,1336,1456,1292,1110,1498,1536,1285,1353,1489,1491,1240,1165,1248,1254,1204,1212,1234,1134,1081,1362,1158,1478,1164,1513,1566,1210,1224,1062,1113,1093,1468,1190,1404,1417,1203,1392,1485,1259,1251,1172,1155,1133
75,56,True,1177,1504,1244,1184,1289,1616,1867,1421,1068,1376,1158,1292,1653,1397,1739,1363,1232,1361,1452,1259,1306,1170,1320,1419,1432,1365,1454,1240,1379,1562,1340,1328,1160,1291,1406,1350,1450,1338,1162,1438,1300,1198,1406,1234,1364,1634,1650,1430,1229,1153,1253,1184,1411,1313,1116,1384,1461,1368,1377,1066,1082,1116,1116,1558,1313,1298,1117,1409,1218,1280,1390,1163,1155,1269,1177,1185,1392
75,56,True,1180,1176,1148,1325,1232,1188,1278,1392,1482,1248,1102,1619,1206,1609,1450,1515,1533,1112,985,1262,1316,1077,1192,1290,1480,1323,1502,1294,1473,1258,1475,1325,1117,1535,1340,1387,1176,1358,1130,1180,1277,1429,1243,1360,1376,1576,1330,1353,1272,1392,1177,1340,1331,1146,1147,1426,1475,1178,1117,1261,1470,1341,1262,1309,1297,1585,1216,1133,1280,1034,1257,1126,1188,1357,1104,1402,1251
75,56,True,1189,1531,1188,1219,1360,1212,1232,1552,1086,1324,1298,1410,1570,1881,1610,1223,1308,989,1252,1145,1272,1132,1304,1601,1581,1490,1461,1306,1464,1317,1364,1424,1535,1199,1620,1504,1076,1289,1508,1318,1183,1475,1461,1301,1383,1176,1446,1092,1474,1245,1138,1067,1161,1162,1194,1133,1070,1148,1197,1300,1385,1219,1332,1344,1060,1100,1393,1216,1282,1281,1185,1217,1248,1363,1613,1100,1086
75,56,True,1202,1481,1262,1209,1141,1535,1210,1182,1269,1497,1409,1715,1280,1284,1474,1244,1296,1072,1020,1433,1148,1081,1106,1124,1437,1302,1446,1441,1323,1525,1396,1504,1261,1245,1103,1552,1304,1548,1297,1416,1504,1374,1100,1394,1421,1212,1265,1454,1131,1168,1368,1593,1211,1091,1054,1260,1304,1394,1104,1192,1171,1396,1229,1258,1106,1068,1112,1161,1332,1190,1433,1432,1142,1416,1188,1219,1234
75,56,True,1128,1299,1473,1257,1175,1144,1111,1240,1192,1150,1308,1365,1302,1778,1267,1564,1292,1324,1164,1182,1507,1496,1569,1221,1434,1224,1089,1142,1297,1166,1475,1640,1690,1296,1324,1360,1081,1535,1571,1294,1590,1265,1397,1429,1179,1400,1240,1505,1465,1356,1126,1534,1408,1025,1249,1605,1498,1165,1061,1202,1324,1489,1404,1260,1176,1138,1043,1098,1342,1443,1496,1474,1403,1262,1386,1217,1228
75,56,True,1258,1410,1213,1204,1324,1057,1144,1123,1290,1126,1576,1571,1358,1345,1620,1259,1296,1088,1417,1165,1124,1078,1517,1458,1579,1187,1478,1176,1438,1115,1384,1200,1154,1582,1477,1127,1251,1248,1493,1182,1318,1334,1500,1570,1548,1101,1465,1368,1312,1372,1345,1392,1220,1428,1466,1595,1128,1174,1258,1289,1460,1201,1243,1502,1204,1153,1453,1178,1032,1040,1238,1213,1457,1302,995,1182,1229
75,56,True,1486,1186,1102,1140,1217,1424,1337,1289,1260,1435,1158,1162,1200,1725,1308,1325,1285,1006,1101,1056,1155,1082,1270,1229,1108,1476,1482,1544,1208,1572,1256,1178,1250,1533,1037,1048,1433,1294,1514,1560,1450,1226,1234,1522,1242,1172,1235,1277,1227,1331,1507,1382,1190,1383,1365,1487,1130,1225,1475,1659,1360,1215,1476,1087,1489,1418,1345,1648,1506,1254,1114,1265,1391,1228,1414,1146,1158
75,56,True,1160,1209,1364,1335,1210,1176,1265,1214,1262,1627,1773,1162,1360,1417,1186,1282,1508,1095,1027,1458,1506,1405,1131,1129,1284,1197,1187,1459,1251,1635,1548,1354,1379,1601,1314,1427,1298,1171,1460,1465,1578,1420,1145,1285,1222,1332,1552,1371,1251,1233,1316,1357,1086,1438,1288,1174,1224,1414,1377,1348,1168,1389,1154,1208,1177,1317,1227,1261,1524,1217,1364,1257,1354,1215,1427,1162,1050
75,56,True,1456,1212,1161,1369,1260,1261,1387,1126,1245,1209,1222,1316,1708,1396,1569,1448,1370,1283,1013,1036,1064,1130,1229,1202,1193,1644,1320,1226,1200,1190,1365,1501,1428,1174,1296,1256,1570,1272,1282,1488,1242,1202,1244,1323,1505,1406,1388,1173,1093,1066,1499,1321,1110,1394,1259,1477,1332,1281,1288,1090,1573,1178,1227,1579,1217,1661,1131,1104,1104,1282,1199,1184,1336,1358,1517,1629,1320
75,56,True,1284,1590,1542,1565,1136,1224,1133,1281,1633,1177,1532,1139,1635,1225,1465,1620,1440,1297,1046,1266,1418,1204,1129,1101,1533,1502,1268,1178,1086,1314,1354,1604,1333,1482,1158,1361,1192,1174,1270,1707,1185,1162,1261,1153,1376,1232,1476,1229,1344,1176,1312,1475,1410,1149,1309,1218,1337,1452,1073,1164,1535,1447,1262,1450,1401,1207,1344,1349,1458,1535,1581,1262,1299,1412,1080,1276,1458
75,56,True,1424,1806,1539,1213,1132,1586,1237,1146,1563,1232,1651,1126,1179,1194,1174,1256,1273,1356,1412,1266,1573,1545,1436,1131,1211,1155,1438,1440,1364,1206,1562,1459,1298,1496,1209,1386,1282,1265,1480,1477,1444,1372,1309,1240,1445,1131,1296,1173,1329,1072,1283,1077,1433,1190,1357,1156,1635,1181,1494,1491,1561,1489,1236,1400,1056,1201,1286,1108,1262,1389,1450,1194,1485,1400,1325,1286,1116
75,56,True,1059,1219,1221,1266,1419,1235,1441,1243,1144,1255,1627,1337,1300,1597,1638,1724,1360,1269,1177,1088,1227,1177,1066,1505,1258,1398,1100,1438,1082,1196,1397,1200,1413,1352,1403,1261,1207,1289,1397,1285,1563,1219,1376,1168,1518,1339,1492,1174,1138,1057,1133,1266,1238,1346,1341,1376,1221,1093,1170,1104,1450,1440,1332,1634,1513,1130,1210,1105,1276,1217,1114,1259,1477,1261,1485,1236,1334
75,56,True,1518,1326,1130,1187,1537,1236,1179,1333,1129,1253,1906,1182,1677,1270,1229,1293,1358,1227,1037,1018,1132,1186,1235,1364,1136,1324,1396,1200,1249,1307,1548,1366,1397,1206,1226,1358,1207,1358,1126,1410,1330,1500,1065,1128,1310,1134,1535,1388,1240,1373,1304,1331,1246,1286,1212,1329,1082,1535,1133,1253,1484,1294,1116,1108,1366,1162,1235,1258,1281,1420,1102,1200,1232,1162,1138,1410,1083
75,56,True,1228,1096,1237,1250,1141,1224,1140,1225,1340,1244,1193,1542,1195,1317,1243,1243,1190,1258,1021,1071,1535,1553,1496,1525,1516,1267,1386,1510,1345,1504,1206,1413,1468,1364,1232,1100,1275,1139,1476,1369,1333,1201,1136,1495,1363,1142,1453,1231,1314,1325,1141,1576,1337,1514,1320,1382,1538,1079,1136,1138,1458,1587,1600,1452,1091,1210,1379,1213,1356,1116,1211,1354,1421,1180,1228,1270,1084
75,56,True,1251,1527,1257,1291,1212,1163,1560,1504,1621,1146,1233,1422,1568,1535,1206,1416,1384,1170,1449,1092,1405,1823,1561,1353,1200,1496,1120,1350,1315,1061,1494,1686,1312,1452,1393,1330,1150,1196,1345,1398,1254,1535,1369,1549,1126,1196,1125,1137,1285,1081,1260,1357,1180,1020,1453,1412,1180,1057,1100,1096,1553,1518,1609,1402,1330,1100,1170,1101,1292,1188,1366,1472,1315,1249,1202,1245,1102
75,56,True,1226,1155,1362,1257,1517,1112,1208,1476,1425,1500,1565,1118,1176,1230,1213,1672,1269,945,1177,1245,1542,1120,1283,1234,1324,1190,1269,1274,1125,1363,1232,1504,1472,1272,1088,1217,1184,1368,1209,1297,1260,1437,1132,1171,1298,1198,1288,1181,1433,1063,1248,1281,1097,1329,1450,1412,1462,1605,1048,1104,1205,1253,1104,1189,1229,1229,1419,1513,1282,1108,1156,1190,1376,1256,1052,1061,1535
75,56,True,1456,1274,1176,1328,1211,1162,1226,1379,1144,1704,1108,1569,1193,1338,1628,1620,1287,1046,1443,1128,1144,1249,1252,1137,1281,1493,1348,1346,1222,1526,1323,1553,1271,1127,1226,1334,1142,1322,1182,1513,1643,1474,1198,1206,1320,1266,1416,1375,1248,1222,1317,1204,1217,1134,1166,1160,1233,1442,1535,1204,1535,1097,1273,1112,1252,1333,1237,1307,1470,1355,1323,1126,1244,1068,1480,1366,1244
75,56,True,1201,1227,1354,1098,1261,1181,1161,1627,1298,1682,1142,1420,1587,1562,1400,1364,1317,1286,1056,1051,1413,1289,1385,1491,1216,1284,1540,1324,1442,1445,1226,1186,1467,1402,1134,1216,1214,1452,1394,1231,1353,1461,1535,1512,1312,1289,1105,1080,1434,1264,1352,1208,1473,1544,1277,1547,1388,1461,1355,1058,1437,1044,1492,1187,1056,1144,1228,1254,1289,1210,1232,1514,1424,1406,1324,1138,1254
75,56,True,1475,1221,1192,1081,1193,1257,1240,1252,1402,1271,1393,1700,1350,1174,1322,1231,1381,1093,1379,1101,1132,1125,1339,1269,1140,1298,1165,1190,1634,1327,1325,1278,1209,1198,1133,1398,1204,1142,1458,1506,1502,1401,1236,1120,1452,1186,1374,1374,1149,1572,1261,1379,1405,1233,1241,1341,1412,1432,1219,1192,1424,1137,1098,1242,1366,1235,1362,1488,1314,1257,1376,1024,1369,1168,1528,1316,1430
75,56,True,1318,1388,1138,1298,1233,1155,1290,1568,1286,1597,1430,1164,1352,1389,1148,1290,1426,1060,1018,1180,1517,1819,1236,1101,1382,1546,1288,1403,1236,1358,1155,1435,1228,1201,1315,1137,1169,1281,1438,1217,1297,1333,1386,1256,1152,1217,1214,1070,1471,1145,1224,1158,1410,1380,1341,1461,1261,1210,1096,1416,1499,1189,1048,1177,1150,1069,1052,1405,1321,1324,1264,1173,1146,1251,1220,1040,1054
75,56,True,1318,1336,1535,1323,1257,1592,1230,1122,1176,1259,1272,1188,1616,1406,1241,1250,1240,1282,993,1222,1249,1157,1141,1708,1565,1245,1177,1107,1229,1250,1264,1296,1503,1352,1341,1459,1221,1353,1149,1389,1201,1311,1295,1267,1384,1265,1109,1422,1294,1184,1113,1358,1429,1259,1373,1274,1329,1424,1457,1465,1088,1376,1384,1295,1221,1096,1308,1317,1169,1294,1285,1459,1424,1341,1301,1128,1193
75,56,True,1120,1214,1142,1266,1096,1169,1144,1500,1581,1089,1532,1275,1163,1284,1464,1230,1414,1178,1183,1377,1342,1239,1185,1108,1305,1152,1234,1224,1460,1411,1093,1224,1209,1152,1305,1338,1486,1540,1616,1418,1295,1242,1348,1310,1541,1440,1307,1176,1312,1321,1102,1408,1338,1105,1124,1483,1249,1661,1568,1066,1499,1214,1296,1209,1065,1144,1389,1456,1309,1226,1386,1104,1273,1205,1449,1035,1308
75,56,True,1142,1140,1254,1164,1142,1506,1158,1221,1242,1322,1270,1306,1446,1374,1672,1212,1270,987,1274,1214,1452,1117,1171,1216,1213,1310,1273,1361,1584,1443,1554,1386,1230,1530,1186,1314,1139,1535,1428,1531,1235,1128,1173,1238,1372,1297,1169,1297,1307,1390,1176,1240,1125,1493,1412,1130,1298,1360,1369,1198,1193,1290,1050,1416,1329,1252,1471,1459,1246,1392,1262,1192,1130,1328,1172,1431,1337
75,56,True,1153,1235,1387,1108,1228,1069,1339,1269,1569,1281,1265,1163,1493,1305,1376,1672,1434,1384,1056,1283,1520,1311,1739,1281,1283,1522,1214,1315,1429,1209,1556,1172,1427,1474,1453,1157,1124,1156,1493,1216,1365,1256,1337,1650,1268,1316,1257,1209,1317,1299,1176,1132,1158,1357,1406,1311,1233,1133,1283,1405,1331,1077,1254,1373,1535,1494,1122,1123,1101,1421,1317,1390,1148,1333,1088,1213,1370
75,56,True,1251,1123,1507,1321,1168,1285,1125,1233,1452,1144,1308,1540,1586,1264,1189,1294,1331,1276,1446,1583,1358,1301,1097,1523,1371,1115,1363,1157,1629,1384,1168,1419,1535,1182,1328,1205,1218,1361,1305,1512,1190,1252,1021,1413,1141,1184,1285,1540,1398,1499,1300,1182,1299,1377,1402,1290,1265,1227,1170,1650,1260,1233,1204,1323,1442,1326,1222,1294,1464,1302,1376,1080,1432,1134,1157,1185,1403
75,56,True,1258,1213,1225,1283,1099,1182,1114,1248,1211,1283,1315,1467,1315,1205,1665,1331,1308,1040,1472,1475,1256,1123,1241,1118,1456,1501,1045,1345,1268,1467,1365,1328,1148,1289,1302,1510,1397,1161,1417,1406,1478,1379,1040,1354,1217,1169,1236,1052,1122,1218,1416,1267,1163,1496,1116,1358,1349,1194,1549,1345,1512,1234,1096,1237,1080,1125,1494,1394,1281,1337,1393,1182,1326,1083,1126,1381,1185
75,56,True,1459,1173,1249,1312,1252,1529,1083,1292,1165,1316,1315,1176,1273,1377,1274,1233,1369,1254,974,1058,1280,1524,1122,1326,1228,1595,1238,1465,1135,1213,1277,1148,1278,1323,1362,1248,1553,1298,1342,1253,1326,1115,1131,1126,1178,1296,1331,1234,1019,1435,1262,1196,1149,1403,1461,1330,1260,1207,1034,1302,1364,1074,1333,1333,1129,1715,1552,1269,1354,1414,1242,1393,1289,1250,1372,1311,1196
75,56,True,1490,1365,1397,1226,1146,1176,1212,1296,1152,1426,1405,1519,1354,1158,1173,1569,1349,1018,978,1046,1330,1630,1174,1134,1115,1155,1247,1381,1303,1352,1663,1412,1202,1285,1126,1248,1090,1296,1189,1552,1374,1406,1548,1535,1249,1331,1535,1392,1104,1125,1194,1325,1328,1221,1396,1123,1354,1086,1058,1548,1472,1140,1529,1678,1100,1226,1246,1216,1397,1193,1270,1267,1094,1329,1306,1088,1241
75,56,True,1270,1245,1187,1161,1313,1204,1180,1177,1297,1639,1347,1375,1349,1177,1292,1521,1366,1112,1349,1358,1553,1424,1533,1312,1203,1295,1090,1448,1364,1386,1674,1245,1356,1219,1433,1164,1077,1360,1531,1408,1278,1351,1268,1224,1246,1294,1353,1102,1647,1227,1691,1069,1300,1465,1355,1345,1531,1055,1105,1429,1521,1244,1232,1535,1186,1396,1506,1280,1514,1330,1188,1179,1353,1184,1227,1391,1115
75,56,True,1196,1181,1174,1144,1260,1192,1154,1149,1146,1265,1226,1602,1315,1382,1198,1293,1282,1034,1485,1692,1253,1050,1142,1214,1296,1259,1168,1409,1665,1644,1547,1452,1110,1240,1224,1209,1202,1475,1552,1251,1205,1391,1186,1184,1194,1105,1435,1064,1346,1253,1421,1057,1312,1056,1158,1144,1218,1147,1443,1378,1218,1184,1374,1312,1293,1185,1188,1251,1666,1371,1167,1304,1233,1284,1128,1102,1490
75,56,True,1150,1130,1149,1269,1344,1337,1134,1217,1645,1149,1140,1553,1289,1476,1796,1576,1267,1077,1163,1088,1182,1165,1537,1617,1627,1569,1213,1525,1552,1135,1292,1247,1370,1432,1131,1409,1284,1208,1156,1201,1550,1163,1187,1241,1390,1492,1235,1064,1478,1379,1221,1184,1241,1566,1216,1535,1136,1498,1402,1148,1379,1200,1266,1488,1364,1331,1464,1211,1198,1137,1273,1535,1282,1452,1418,1285,1145
75,56,True,1282,1104,1257,1243,1441,1328,1246,1250,1273,1242,1158,1392,1322,1481,1545,1530,1288,944,1435,1088,1458,1235,1240,1771,1354,1269,1294,1398,1228,1134,1195,1164,1475,1201,1513,1467,1102,1162,1296,1187,1208,1209,1118,1531,1269,1458,1387,1145,1184,1199,1067,1200,1341,1603,1364,1226,1188,1448,1553,1412,1084,1193,1438,1302,1426,1344,1273,1262,1115,1048,1483,1201,1163,1406,1431,1469,1096
75,56,True,1513,1233,1146,1149,1234,1572,1195,1101,1275,1569,1374,1222,1189,1613,1211,1576,1396,1328,1238,1475,1916,1146,1298,1172,1525,1261,1535,1169,1411,1173,1381,1170,1176,1473,1240,1395,1182,1156,1560,1393,1357,1161,1402,1218,1216,1205,1236,1060,1438,1397,1183,1389,1474,1118,1024,1539,1427,1152,1463,1535,1336,1109,1309,1235,1241,1193,1088,1341,1258,1359,1156,1417,1112,1085,1089,1308,1364
75,56,True,1184,1139,1269,1316,1396,1112,1084,1251,1195,1307,1294,1530,1228,1535,1268,1214,1275,1297,1145,1260,1260,1544,1586,1616,1361,1338,1113,1130,1257,1418,1261,1203,1332,1594,1551,1412,1387,1427,1280,1409,1518,1318,1245,1340,1766,1555,1286,1057,1454,1243,1129,1497,1532,1229,1202,1535,1363,1236,1125,1088,1340,1136,1250,1424,1298,1188,1099,1097,1355,1138,1245,1128,1459,1344,1461,1180,1177
75,56,True,1096,1132,1126,1393,1342,1683,1273,1108,1213,1288,1590,1299,1202,1273,1404,1333,1262,1291,1120,1232,1060,1222,1309,1613,1612,1665,1167,1409,1489,1161,1177,1284,1198,1285,1588,1250,1149,1226,1181,1396,1150,1450,1301,1209,1596,1309,1119,1152,1289,1315,1249,1430,1105,1428,1562,1312,1504,1020,1024,1135,1260,1567,1406,1378,1482,1240,1160,1258,1214,1193,1300,1194,1176,1424,1124,1153,1141
75,56,True,1174,1232,1099,1128,1532,1260,1641,1522,1449,1108,1168,1161,1418,1222,1500,1337,1408,1374,1377,1126,1057,1558,1513,1444,1396,1361,1330,1366,1565,1362,1230,1427,1198,1354,1530,1296,1293,1310,1258,1398,1238,1428,1051,1489,1134,1351,1424,1471,1199,1264,1032,1163,1072,1314,1429,1466,1403,1530,1066,1350,1160,1241,1196,1492,1207,1101,1476,1521,1219,1166,1356,1242,1208,1056,1090,1575,1264
75,56,True,1531,1212,1216,1276,1396,1069,1209,1496,1245,1168,1555,1208,1327,1324,1212,1420,1247,1005,1435,1027,1526,1275,1256,1223,1400,1165,1252,1554,1248,1361,1498,1441,1581,1372,1456,1131,1423,1379,1394,1345,1156,1226,1411,1668,1273,1459,1332,1194,1174,1096,1129,1260,1444,1265,1293,1626,1354,1060,1248,1083,1581,1404,1419,1376,1210,1169,1276,1187,1096,1281,1278,1560,1305,1405,1392,1117,1426
75,56,True,1146,1106,1315,1535,1249,1205,1544,1188,1135,1283,1153,1208,1273,1324,1203,1228,1614,994,1144,1278,1308,1513,1334,1504,1264,1122,1132,1270,1501,1588,1526,1465,1292,1470,1506,1266,1092,1504,1266,1437,1513,1196,1324,1523,1227,1505,1437,1178,1113,1201,1318,1085,1512,1450,1297,1288,1208,1295,1405,1162,1341,1145,1597,1346,1296,1171,1289,1069,1194,1138,1167,1301,1432,1494,1089,1109,1200
75,56,True,1416,1102,1153,1170,1152,1570,1212,1153,1504,1376,1355,1337,1208,1411,1270,1530,1162,1015,1103,1597,1186,1302,1201,1209,1315,1115,1512,1234,1409,1197,1434,1161,1385,1128,1185,1134,1432,1363,1381,1317,1292,1353,1141,1403,1540,1287,1240,1382,1170,1458,1264,1201,1233,1208,1246,1592,1444,1179,1379,1267,1405,1204,1369,1176,1513,1213,1204,1576,1196,1566,1168,1059,1331,1232,1342,1318,1341
75,56,True,1129,1224,1194,1460,1274,1518,1212,1118,1476,1161,1276,1396,1405,1393,1567,1725,1310,1004,1238,1245,1113,1341,1506,1376,1482,1528,1260,1371,1413,1262,1512,1275,1322,1470,1280,1251,1103,1416,1181,1151,1297,1283,1242,1535,1282,1378,1205,1257,1189,1112,1232,1471,1308,1307,1364,1441,1298,1392,1225,1155,1109,1458,1488,1238,1251,1510,1160,1059,1314,1334,1234,1192,1448,1323,1413,1235,1202
75,56,True,1160,1150,1285,1211,1177,1267,1224,1542,1137,1220,1250,1259,1203,1374,1669,1424,1410,1022,1379,1035,1201,1131,1540,1307,1278,1275,1193,1146,1264,1225,1449,1507,1224,1404,1569,1589,1482,1268,1379,1158,1140,1257,1058,1482,1512,1277,1611,1305,1398,1380,1321,1212,1377,1290,1362,1611,1449,1140,1336,1327,1415,1535,1238,1619,1494,1587,1494,1049,1501,1184,1210,1440,1418,1244,1392,1247,1442
75,56,True,1148,1048,1436,1512,1148,1173,1590,1402,1228,1545,1240,1614,1164,1189,1248,1562,1315,1100,1161,1166,1299,1107,1507,1142,1349,1252,1114,1261,1524,1064,1310,1329,1138,1157,1137,1294,1637,1479,1603,1475,1174,1221,1198,1472,1260,1238,1465,1325,1266,1535,1049,1181,1139,1082,1370,1294,1809,1389,1177,1238,1229,1163,1201,1200,1160,1056,1477,1251,1633,1056,1109,1187,1216,1179,1202,1419,1476
75,56,True,1200,1170,1129,1566,1676,1217,1405,1646,1296,1584,1230,1288,1246,1370,1320,1235,1335,923,1403,1086,1262,1131,1147,1545,1528,1494,1442,1193,1385,1157,1498,1203,1497,1428,1160,1342,1277,1466,1412,1285,1229,1403,1201,1518,1517,1212,1557,1384,1077,1160,1168,1294,1582,1437,1356,1212,1294,1429,1245,1259,1401,1182,1266,1604,1200,1168,1160,1105,1083,1240,1145,1275,1253,1438,1294,1380,1228
75,56,True,1200,1051,1201,1149,1233,1481,1544,1535,1262,1146,1250,1188,1258,1389,1589,1481,1441,1041,1013,987,1302,1532,1535,1174,1424,1633,1228,1434,1321,1429,1198,1278,1440,1314,1700,1386,1152,1300,1251,1218,1382,1440,1212,1365,1336,1195,1333,1365,1077,1355,1486,1096,1472,1260,1075,1528,1732,1211,1068,1303,1226,1187,1268,1188,1332,1223,1082,1282,1090,1114,1386,1336,1293,1417,1248,1256,1315
75,56,True,1331,1205,1438,1219,1155,1144,1168,1234,1608,1193,1283,1268,1324,1394,1306,1276,1550,1098,1004,1035,1203,1301,1242,1590,1536,1149,1148,1122,1417,1324,1313,1403,1390,1500,1212,1125,1232,1228,1339,1226,1310,1466,1226,1535,1324,1145,1131,1080,1185,1139,1299,1384,1354,1233,1243,1421,1243,1051,1173,1355,1192,1379,1468,1535,1156,1208,1262,1121,1157,1315,1312,1288,1521,1350,1133,1089,1176
75,56,True,1594,1219,1216,1184,1172,1354,1122,1262,1520,1616,1544,1572,1636,1387,1211,1322,1496,1268,1208,1439,1138,1138,1152,1088,1578,1203,1104,1613,1291,1518,1212,1514,1429,1148,1115,1464,1166,1419,1187,1484,1370,1132,1074,1242,1268,1321,1274,1241,1131,1461,1225,1273,1157,1263,1140,1110,1081,1409,1221,1476,1469,1259,1083,1194,1450,1290,1241,1166,1510,1258,1166,1315,1112,1173,1112,1370,1152
75,56,True,1153,1386,1201,1243,1221,1187,1602,1268,1171,1216,1196,1409,1628,1213,1453,1259,1324,1157,966,1144,1418,1518,1245,1298,1330,1131,1296,1248,1435,1228,1312,1308,1209,1365,1369,1127,1397,1150,1493,1480,1648,1397,1368,1147,1429,1466,1490,1281,1201,1535,1241,1274,1272,1164,1222,1491,1128,1454,1424,1341,1818,1450,1397,1121,1393,1171,1257,1130,1539,1148,1354,1204,1397,1137,1097,1246,1062
75,56,True,1387,1134,1211,1226,1204,1230,1412,1177,1129,1134,1117,1294,1363,1344,1426,1271,1378,991,1453,1600,1358,1054,1060,1152,1194,1532,1072,1324,1309,1413,1445,1432,1236,1496,1358,1328,1246,1204,1320,1602,1316,1031,1309,1243,1219,1185,1169,1232,1144,1504,1132,1096,1501,1212,1252,1515,1386,1460,1398,1508,1178,1254,1112,1483,1126,1102,1109,1522,1251,1340,1350,1101,1078,1324,1360,1299,1179
75,56,True,1160,1172,1181,1240,1350,1312,1412,1265,1280,1212,1263,1250,1264,1411,1338,1318,1411,1168,1216,1056,1168,1155,1334,1160,1446,1476,1253,1153,1676,1421,1404,1208,1457,1465,1358,1464,1291,1285,1174,1229,1419,1183,1090,1284,1346,1333,1458,1454,1316,1211,1147,1317,1231,1124,1424,1525,1688,1272,1481,1107,1267,1261,1147,1178,1610,1437,1036,1086,1396,1354,1128,1306,1374,1244,1436,1439,1282
75,56,True,1132,1118,1197,1493,1194,1262,1374,1258,1299,1250,1266,1202,1656,1312,1220,1293,1542,1399,963,1225,1129,1257,1105,1155,1512,1293,1237,1258,1418,1160,1419,1468,1124,1438,1286,1374,1330,1355,1453,1454,1459,1137,1209,1535,1298,1290,1454,1469,1114,1358,1181,1112,1297,1103,1195,1484,1341,1406,1286,1190,1462,1289,1513,1237,1056,1235,1633,1277,1284,1144,1106,1208,1433,1403,1198,1411,1235
75,56,True,1496,1198,1246,1472,1588,1160,1233,1190,1475,1154,1292,1403,1409,1393,1301,1243,1505,1150,1279,1085,1524,1185,1302,1212,1540,1282,1050,1629,1454,1168,1357,1524,1242,1490,1176,1339,1146,1444,1216,1453,1296,1405,1357,1514,1354,1504,1202,1179,1096,1137,1376,1352,1376,1361,1113,1505,1330,1243,1552,1356,1579,1261,1331,1116,1216,1108,1166,1160,1273,1211,1605,1404,1463,1338,1276,1326,1352
75,56,True,1387,1121,1230,1132,1189,1257,1202,1290,1701,1675,1620,1594,1324,1156,1363,1222,1404,1501,1899,1300,1376,1283,1403,1095,1120,1545,1116,1249,1345,1532,1410,1282,1411,1262,1538,1380,1411,1645,1653,1717,1498,1109,1310,1535,1414,1294,1350,1433,1321,1262,1075,1326,1224,1193,1149,1114,1300,1532,1374,1298,1566,1054,1126,1380,1294,1529,1380,1149,1354,1256,1339,1142,1343,1236,1196,1344,1402
75,56,True,1586,1401,1216,1144,1202,1157,1307,1202,1180,1260,1315,1264,1329,1252,1324,1257,1289,1345,1084,1307,1563,1281,1068,1126,1236,1285,1131,1165,1401,1368,1211,1217,1210,1435,1278,1132,1436,1254,1408,1556,1516,1347,1098,1324,1475,1154,1253,1190,1436,1701,1201,1066,1285,1256,1049,1293,1423,1134,1081,1122,1513,1173,1112,1368,1065,1306,1257,1034,1368,1281,1384,1177,1472,1242,1164,1236,1123
75,56,True,1215,1577,1273,1218,1259,1305,1225,1429,1626,1304,1174,1683,1329,1481,1860,1786,1244,1294,1031,1291,1108,1505,1570,1530,1329,1507,1482,1372,1294,1186,1482,1295,1301,1362,1262,1213,1206,1233,1289,1231,1173,1235,1121,1226,1460,1452,1229,1117,1210,1075,1264,1058,1137,1416,1430,1451,1201,1448,1117,1152,1536,1189,1547,1678,1624,1456,1304,1515,1375,1208,1242,1227,1480,1304,1168,1266,1121
75,56,True,1298,1272,1283,1177,1156,1176,1230,1134,1284,1097,1195,1136,1549,1382,1453,1300,1544,1349,1170,1067,1174,1573,1526,1141,1275,1205,1210,1338,1172,1479,1504,1310,1319,1164,1469,1120,1186,1535,1257,1168,1469,1358,1321,1190,1524,1228,1446,1389,1124,1108,1187,1297,1134,1268,1213,1323,1320,1273,1057,1233,1600,1219,1133,1429,1102,1235,1160,1081,1213,1408,1458,1398,1138,1244,1314,1177,1129
75,56,True,1235,1267,1175,1219,1288,1184,1261,1200,1599,1186,1208,1109,1720,1500,1233,1714,1339,1313,1217,1089,1282,1443,1220,1345,1550,1279,1060,1186,1324,1522,1229,1425,1722,1408,1352,1410,1225,1386,1249,1529,1271,1284,1505,1520,1598,1449,1504,1060,1141,1265,1302,1116,1380,1348,1500,1356,1114,1325,1098,1316,1294,1164,1421,1349,1073,1421,1226,1207,1069,1241,1182,1291,1418,1240,1174,1154,1176
75,56,True,1144,1154,1242,1119,1238,1309,1432,1317,1126,1275,1126,1199,1529,1389,1264,1496,1578,1196,1149,1465,1521,1272,1115,1490,1141,1428,1192,1203,1512,1381,1228,1131,1553,1227,1401,1435,1405,1181,1120,1192,1134,1279,1348,1276,1418,1545,1355,1411,1212,1048,1374,1209,1176,1104,1535,1557,1312,1508,1159,1273,1441,1188,1149,1181,1203,1385,1438,1203,1298,1230,1177,1256,1124,1166,1643,1282,1457
75,56,True,1155,1238,1208,1493,1344,1266,1540,1531,1248,1145,1283,1148,1180,1380,1274,1267,1408,1028,1270,1088,1293,1557,1753,1337,1348,1234,1341,1174,1314,1363,1510,1469,1309,1612,1592,1225,1195,1132,1269,1541,1257,1341,1407,1445,1789,1146,1216,1327,1324,1140,1206,1182,1302,1474,1353,1180,1410,1445,1535,1244,1174,1153,1434,1285,1352,1281,1376,1267,1388,1206,1220,1637,1517,1395,1270,1200,1328
75,56,True,1193,1136,1398,1397,1827,1678,1532,1588,1282,1171,1626,1372,1339,1629,1243,1417,1307,1276,1057,1478,1301,1315,1224,1239,1385,1443,1346,1190,1189,1354,1493,1535,1272,1637,1593,1370,1476,1209,1130,1204,1155,1308,1194,1502,1612,1449,1466,1083,1224,1205,1153,1265,1156,1320,1536,1626,1252,1385,1306,1137,1168,1091,1224,1515,1402,1569,1157,1117,1339,1188,1498,1155,1217,1235,1195,1349,1041
75,56,True,1144,1106,1535,1318,1290,1567,1261,1376,1037,1210,1297,1268,1442,1613,1593,1396,1272,1040,1465,1092,1115,1160,1624,1713,1730,1196,1204,1353,1478,1266,1200,1340,1563,1506,1483,1485,1182,1155,1413,1322,1263,1450,1235,1202,1434,1286,1476,1130,1036,1102,1077,1249,1232,1450,1186,1103,1171,1181,1453,1356,1352,1348,1240,1652,1378,1040,1171,1208,1245,994,1144,1216,1394,1184,1582,1153,1252
75,56,True,1522,1237,1197,1509,1226,1177,1076,1238,1670,1177,1406,1330,1422,1550,1319,1569,1514,1016,1267,1313,1332,1229,1168,1259,1433,1458,1430,1160,1362,1290,1429,1509,1334,1138,1246,1199,1448,1142,1107,1266,1562,1285,1435,1315,1440,1321,1548,1095,1076,1196,1533,1345,1272,1210,1115,1149,1212,1205,1478,1352,1197,1317,1389,1258,1203,1291,1315,1235,1322,1535,1630,1272,1552,1179,1096,1149,1363
75,56,True,1141,1104,1128,1222,1516,1278,1144,1541,1192,1252,1268,1288,1174,1652,1535,1535,1271,1326,989,1488,1122,1302,1292,1525,1416,1362,1140,1198,1291,1102,1349,1429,1440,1454,1347,1438,1232,1453,1241,1121,1242,1537,1396,1338,1212,1221,1206,1357,1060,1288,1037,1187,1453,1192,1491,1173,1154,1413,1144,1529,1172,1182,1082,1522,1192,1333,1204,1268,1147,1296,1395,1066,1452,1352,1482,1198,1112
75,56,True,1524,1382,1502,1138,1157,1147,1090,1275,1126,1246,1182,1291,1263,1397,1474,1326,1435,1269,1218,1626,1614,1304,1496,1184,1261,1113,1091,1259,1315,1651,1250,1259,1141,1105,1185,1163,1102,1074,1306,1357,1482,1442,1147,1267,1174,1204,1391,1114,1420,1189,1178,1182,1260,1136,1290,1535,1326,1075,1466,1650,1357,1207,1078,1242,1296,1077,1267,1338,1317,1428,1741,1088,1272,1196,1062,1105,1211
75,56,True,1205,1417,1227,1222,1222,1535,1360,1698,1400,1131,1250,1690,1186,1186,1472,1410,1360,1360,1361,970,1121,1210,1210,1199,1229,1290,1189,1429,1392,1139,1221,1399,1228,1388,1302,1454,1368,1297,1535,1215,1337,1417,1374,1126,1489,1466,1570,1260,1162,1221,1221,1073,1520,1090,1357,1222,1420,1172,1326,1276,1122,1043,1306,1308,1145,1164,1146,1512,1124,1244,1329,1065,1363,1409,1313,1339,1472
75,56,True,1289,1493,1122,1214,1160,1152,1158,1181,1347,1306,1544,1172,1620,1172,1201,1300,1569,1059,1093,1449,1465,1235,1094,1480,1143,1315,1141,1253,1339,1448,1403,1535,1434,1279,1306,1187,1404,1245,1469,1349,1235,1394,1141,1235,1124,1241,1410,1190,1233,1604,1389,1073,1355,1052,1504,1309,1217,1348,1541,1587,1222,1257,1182,1206,1170,1198,1110,1454,1476,1246,1163,1355,1240,1325,1311,1184,1188
75,56,True,1177,1526,1204,1073,1146,1181,1145,1237,1484,1323,1249,1188,1182,1298,1456,1363,1344,1329,1083,1213,1157,1128,1036,1519,1307,1281,1440,1493,1510,1307,1230,1224,1136,1392,1165,1228,1386,1459,1456,1392,1364,1213,1189,1116,1234,1201,1535,1417,1450,1086,1214,1187,1318,1117,1133,1309,1410,1543,1535,1262,1378,1251,1397,1226,1424,1062,1184,1182,1285,1230,1363,1320,1182,1297,1138,1270,1506
75,56,True,1150,1218,1150,1234,1395,1193,1264,1178,1597,1318,1520,1318,1259,1896,1502,1526,1314,941,1041,1090,1118,1076,1603,1614,1594,1675,1160,1357,1167,1174,1373,1374,1129,1427,1229,1546,1401,1163,1334,1241,1497,1317,1270,1497,1477,1293,1119,1242,1325,1264,1518,1228,1293,1269,1456,1162,1249,1211,1209,1064,1146,1420,1180,1217,1489,1171,1353,1392,1450,1211,1397,1262,1160,1440,1189,1417,1171
75,56,True,1291,1189,1254,1116,1192,1203,1344,1246,1345,1226,1210,1171,1506,1378,1357,1374,1412,1281,1246,1241,1093,1281,1130,1339,1378,1385,1241,1625,1171,1196,1305,1435,1237,1308,1468,1424,1604,1468,1116,1244,1101,1497,1168,1136,1178,1387,1452,1490,1080,1442,1131,1437,1130,1097,1193,1485,1294,1075,1231,1274,1369,1280,1229,1252,1506,1244,1711,1574,1140,1096,1435,1424,1147,1492,1219,1326,1481
75,56,True,1104,1197,1169,1506,1239,1302,1372,1243,1636,1272,1310,1264,1649,1432,1486,1749,1446,1426,1392,1403,1450,1349,1174,1110,1224,1517,1638,1535,1164,1344,1105,1215,1259,1140,1303,1508,1437,1654,1262,1218,1214,1152,1355,1201,1273,1604,1360,1284,1213,1256,1377,1043,1215,1181,1076,1246,1358,1349,1073,1352,1211,1182,1133,1357,1312,1272,1411,1358,1248,1136,1457,1437,1183,1221,1364,1258,1600
75,56,True,1525,1251,1601,1382,1368,1206,1193,1189,1178,1160,1347,1686,1311,1305,1203,1568,1246,1009,1216,1123,1212,1697,1385,1452,1146,1230,1156,1312,1161,1254,1474,1512,1566,1189,1432,1276,1233,1166,1421,1316,1549,1224,1186,1476,1403,1138,1198,1098,1163,1243,1121,1629,1505,1490,1176,1379,1142,1445,1163,1083,1275,1534,1362,1570,1222,1263,1202,1093,1339,1246,1535,1456,1504,1358,1339,1390,1028
75,56,True,1145,1216,1130,1571,1384,1212,1120,1124,1196,1310,1182,1337,1333,1619,1569,1521,1550,1310,1242,1462,1500,1530,1535,1616,1654,1398,1097,1137,1358,1281,1236,1309,1192,1506,1478,1219,1221,1270,1221,1435,1294,1252,1632,1446,1462,1470,1276,1428,1088,1264,1260,1187,1320,1361,1154,1380,1384,1060,1258,1028,1497,1134,1597,1353,1147,1296,1156,1309,1196,1368,1556,1091,1587,1280,1433,1310,1122
75,56,True,1184,1100,1270,1233,1315,1216,1209,1921,1784,1196,1259,1573,1664,1619,1288,1597,1385,1278,1416,1267,1203,1147,1315,1507,1422,1157,1460,1241,1366,1578,1424,1160,1145,1297,1192,1189,1163,1388,1399,1348,1204,1350,1341,1210,1325,1247,1334,1249,1533,1451,1313,1079,1395,1305,1163,1196,1590,1349,1614,1130,1211,1326,1242,1266,1400,1083,1288,1531,1321,1330,1133,1106,1104,1161,1569,1213,1318
75,56,True,1282,1302,1314,1268,1262,1279,1197,1117,1214,1360,1578,1620,1476,1282,1731,1784,1325,1138,969,1474,1089,1229,1133,1462,1237,1543,1051,1564,1443,1097,1195,1270,1448,1451,1540,1307,1091,1428,1209,1163,1546,1437,1643,1405,1489,1416,1133,1160,1181,1272,1268,1200,1655,1317,1516,1257,1113,1475,1254,1452,1338,1164,1218,1414,1470,1222,1286,1470,1263,1342,1321,1123,1439,1497,1194,1142,1108
75,56,True,1107,1522,1254,1181,1312,1866,1640,1128,1248,1155,1625,1284,1341,1185,1512,1603,1152,1221,1149,1084,1098,1115,1512,1385,1496,1772,1340,1244,1330,1231,1377,1390,1130,1193,1294,1698,1310,1142,1267,1371,1133,1341,1171,1427,1400,1250,1365,1187,1484,1200,1104,1259,1258,1633,1697,1318,1202,1115,1320,1172,1242,1332,1108,1226,1574,1577,1070,1161,1307,1186,1254,1185,1195,1476,1544,1424,1266
75,56,True,1098,1249,1298,1421,1366,1235,1529,1514,1252,1229,1486,1152,1625,1266,1658,1244,1493,1282,983,1126,1336,1316,1170,1302,1608,1312,1137,1346,1418,1154,1214,1126,1665,1279,1318,1385,1114,1142,1434,1333,1235,1501,1657,1200,1478,1361,1190,1193,1429,1483,1256,1303,1222,1452,1463,1226,1317,1150,1266,1280,1389,1411,1193,1553,1197,1228,1200,1074,1293,1236,1308,1773,1563,1352,1268,1142,1094
75,56,True,1172,1169,1154,1130,1017,1274,1329,1272,1157,1228,1601,1250,1181,1627,1234,1400,1387,1160,1488,1170,1296,1470,1209,1322,1176,1305,1219,1229,1171,1652,1284,1264,1213,1270,1379,1381,1222,1384,1317,1296,1576,1299,1436,1229,1261,1478,1258,1102,1416,1535,1388,1465,1169,1284,1548,1454,1354,1278,1242,1602,1356,1216,1440,1371,1309,1204,1265,1492,1226,1260,1152,1142,1379,1080,1173,1320,1219
75,56,True,1224,1390,1237,1178,1241,1363,1272,1326,1336,1114,1333,1394,1211,1682,1283,1506,1233,1058,1073,1145,1599,1372,1098,1229,1105,1195,1131,1487,1381,1298,1704,1539,1251,1224,1136,1261,1264,1508,1480,1622,1218,1246,1231,1386,1240,1108,1194,1127,1485,1224,1535,1368,1270,1190,1443,1252,1535,1374,1086,1331,1533,1302,1098,1329,1273,1205,1294,1133,1290,1272,1515,1519,1185,1121,1224,1196,1421
75,56,False,1266,1146,1129,1162,1234,1607,1198,1276,1403,1268,1240,1178,1376,1614,1237,1473,1356,1233,1637,1372,1298,1451,1124,1226,1125,1138,1294,1349,1535,1306,1177,1202,1541,1169,1317,1207,1186,1441,1536,1456,1200,1356,1219,1238,1236,1414,1437,1406,1483,1278,1389,1243,1448,1177,1112,1196,1284,1604,1210,1066,1193,1095,1129,1477,1205,1413,1438,1309,1476,1172,1201,1302,1063,1438,1357,1189,1456
75,56,False,1160,1175,1187,1210,1060,1233,1162,1598,1210,1330,1587,1535,1289,1384,1261,1246,1528,1280,1020,1489,1056,1248,1169,1268,1112,1183,1093,1179,1583,1212,1218,1227,1125,1404,1226,1536,1146,1092,1464,1557,1201,1501,1092,1197,1254,1167,1379,1146,1316,1199,1241,1402,1050,1169,1310,1298,1525,1352,1099,1158,1238,1204,1129,1176,1461,1264,1236,1261,1119,1256,1523,1222,1363,1261,1332,1110,1163
75,56,False,1166,1147,1198,1234,1185,1120,1263,1123,1333,1244,1245,1208,1342,1715,1481,1538,1269,953,1377,1239,1299,1117,1238,1194,1097,1279,1057,1419,1270,1205,1180,1218,1248,1372,1203,1114,1345,1297,1196,1113,1419,1485,1071,1130,1535,1451,1245,1248,1313,1322,1378,1137,1093,1246,1060,1242,1148,1169,1213,1354,1302,1380,1197,1575,1195,1167,1421,1234,1150,1276,1093,1417,1139,1350,1405,1276,1190
75,56,False,1277,1125,1265,1165,1257,1104,1130,1122,1594,1245,1142,1537,1348,1328,1679,1249,1428,1077,1147,1448,1214,1235,1491,1154,1359,1562,1228,1105,1219,1353,1210,1234,1421,1405,1275,1189,1236,1280,1358,1187,1332,1273,1126,1200,1290,1150,1174,1113,1412,1192,1411,1090,1139,1368,1333,1301,1107,1543,1384,1122,1243,1084,1200,1334,1134,1217,1180,1389,1173,1164,1345,1313,1258,1428,1266,1156,1118
75,56,False,1171,1158,1134,1272,1160,1240,1249,1196,1145,1104,1213,1394,1172,1700,1492,1288,1411,944,1024,1099,1121,1077,1551,1163,1462,1117,1194,1256,1134,1554,1425,1136,1346,1455,1142,1387,1456,1483,1277,1358,1125,1375,1089,1181,1158,1353,1120,1248,1265,1209,1202,1299,1170,1185,1036,1171,1517,1272,1209,1128,1116,1310,1065,1354,1423,1261,1493,1452,1049,1089,1298,1259,1029,1389,1145,1101,1239
75,56,False,1136,1203,1136,1535,1186,1266,1477,1389,1249,1156,1280,1222,1176,1291,1557,1236,1339,1010,1172,998,1106,1117,1354,1470,1144,1520,1422,1310,1077,1368,1203,1398,1102,1277,1310,1423,1237,1393,1115,1313,1200,1404,1068,1206,1453,1277,1305,1409,1145,1122,1112,1464,1339,1157,1065,1101,1115,1358,1393,1400,1132,1184,1040,1144,1234,1252,1447,1225,1251,1082,1174,1381,1161,1141,1218,1251,1160
75,56,False,1213,1172,1138,1165,1265,1123,1535,1276,1112,1198,1230,1336,1628,1276,1456,1457,1359,1323,1268,1088,1298,1507,1124,1302,1484,1206,1088,1299,1109,1252,1234,1204,1234,1138,1353,1274,1472,1209,1363,1147,1358,1346,1171,1445,1360,1301,1439,1107,1121,1230,1277,1069,1156,1486,1440,1259,1340,1164,1153,1109,1416,1301,1272,1471,1214,1180,1118,1260,1211,1082,1093,1368,1261,1061,1139,1128,1278
75,56,False,1339,1168,1118,1490,1221,1293,1348,1134,1610,1291,1150,1294,1336,1216,1456,1308,1239,987,1128,1065,1466,1201,1212,1458,1176,1188,1193,1123,1395,1130,1266,1443,1375,1129,1366,1138,1304,1345,1336,1128,1196,1393,1110,1193,1194,1093,1251,1108,1166,1142,1117,1160,1066,1065,1101,1554,1108,1154,1359,1392,1196,1321,1246,1365,1218,1148,1523,1083,1099,1051,1086,1251,1226,1264,1440,1178,1218
75,56,False,1038,1153,1515,1204,1132,1240,1044,1096,1122,1576,1219,1329,1604,1645,1468,1252,1359,1001,1277,1107,1507,1207,1245,1462,1292,1141,1153,1258,1126,1393,1146,1288,1217,1197,1326,1188,1420,1186,1152,1352,1417,1198,1363,1329,1309,1245,1298,1115,1360,1218,1165,1464,1233,1074,1226,1493,1212,1051,1168,1312,1401,1194,1350,1419,1062,1056,1258,1098,1206,1292,1116,1301,1155,1184,1216,1102,1230
75,56,False,1116,1135,1246,1156,1138,1125,1249,1125,1182,1486,1304,1291,1651,1643,1453,1269,1269,1137,1061,1003,1512,1116,1216,1506,1138,1122,1033,1123,1057,1230,1274,1206,1393,1196,1427,1146,1129,1252,1330,1446,1394,1194,1417,1442,1293,1248,1393,1225,1084,1347,1075,1214,1264,1055,1185,1441,1116,1278,1484,1233,1199,1514,1155,1157,1280,1155,1267,1275,1060,1406,1228,1210,1280,1024,1090,1235,1118
75,56,False,1452,1234,1124,1210,1493,1066,1069,1281,1121,1594,1386,1554,1356,1213,1428,1359,1221,1258,1405,1107,1523,1142,1348,1502,1484,1268,1368,1118,1219,1268,1176,1190,1152,1245,1080,1234,1274,1168,1243,1237,1155,1379,1347,1174,1196,1357,1129,1247,1093,1261,1139,1367,1238,1041,1060,1136,1197,1100,1535,1092,1251,1464,1304,1139,1067,1282,1184,1154,1181,1272,1116,1217,1310,1205,1188,1045,1128
75,56,False,1167,1535,1203,1158,1310,1123,1188,1229,1192,1585,1260,1180,1161,1207,1278,1557,1321,989,1448,1213,1091,1113,1067,1461,1172,1338,1028,1217,1210,1308,1205,1274,1232,1324,1192,1141,1069,1232,1385,1100,1225,1120,1290,1483,1214,1450,1256,1348,1464,1160,1179,1051,1130,1135,1250,1219,1118,1197,1193,1282,1235,1268,1220,1297,1217,1128,1353,1184,1170,1118,1123,1371,1347,1029,1403,1106,1222
75,56,False,1154,1386,1245,1271,1525,1184,1097,1537,1215,1704,1138,1152,1180,1275,1201,1517,1379,1261,1193,1064,1250,1474,1146,1184,1292,1212,1117,1457,1453,1158,1475,1537,1124,1423,1290,1262,1253,1216,1365,1086,1299,1157,1345,1304,1157,1165,1120,1102,1048,1450,1194,1056,1337,1289,1329,1405,1214,1278,1265,1128,1280,1056,1065,1342,1334,1289,1422,1109,1172,1416,1378,1236,1489,1078,1186,1163,1219
75,56,False,1178,1174,1145,1164,1199,1137,1233,1197,1300,1207,1268,1535,1510,1314,1198,1535,1324,1292,1232,1107,1302,1535,1166,1188,1152,1195,1468,1425,1363,1413,1209,1238,1258,1269,1187,1140,1147,1357,1339,1273,1416,1161,1147,1433,1213,1174,1241,1133,1165,1102,1442,1154,1413,1308,1104,1314,1203,1058,1178,1380,1228,1427,1188,1249,1118,1043,1355,1406,1325,1356,1411,1237,1397,1298,1168,1329,1146
75,56,False,1141,1108,1241,1252,1168,1237,1533,1133,1286,1206,1613,1662,1552,1396,1456,1646,1288,1282,1406,1396,1330,1352,1171,1107,1458,1125,1208,1331,1291,1266,1395,1397,1222,1250,1157,1277,1449,1300,1268,1260,1452,1463,1482,1256,1353,1129,1498,1158,1499,1179,1284,1464,1117,1165,1492,1325,1201,1224,1192,1124,1292,1098,1086,1421,1432,1150,1427,1355,1549,1089,1132,1205,1188,1088,1354,1154,1120
75,56,False,1544,1309,1222,1497,1099,1181,1581,1266,1160,1105,1308,1316,1277,1177,1250,1424,1324,1368,1432,1303,1128,1308,1535,1488,1515,1328,1067,1194,1489,1226,1422,1274,1180,1233,1376,1462,1085,1180,1136,1542,1363,1345,1170,1471,1285,1128,1357,1316,1337,1286,1205,1078,1192,1212,1022,1375,1424,1401,1347,1220,1461,1113,1136,1412,1203,1246,1477,1147,1313,1326,1263,1102,1244,1465,1298,1230,1316
75,56,False,1153,1499,1247,1300,1533,1111,1214,1176,1154,1649,1260,1308,1179,1217,1451,1305,1243,1006,1042,1449,1334,1452,1131,1243,1104,1198,1144,1214,1499,1535,1242,1133,1277,1294,1486,1202,1051,1248,1123,1350,1320,1285,1084,1313,1230,1156,1291,1349,1454,1074,1038,1377,1144,1192,1516,1501,1484,1320,1446,1268,1456,1269,1306,1336,1192,1422,1165,1117,1192,1492,1474,1211,1093,1458,1205,1042,1277
75,56,False,1535,1203,1059,1283,1230,1285,1044,1176,1578,1235,1168,1273,1552,1649,1313,1525,1274,985,1293,990,1105,1501,1056,1524,1184,1226,1152,1402,1405,1181,1410,1417,1262,1276,1255,1538,1132,1166,1490,1128,1270,1251,1452,1464,1164,1234,1326,1145,1476,1121,1093,1250,1506,1136,1378,1317,1142,1212,1144,1169,1580,1265,1454,1128,1285,1496,1306,1258,1228,1412,1262,1291,1296,1147,1124,1257,1085
75,56,False,1128,1209,1155,1545,1570,1133,1200,1603,1269,1128,1385,1141,1173,1174,1410,1312,1422,1289,1397,1420,1314,1153,1321,1461,1124,1304,1461,1266,1520,1472,1341,1548,1491,1413,1206,1426,1227,1221,1196,1376,1373,1459,1165,1360,1320,1364,1161,1142,1153,1230,1189,1288,1438,1052,1364,1418,1344,1145,1199,1169,1459,1405,1342,1253,1403,1176,1480,1314,1330,1145,1409,1184,1273,1178,1125,1346,1163
75,56,False,1135,1137,1119,1114,1221,1167,1124,1296,1129,1202,1219,1192,1186,1391,1181,1253,1397,1050,1406,1273,1512,1127,1218,1121,1154,1139,1273,1268,1361,1374,1149,1445,1244,1155,1433,1146,1202,1124,1122,1258,1497,1153,1497,1461,1460,1390,1245,1262,1140,1060,1197,1199,1070,1068,1298,1363,1325,1273,1109,1176,1297,1384,1237,1556,1212,1154,1083,1252,1144,1175,1196,1237,1102,1246,1133,1131,1173
75,56,False,1166,1265,1214,1228,1279,1076,1221,1121,1374,1171,1273,1620,1515,1574,1276,1537,1310,1332,1116,1265,1212,1149,1074,1544,1132,1220,1275,1287,1132,1237,1227,1337,1378,1523,1192,1235,1265,1163,1337,1458,1490,1428,1394,1236,1387,1405,1162,1332,1377,1226,1386,1260,1184,1190,1056,1251,1533,1304,1102,1464,1233,1188,1144,1279,1237,1302,1125,1224,1301,1155,1164,1174,1202,1073,1168,1045,1057
75,56,False,1045,1202,1102,1283,1224,1310,1601,1474,1253,1136,1662,1613,1355,1164,1273,1521,1357,1006,1142,1006,1102,1113,1307,1470,1128,1322,1064,1334,1201,1105,1242,1165,1504,1158,1154,1151,1043,1284,1172,1318,1347,1317,1292,1315,1469,1185,1475,1100,1070,1328,1074,1190,1357,1096,1259,1143,1408,1074,1186,1275,1308,1077,1136,1488,1427,1152,1234,1264,1269,1193,1418,1178,1102,1197,1362,1070,1160
75,56,False,1177,1429,1150,1162,1161,1046,1220,1180,1291,1624,1305,1171,1571,1240,1457,1366,1535,970,996,1053,1294,1298,1130,1126,1160,1449,1090,1524,1170,1344,1310,1243,1123,1560,1333,1517,1341,1275,1306,1201,1218,1248,1470,1238,1515,1174,1186,1302,1250,1242,1212,1181,1235,1051,1154,1489,1378,1105,1403,1133,1406,1152,1309,1343,1429,1400,1061,1049,1284,1457,1203,1197,1433,1131,1188,1301,1238
75,56,False,1106,1197,1150,1226,1258,1489,1237,1197,1645,1240,1253,1273,1618,1193,1651,1324,1577,1016,1393,1186,1470,1152,1116,1522,1233,1325,1051,1339,1604,1232,1160,1164,1147,1224,1363,1269,1106,1467,1198,1250,1325,1104,1113,1204,1471,1106,1392,1266,1465,1290,1066,1210,1406,1377,1478,1157,1261,1182,1358,1316,1112,1088,1406,1396,1212,1392,1123,1188,1280,1107,1408,1128,1098,1419,1253,1345,1406
75,56,False,1192,1486,1216,1118,1497,1206,1535,1117,1118,1131,1378,1188,1180,1187,1269,1588,1249,1243,1387,1069,1454,1230,1311,1258,1436,1125,1040,1514,1118,1265,1218,1307,1447,1328,1435,1563,1173,1517,1305,1112,1534,1313,1133,1268,1185,1297,1538,1103,1093,1186,1193,1418,1371,1271,1478,1436,1482,1073,1175,1493,1318,1349,1374,1286,1211,1411,1470,1160,1260,1177,1554,1219,1318,1075,1058,1398,1130
75,56,False,1468,1163,1249,1168,1301,1140,1184,1218,1180,1310,1244,1185,1359,1574,1474,1739,1545,1309,1052,1234,1088,1152,1173,1535,1171,1194,1171,1190,1202,1137,1132,1522,1198,1275,1290,1369,1142,1368,1212,1248,1169,1173,1125,1286,1265,1172,1465,1153,1302,1050,1271,1051,1185,1174,1185,1535,1107,1196,1140,1152,1529,1307,1044,1142,1154,1209,1280,1481,1180,1104,1183,1075,1198,1283,1183,1218,1272
75,56,False,1117,1184,1115,1054,1104,1164,1206,1249,1232,1196,1276,1273,1579,1402,1465,1584,1278,883,1208,1009,1125,1174,1149,1084,1260,1201,1069,1147,1330,1121,1535,1178,1153,1187,1224,1220,1062,1235,1180,1387,1377,1104,1218,1106,1244,1153,1142,1304,1330,1464,1315,1200,1235,1120,1088,1304,1267,1170,1095,1209,1460,1377,1402,1073,1336,1168,1355,1118,1197,1184,1395,1163,1133,1081,1203,1395,1405
75,56,False,1123,1132,1130,1109,1541,1194,1168,1193,1257,1572,1240,1186,1184,1306,1461,1258,1236,956,1438,1086,1188,1220,1281,1109,1456,1116,1292,1270,1219,1238,1229,1119,1250,1436,1132,1146,1147,1334,1149,1424,1234,1187,1282,1102,1187,1377,1192,1035,1411,1237,1417,1058,1328,1040,1185,1373,1072,1182,1256,1318,1486,1340,1257,1094,1229,1105,1134,1084,1290,1345,1122,1425,1072,1267,1112,1069,1093
75,56,False,1153,1173,1139,1251,1187,1144,1164,1258,1640,1211,1150,1325,1584,1320,1448,1278,1269,969,939,1166,1146,1306,1137,1394,1189,1333,1193,1124,1132,1138,1125,1499,1138,1535,1366,1535,1279,1332,1385,1204,1502,1366,1405,1513,1509,1314,1150,1181,1461,1072,1101,1358,1048,1317,1181,1517,1113,1155,1310,1073,1500,1113,1084,1176,1507,1326,1267,1228,1100,1048,1333,1251,1246,1220,1226,1220,1449
75,56,False,1174,997,1117,1148,1534,1182,1141,1112,1147,1249,1620,1280,1206,1718,1234,1446,1453,1318,1328,1059,1179,1467,1228,1325,1153,1201,1320,1112,1387,1275,1325,1321,1569,1368,1241,1229,1300,1148,1163,1261,1131,1185,1397,1370,1552,1346,1174,1248,1364,1194,1305,1367,1469,1210,1109,1348,1444,1280,1144,1479,1009,1369,1136,1352,1085,1377,1499,1144,1236,1163,1342,1118,1297,1145,1304,1298,1072
75,56,False,1140,1205,1200,1221,1546,1117,1224,1193,1436,1235,1209,1288,1301,1201,1451,1372,1292,1025,1353,1219,1180,1057,1244,1257,1303,1161,1427,1517,1152,1322,1448,1330,1501,1117,1349,1395,1145,1444,1226,1201,1492,1462,1207,1280,1307,1379,1267,1478,1072,1224,1381,1226,1288,1294,1186,1241,1232,1156,1348,1396,1473,1160,1073,1302,1147,1075,1380,1227,1101,1267,1143,1425,1299,1188,1161,1376,1260
75,56,False,1168,1216,1206,1146,1589,1248,1138,1213,1238,1272,1209,1173,1282,1183,1205,1315,1357,993,1227,1473,1067,1268,1205,1289,1555,1184,1221,1332,1331,1284,1316,1232,1298,1162,1067,1330,1224,1196,1406,1345,1219,1204,1310,1408,1489,1125,1397,1149,1070,1124,1421,1411,1490,1286,1062,1372,1197,1119,1170,1059,1449,1236,1176,1213,1408,1238,1084,1204,1446,1224,1255,1389,1132,1315,1150,1172,1133
75,56,False,1115,1165,1245,1493,1179,1558,1236,1185,1324,1307,1147,1323,1338,1179,1380,1314,1253,1026,1356,1033,1156,1202,1258,1179,1449,1475,1084,1365,1535,1530,1434,1304,1476,1396,1347,1284,1449,1218,1244,1114,1145,1155,1073,1104,1160,1286,1450,1110,1384,1252,1308,1075,1349,1246,1328,1126,1362,1230,1130,1317,1191,1417,1197,1606,1264,1078,1151,1374,1434,1396,1148,1233,1237,1390,1374,1078,1142
75,56,False,1226,1208,1110,1262,1117,1209,1116,1159,1182,1134,1594,1277,1200,1220,1313,1605,1234,1217,1364,1070,1485,1320,1092,1100,1274,1232,1369,1411,1158,1356,1285,1480,1091,1054,1333,1535,1472,1515,1478,1330,1120,1216,1089,1321,1452,1311,1090,1273,1059,1262,1485,1100,1272,1368,1257,1535,1345,1129,1354,1196,1474,1077,1205,1297,1209,1229,1089,1458,1157,1169,1104,1107,1177,1220,1368,1220,1098
75,56,False,1067,1162,1121,1201,1246,1125,1140,1153,1190,1302,1276,1259,1294,1624,1189,1512,1280,889,1216,1198,1235,1366,1302,1237,1182,1109,1311,1246,1496,1162,1256,1381,1329,1478,1213,1141,1219,1496,1219,1396,1195,1133,1140,1390,1166,1228,1339,1086,1209,1373,1353,1156,1457,1338,1197,1313,1354,1361,1217,1304,1149,1049,1120,1202,1305,1306,1067,1170,1142,1344,1496,1252,1181,1110,1149,1331,1145
75,56,False,1474,1119,1238,1128,1230,1586,1307,1594,1241,1150,1171,1325,1317,1505,1449,1265,1382,1051,942,1289,1483,1222,1097,1480,1125,1213,1525,1585,1290,1270,1115,1136,1383,1296,1174,1362,1163,1109,1514,1363,1154,1144,1160,1339,1132,1253,1106,1392,1170,1068,1049,1244,1297,1253,1224,1252,1193,1112,1222,1190,1562,1103,1308,1052,1075,1177,1216,1142,1183,1192,1448,1048,1123,1027,1142,1178,1413
75,56,False,1525,1091,1167,1299,1178,1140,1123,1263,1426,1197,1534,1309,1315,1630,1244,1237,1225,979,1034,1236,1297,1131,1259,1108,1348,1118,1288,1587,1330,1340,1259,1147,1125,1288,1104,1281,1214,1188,1421,1211,1486,1423,1257,1369,1446,1261,1253,1078,1466,1099,1142,1416,1124,1064,1364,1235,1230,1073,1420,1144,1618,1323,1173,1373,1237,1406,1221,1321,1371,1299,1277,1408,1068,1400,1070,1093,1392
75,56,False,1457,1065,1179,1257,1546,1387,1249,1118,1227,1220,1240,1392,1352,1274,1187,1509,1282,1261,1010,1109,1142,1136,1326,1242,1218,1252,1121,1274,1165,1305,1183,1446,1214,1348,1345,1238,1076,1244,1232,1548,1316,1322,1090,1253,1535,1183,1107,1144,1105,1078,1029,1067,1067,1219,1251,1562,1433,1115,1110,1111,1144,1178,1157,1185,1134,1061,1075,1284,1225,1194,1233,1086,1384,1284,1425,1118,1108
75,56,False,1442,1120,1264,1179,1128,1129,1149,1196,1193,1123,1331,1134,1327,1664,1205,1329,1228,1317,1054,984,1164,1332,1304,1298,1460,1120,1041,1250,1202,1414,1214,1430,1131,1145,1096,1234,1200,1243,1418,1281,1500,1497,1451,1123,1193,1258,1363,1261,1122,1273,1144,1265,1300,1147,1147,1438,1419,1190,1248,1345,1165,1517,1334,1315,1379,1043,1131,1281,1107,1238,1298,1388,1197,1178,1213,1456,1401
75,56,False,1156,1189,1468,1183,1305,1229,1113,1219,1233,1226,1208,1329,1326,1342,1480,1633,1144,1070,973,1158,1117,1196,1331,1120,1108,1117,1064,1429,1325,1185,1355,1570,1472,1176,1203,1393,1120,1304,1441,1227,1233,1341,1120,1133,1345,1173,1222,1187,1229,1110,1067,1054,1100,1088,1324,1193,1097,1079,1178,1186,1533,1373,1268,1514,1068,1168,1342,1290,1251,1258,1343,1317,1491,1152,1146,1187,1166
75,56,False,1164,1182,1306,1144,1516,1253,1170,1268,1386,1147,1346,1316,1174,1400,1437,1336,1238,1235,1016,1287,1494,1141,1307,1190,1258,1516,1051,1414,1624,1301,1348,1394,1222,1212,1196,1332,1161,1245,1302,1201,1357,1134,1288,1461,1501,1251,1128,1141,1361,1049,1366,1194,1452,1284,1324,1166,1357,1350,1506,1147,1482,1236,1027,1413,1212,1325,1353,1400,1176,1118,1240,1213,1344,1433,1242,1182,1120
75,56,False,1176,1054,1149,1177,1146,1096,1242,1260,1263,1257,1298,1221,1364,1531,1192,1381,1420,1340,1390,1061,1333,1123,1146,1175,1225,1237,1214,1134,1248,1216,1177,1203,1436,1336,1524,1313,1164,1441,1548,1435,1210,1239,1144,1333,1475,1565,1131,1432,1353,1044,1050,1082,1323,1171,1491,1468,1576,1184,1270,1366,1186,1099,1354,1124,1218,1283,1038,1097,1205,1192,1106,1441,1112,1190,1418,1228,1339
75,56,False,1194,1216,1499,1229,1119,1403,1293,1535,1124,1219,1263,1328,1204,1531,1456,1246,1218,985,987,1288,1070,1299,1328,1178,1235,1362,1270,1307,1268,1186,1445,1496,1283,1191,1338,1217,1129,1260,1510,1406,1365,1049,1471,1269,1256,1204,1140,1370,1265,1249,1237,1324,1370,1274,1499,1420,1220,1064,1054,1268,1347,1247,1189,1448,1149,1299,1097,1356,1204,1139,1358,1436,1076,1080,1224,1285,1482
75,56,False,1148,1224,1202,1202,1542,1120,1349,1228,1149,1239,1571,1313,1316,1669,1474,1237,1233,983,1035,1391,1016,1505,1166,1084,1227,1142,1030,1075,1294,1211,1240,1048,1179,1230,1419,1434,1265,1421,1155,1140,1243,1145,1153,1226,1219,1278,1130,1363,1466,1116,1107,1264,1122,1117,1163,1491,1254,1161,1262,1066,1133,1162,1352,1242,1171,1264,1209,1134,1155,1136,1172,1454,1137,1206,1433,1453,1056
75,56,False,1219,1134,1326,1259,1501,1137,1264,1093,1516,1183,1336,1340,1198,1160,1632,1292,1535,1184,1269,1026,1282,1325,1536,1187,1164,1124,1113,1416,1265,1329,1128,1254,1136,1155,1226,1267,1406,1443,1151,1371,1475,1281,1378,1355,1190,1312,1394,1028,1182,1446,1357,1243,1393,1202,1193,1168,1154,1242,1109,1096,1298,1076,1134,1330,1174,1292,1112,1348,1216,1202,1465,1434,1114,1132,1472,1036,1249
75,56,False,1518,1344,1503,1125,1500,1520,1259,1095,1189,1324,1152,1174,1345,1667,1662,1562,1259,1285,1426,1083,1275,1323,1302,1185,1320,1314,1005,1061,1308,1245,1472,1519,1276,1435,1046,1414,1270,1230,1310,1474,1444,1225,1277,1195,1198,1471,1115,1141,1069,1181,1108,1168,1089,1264,1272,1136,1106,1372,1490,1270,1128,1273,1507,1330,1211,1253,1398,1424,1242,1120,1552,1201,1104,1322,1185,1044,1386
75,56,False,1124,1298,1235,1095,1201,1488,1109,1640,1264,1182,1248,1177,1194,1280,1437,1290,1234,1256,1384,1264,1068,1114,1316,1535,1162,1104,1390,1429,1145,1422,1133,1584,1177,1278,1096,1142,1206,1304,1331,1217,1536,1217,1156,1445,1333,1213,1421,1174,1058,1293,1214,1304,1069,1077,1192,1141,1518,1117,1257,1101,1101,1306,1128,1311,1252,1133,1187,1076,1210,1506,1218,1059,1183,1075,1038,1376,1156
75,56,False,1142,1232,1136,1296,1165,1245,1065,1152,1234,1240,1206,1253,1206,1653,1241,1238,1562,1347,1275,1462,1122,1194,1280,1330,1232,1205,1088,1418,1223,1328,1454,1211,1195,1290,1289,1163,1314,1343,1261,1264,1150,1152,1086,1469,1293,1420,1364,1210,1356,1157,1491,1284,1466,1304,1060,1336,1149,1450,1160,1197,1278,1496,1090,1404,1172,1273,1297,1078,1201,1113,1168,1210,1128,1378,1141,1066,1356
75,56,False,1144,1505,1129,1232,1180,1118,1122,1395,1136,1226,1242,1298,1152,1594,1209,1224,1553,899,1003,1462,1097,1177,1109,1284,1453,1425,1065,1160,1338,1153,1147,1268,1190,1245,1185,1206,1062,1146,1195,1469,1331,1198,1286,1346,1298,1180,1460,1082,1099,1096,1187,1436,1092,1036,1096,1283,1365,1208,1039,1083,1186,1340,1202,1417,1104,1230,1052,1074,1092,1169,1308,1499,1230,1419,1496,1082,1182
75,56,False,1137,1497,1181,1114,1213,1107,1201,1229,1240,1237,1243,1304,1406,1185,1460,1281,1547,1025,1152,1241,1007,1296,1430,1060,1216,1456,1517,1175,1401,1454,1163,1157,1533,1309,1194,1355,1301,1525,1315,1325,1226,1255,1130,1441,1154,1535,1361,1230,1200,1066,1066,1416,1152,1048,1050,1315,1374,1220,1419,1297,1560,1149,1248,1462,1105,1218,1245,1092,1308,1460,1346,1193,1183,1242,1173,1320,1389
75,56,False,1147,1189,1454,1150,1080,1133,1213,1268,1204,1236,1128,1313,1188,1542,1294,1339,1266,957,938,984,1221,1453,1317,1106,1320,1396,1094,1342,1417,1121,1102,1210,1259,1243,1312,1163,1366,1432,1157,1256,1297,1480,1322,1141,1309,1214,1460,1161,1469,1074,1171,1175,1054,1500,1030,1539,1294,1075,1173,1190,1101,1292,1131,1222,1146,1170,1090,1073,1269,1142,1162,1064,1284,1366,1187,1412,1368
75,56,False,1197,1205,1309,1328,1222,1152,1243,1257,1141,1205,1328,1185,1356,1609,1158,1436,1236,1330,1144,1269,1308,1136,1217,1166,1214,1292,1341,1580,1232,1258,1209,1204,1330,1132,1382,1270,1179,1294,1260,1388,1336,1211,1060,1377,1561,1505,1364,1458,1168,1123,1380,1131,1384,1276,1050,1284,1229,1153,1060,1272,1165,1208,1243,1369,1250,1076,1265,1437,1230,1237,1155,1272,1370,1248,1250,1245,1098
75,56,False,1185,1130,1200,1215,1249,1234,1152,1578,1295,1377,1465,1173,1585,1288,1185,1544,1228,1020,1129,1109,1064,1232,1465,1467,1218,1128,1293,1153,1300,1356,1245,1309,1140,1138,1336,1161,1259,1253,1121,1409,1115,1362,1074,1534,1343,1343,1410,1469,1379,1183,1100,1174,1150,1168,1305,1289,1429,1275,1248,1269,1450,1145,1373,1126,1257,1154,1227,1218,1187,1134,1221,1278,1176,1196,1067,1069,1209
75,56,False,1507,1148,1512,1214,1130,1202,1236,1288,1243,1204,1570,1252,1396,1362,1196,1498,1282,1008,1209,1117,1453,1186,1262,1429,1118,1291,1197,1299,1263,1283,1390,1266,1345,1340,1180,1279,1049,1491,1405,1512,1142,1232,1438,1137,1236,1455,1395,1163,1207,1381,1264,1113,1314,1198,1056,1334,1354,1163,1060,1265,1206,1072,1408,1301,1049,1035,1366,1103,1044,1512,1514,1189,1217,1155,1377,1282,1450
75,56,False,1253,1177,1526,1209,1205,1241,1291,1108,1307,1270,1229,1260,1233,1153,1190,1611,1249,1230,1197,1154,1246,1122,1235,1211,1127,1502,1253,1158,1213,1146,1395,1275,1274,1262,1096,1156,1195,1120,1313,1232,1110,1289,1240,1236,1163,1320,1502,1193,1444,1218,1160,1220,1069,1309,1085,1360,1209,1521,1066,1365,1264,1131,1069,1545,1110,1304,1158,1225,1366,1472,1112,1210,1435,1172,1185,1199,1050
75,56,False,1490,1296,1148,1297,1166,1605,1169,1197,1182,1181,1280,1253,1186,1385,1399,1232,1276,1244,1344,1080,1525,1196,1133,1480,1171,1358,1480,1440,1292,1405,1444,1252,1363,1332,1218,1293,1333,1355,1190,1092,1218,1378,1121,1397,1293,1126,1416,1333,1085,1217,1374,1133,1313,1290,1482,1413,1341,1117,1147,1076,1168,1068,1304,1178,1348,1388,1276,1085,1318,1184,1249,1174,1076,1300,1467,1121,1229
75,56,False,1059,1187,1174,1181,1188,1158,1256,1185,1124,1294,1129,1216,1240,1278,1188,1573,1294,995,1050,1454,1034,1507,1174,1087,1502,1354,1353,1304,1388,1260,1243,1410,1442,1283,1076,1229,1067,1149,1213,1116,1337,1216,1250,1346,1510,1324,1409,1468,1215,1149,1233,1326,1276,1169,1097,1345,1202,1218,1397,1169,1252,1298,1461,1158,1077,1229,1097,1168,1245,1416,1445,1360,1110,1278,1336,1369,1129
75,56,False,1098,1232,1142,1286,1207,1224,1273,1125,1258,1148,1554,1188,1344,1385,1202,1645,1272,1118,1112,1197,1353,1139,1250,1231,1349,1475,1219,1140,1329,1323,1535,1370,1132,1420,1070,1209,1408,1327,1155,1188,1314,1080,1121,1402,1232,1524,1156,1486,1180,1182,1411,1222,1189,1413,1245,1341,1464,1369,1211,1050,1572,1153,1434,1210,1309,1082,1219,1258,1494,1121,1254,1140,1154,1065,1216,1128,1269
75,56,False,1145,1130,1157,1215,1143,1473,1228,1088,1208,1253,1330,1262,1169,1373,1231,1265,1234,1056,1436,1086,1188,1114,1305,1505,1531,1385,1104,1125,1329,1285,1113,1213,1237,1352,1060,1297,1201,1176,1424,1401,1336,1333,1129,1246,1121,1152,1224,1258,1450,1316,1185,1284,1392,1400,1318,1155,1411,1377,1139,1158,1485,1292,1075,1528,1272,1362,1228,1305,1475,1212,1146,1033,1484,1192,1158,1267,1211
75,56,False,1105,1226,1213,1208,1535,1145,1201,1564,1140,1502,1262,1168,1305,1380,1179,1636,1209,1301,1024,1037,1049,1117,1474,1104,1522,1195,1142,1174,1330,1410,1240,1392,1108,1497,1282,1318,1376,1213,1451,1309,1247,1136,1292,1192,1345,1259,1233,1312,1100,1066,1197,1198,1155,1181,1131,1444,1224,1060,1069,1038,1428,1327,1290,1358,1126,1337,1184,1064,1252,1206,1167,1074,1322,1398,1334,1229,1289
75,56,False,1164,1208,1487,1211,1142,1325,1166,1251,1256,1264,1268,1275,1329,1619,1434,1233,1277,1218,1385,1091,1181,1094,1138,1111,1373,1472,1089,1296,1149,1312,1212,1528,1320,1314,1328,1210,1261,1250,1165,1316,1535,1201,1157,1453,1221,1163,1288,1154,1304,1282,1062,1082,1233,1100,1329,1272,1098,1315,1124,1178,1340,1226,1210,1210,1177,1049,1053,1400,1188,1132,1083,1209,1144,1361,1153,1122,1051
75,56,False,1057,1195,1121,1218,1123,1153,1158,1125,1546,1189,1104,1316,1132,1214,1462,1261,1452,1067,1232,1075,1123,1121,1172,1513,1546,1478,1014,1299,1405,1211,1444,1122,1228,1504,1050,1253,1427,1354,1535,1429,1436,1545,1110,1214,1152,1164,1491,1131,1162,1331,1269,1040,1090,1430,1421,1108,1309,1448,1139,1206,1444,1044,1309,1152,1035,1194,1264,1331,1361,1163,1098,1315,1268,1110,1277,1101,1359
75,56,False,1147,1131,1165,1149,1520,1272,1256,1248,1197,1606,1631,1192,1573,1387,1296,1588,1238,1216,1030,1179,1340,1355,1211,1172,1117,1298,1041,1374,1266,1150,1352,1329,1502,1219,1241,1290,1100,1267,1166,1197,1338,1112,1068,1200,1325,1121,1184,1083,1085,1084,1375,1422,1109,1292,1341,1345,1220,1176,1076,1324,1246,1324,1126,1093,1399,1044,1292,1126,1194,1242,1124,1152,1165,1176,1193,1164,1120
75,56,False,1184,1199,1246,1093,1223,1108,1217,1281,1145,1152,1165,1287,1297,1270,1146,1640,1243,1280,1122,1134,1180,1355,1114,1491,1286,1257,1236,1153,1142,1112,1178,1483,1319,1451,1364,1198,1334,1450,1454,1281,1141,1166,1138,1357,1395,1464,1237,1428,1081,1219,1153,1428,1334,1195,1379,1117,1298,1416,1280,1196,1235,1062,1225,1176,1292,1099,1290,1166,1273,1501,1246,1099,1267,1216,1321,1260,1148
75,56,False,1190,1119,1310,1164,1518,1149,1169,1183,1597,1278,1173,1198,1169,1266,1682,1277,1137,1305,995,1074,1123,1123,1286,1157,1316,1508,1530,1298,1194,1400,1331,1532,1332,1333,1448,1395,1347,1179,1534,1363,1257,1235,1157,1194,1180,1132,1240,1058,1181,1278,1156,1130,1150,1264,1080,1331,1316,1059,1400,1145,1276,1333,1318,1113,1129,1493,1115,1216,1293,1365,1254,1189,1168,1193,1024,1069,1096
75,56,False,1105,1146,1244,1172,1082,1203,1116,1169,1140,1300,1260,1177,1502,1508,1475,1269,1433,1037,968,1369,1337,1096,1099,1331,1442,1121,1258,1228,1125,1185,1433,1194,1229,1365,1115,1230,1331,1206,1166,1234,1149,1137,1117,1450,1297,1440,1446,1308,1210,1089,1238,1088,1417,1078,1164,1272,1300,1229,1044,1097,1186,1087,1448,1365,1216,1466,1257,1395,1139,1358,1230,1179,1249,1241,1195,1115,1092
75,56,False,1128,1129,1153,1221,1100,1238,1177,1588,1193,1216,1230,1212,1353,1301,1185,1234,1244,1037,1215,1105,1065,1507,1340,1125,1162,1134,1155,1502,1188,1141,1131,1141,1228,1293,1473,1263,1209,1310,1211,1208,1229,1424,1235,1578,1535,1232,1240,1163,1066,1204,1104,1265,1387,1209,1280,1433,1355,1100,1058,1030,1326,1235,1261,1452,1060,1326,1478,1457,1490,1118,1218,1250,1178,1210,1033,1275,1041
75,56,False,1158,1196,1160,1500,1147,1231,1221,1248,1184,1501,1225,1188,1199,1282,1427,1299,1147,1162,1188,1027,1100,1122,1253,1317,1520,1473,1083,1262,1390,1128,1246,1265,1559,1184,1179,1254,1177,1477,1404,1133,1153,1184,1124,1160,1112,1499,1124,1449,1474,1171,1334,1235,1068,1323,1292,1535,1299,1037,1250,1141,1073,1092,1377,1281,1144,1082,1407,1229,1121,1341,1235,1158,1363,1088,1468,1241,1210
75,56,False,1441,1098,1257,1189,1134,1232,1541,1561,1567,1225,1656,1275,1204,1168,1206,1358,1483,1173,981,1413,1225,1068,1170,1123,1518,1187,1129,1368,1466,1535,1218,1145,1277,1346,1380,1210,1139,1249,1211,1138,1510,1520,1059,1302,1492,1154,1458,1120,1076,1452,1483,1234,1358,1126,1475,1453,1568,1089,1381,1113,1272,1142,1165,1161,1120,1137,1225,1380,1128,1081,1109,1117,1258,1133,1304,1322,1174
75,56,False,1181,1219,1202,1510,1131,1210,1241,1535,1198,1585,1251,1170,1341,1314,1433,1257,1224,952,1124,1094,1096,1067,1113,1166,1220,1278,1072,1578,1173,1483,1219,1401,1459,1238,1110,1118,1260,1217,1262,1131,1121,1354,1484,1186,1384,1421,1429,1232,1099,1432,1284,1440,1249,1252,1068,1376,1398,1043,1097,1347,1180,1260,1385,1373,1156,1133,1181,1269,1101,1230,1276,1174,1184,1149,1270,1081,1265
75,56,False,1123,1208,1144,1274,1181,1156,1205,1178,1501,1236,1202,1265,1604,1152,1675,1366,1238,1302,986,1076,1100,1065,1513,1156,1535,1169,1161,1167,1249,1432,1145,1251,1333,1389,1240,1392,1126,1512,1430,1187,1208,1218,1459,1252,1230,1313,1418,1142,1246,1140,1254,1141,1390,1396,1165,1410,1100,1094,1254,1247,1125,1256,1201,1140,1341,1234,1321,1164,1228,1105,1288,1157,1461,1154,1113,1194,1467
75,56,False,1224,1131,1197,1448,1510,1299,1196,1134,1593,1589,1296,1182,1184,1670,1352,1241,1327,1258,1029,1079,1138,1144,1186,1198,1102,1213,1102,1146,1261,1241,1305,1334,1162,1409,1181,1285,1478,1258,1115,1388,1144,1137,1072,1158,1490,1364,1174,1193,1153,1349,1224,1124,1118,1109,1197,1524,1216,1228,1172,1075,1117,1381,1398,1273,1415,1230,1040,1074,1180,1172,1211,1209,1317,1165,1424,1201,1091
75,56,False,1227,1204,1323,1123,1213,1194,1201,1245,1262,1132,1181,1172,1388,1196,1414,1560,1388,1270,991,1435,1129,1294,1164,1469,1227,1533,1462,1140,1302,1472,1280,1127,1133,1224,1394,1224,1153,1347,1392,1356,1142,1074,1192,1219,1430,1309,1277,1178,1053,1053,1213,1168,1067,1180,1193,1241,1267,1065,1078,1109,1467,1194,1385,1357,1059,1328,1156,1178,1330,1332,1088,1419,1374,1262,1033,1126,1028
75,56,False,1180,1116,1224,1155,1179,1203,1222,1156,1565,1249,1146,1176,1146,1288,1425,1309,1246,993,1037,1419,1146,1235,1210,1242,1234,1535,1188,1313,1496,1233,1116,1200,1237,1170,1293,1170,1075,1210,1184,1235,1197,1121,1106,1135,1234,1132,1562,1334,1049,1278,1216,1083,1027,1165,1173,1394,1136,1314,1345,1368,1452,1078,1114,1408,1115,1068,1386,1418,1265,1211,1353,1362,1268,1172,1244,1060,1094
75,56,False,1530,1226,1110,1194,1154,1100,1224,1123,1208,1251,1253,1213,1656,1285,1277,1330,1331,936,1402,1091,1309,1173,1195,1296,1356,1262,1140,1372,1609,1378,1246,1257,1215,1414,1175,1208,1309,1379,1397,1266,1349,1164,1147,1116,1460,1269,1190,1198,1472,1438,1364,1114,1113,1120,1144,1253,1228,1147,1334,1342,1535,1322,1158,1517,1309,1363,1126,1164,1243,1211,1171,1240,1270,1148,1246,1283,1145
75,56,False,1064,1148,1140,1112,1107,1140,1212,1560,1258,1160,1282,1169,1542,1209,1238,1578,1341,982,980,1056,1225,1241,1189,1102,1233,1172,1472,1093,1090,1210,1161,1136,1535,1475,1234,1276,1355,1397,1298,1403,1155,1094,1258,1299,1307,1168,1292,1053,1065,1425,1278,1228,1334,1064,1362,1437,1428,1217,1381,1212,1457,1162,1514,1243,1388,1342,1139,1246,1094,1168,1085,1172,1157,1305,1142,1213,1308
75,56,False,1183,1176,1148,1130,1161,1342,1177,1121,1322,1158,1316,1651,1643,1520,1233,1557,1304,1235,1189,1076,1181,1144,1102,1100,1099,1521,1276,1303,1266,1168,1193,1536,1240,1478,1082,1347,1302,1437,1464,1310,1210,1155,1066,1333,1280,1355,1385,1173,1201,1378,1244,1187,1246,1177,1153,1387,1309,1117,1202,1089,1283,1135,1277,1259,1058,1368,1290,1258,1565,1099,1478,1229,1190,1163,1156,1322,1320
75,56,False,1068,1107,1124,1125,1229,1184,1182,1267,1417,1154,1609,1328,1297,1163,1380,1566,1198,948,1166,1264,1248,1490,1098,1462,1172,1134,1073,1203,1467,1114,1408,1184,1342,1224,1277,1477,1163,1294,1460,1210,1252,1115,1361,1141,1141,1458,1184,1248,1305,1101,1216,1126,1117,1282,1021,1256,1264,1324,1034,1376,1412,1349,1386,1178,1046,1333,1114,1170,1272,1348,1270,1371,1435,1216,1098,1450,1262
75,56,False,1246,1193,1214,1163,1124,1529,1116,1244,1168,1182,1505,1616,1560,1258,1452,1562,1235,1001,1163,1419,1347,1123,1216,1468,1456,1514,1242,1453,1370,1117,1420,1326,1224,1302,1250,1165,1026,1522,1224,1278,1178,1347,1150,1473,1332,1409,1170,1141,1275,1083,1413,1289,1235,1202,1097,1281,1380,1340,1052,1396,1594,1192,1136,1139,1181,1310,1070,1216,1243,1160,1203,1473,1342,1129,1389,1476,1217
75,56,False,1220,1105,1226,1074,1147,1137,1557,1242,1161,1161,1147,1267,1150,1212,1336,1284,1521,1005,1236,1434,1228,1102,1252,1501,1178,1286,1409,1152,1104,1506,1305,1395,1345,1440,1187,1246,1210,1132,1365,1403,1214,1282,1161,1261,1086,1372,1235,1138,1288,1251,1459,1129,1378,1147,1496,1393,1377,1417,1154,1530,1201,1396,1077,1121,1469,1148,1259,1292,1200,1260,1256,1450,1146,1115,1424,1206,1152
75,56,False,1165,1193,1117,1236,1193,1547,1188,1219,1260,1226,1188,1554,1276,1274,1232,1253,1366,996,1250,1485,1486,1327,1062,1346,1413,1173,1142,1187,1145,1493,1275,1450,1352,1252,1225,1339,1188,1165,1376,1250,1128,1398,1480,1131,1164,1555,1391,1112,1285,1230,1402,1034,1040,1258,1100,1148,1118,1347,1357,1108,1245,1182,1107,1265,1197,1284,1386,1192,1236,1066,1459,1392,1382,1017,1293,1190,1179
75,56,False,1097,1107,1237,1205,1220,1578,1193,1262,1327,1250,1126,1142,1203,1320,1253,1288,1144,1296,1019,1071,1134,1513,1076,1502,1218,1322,1346,1564,1118,1146,1246,1106,1268,1272,1128,1274,1219,1271,1121,1257,1252,1073,1173,1321,1114,1418,1257,1435,1204,1421,1198,1304,1465,1297,1078,1129,1208,1357,1270,1218,1313,1320,1276,1493,1078,1117,1036,1156,1106,1365,1448,1300,1270,1328,1027,1389,1234
75,56,False,1145,1017,1108,1171,1510,1209,1168,1129,1395,1162,1267,1262,1264,1211,1448,1416,1336,1308,984,1156,1040,1214,1176,1235,1149,1213,1403,1195,1330,1202,1373,1460,1139,1204,1209,1158,1238,1274,1215,1152,1182,1326,1141,1321,1167,1501,1329,1081,1238,1421,1395,1199,1393,1050,1117,1526,1208,1421,1170,1188,1200,1220,1275,1113,1195,1281,1154,1535,1248,1308,1341,1474,1403,1219,1196,1256,1466
75,56,False,1142,1152,1261,1138,1260,1187,1201,1257,1321,1148,1397,1272,1366,1260,1597,1301,1538,1205,995,1232,1472,1200,1298,1179,1217,1480,1354,1270,1329,1198,1329,1442,1311,1297,1249,1323,1439,1321,1109,1524,1158,1263,1253,1474,1389,1449,1237,1222,1072,1083,1050,1299,1466,1224,1066,1403,1110,1361,1407,1475,1352,1107,1107,1369,1122,1302,1113,1084,1270,1213,1358,1187,1498,1093,1456,1337,1102
75,56,False,1446,1155,1102,1480,1577,1148,1235,1117,1535,1415,1169,1282,1612,1587,1308,1244,1263,1099,1226,1102,1006,1248,1273,1205,1486,1300,1227,1197,1268,1119,1451,1228,1436,1402,1138,1153,1068,1491,1350,1349,1161,1210,1074,1322,1164,1222,1275,1118,1307,1350,1290,1028,1364,1048,1121,1525,1481,1274,1189,1451,1239,1288,1056,1181,1446,1197,1222,1213,1438,1163,1203,1445,1182,1107,1106,1008,1234
75,56,False,1534,1497,1065,1179,1489,1237,1160,1589,1188,1277,1539,1558,1265,1187,1640,1632,1427,954,1192,1023,1220,1443,1068,1370,1522,1209,1339,1174,1147,1381,1485,1102,1344,1244,1156,1300,1216,1202,1367,1170,1166,1240,1174,1376,1361,1420,1535,1268,1170,1244,1249,1162,1372,1378,1140,1186,1502,1357,1084,1429,1515,1081,1233,1243,1037,1143,1419,1072,1187,1273,1270,1146,1019,1082,1112,1094,1198
75,56,False,1489,1193,1105,1148,1236,1140,1301,1171,1201,1246,1515,1288,1496,1602,1585,1632,1451,1323,1059,1103,1133,1254,1291,1130,1114,1242,1329,1250,1490,1445,1147,1382,1392,1392,1404,1413,1338,1120,1362,1473,1317,1134,1340,1386,1365,1376,1244,1457,1070,1247,1460,1393,1254,1109,1236,1427,1283,1148,1141,1125,1252,1394,1142,1402,1064,1260,1357,1394,1141,1377,1244,1149,1286,1128,1084,1162,1139
75,56,False,1139,1533,1057,1119,1240,1144,1198,1302,1171,1257,1535,1580,1301,1305,1184,1576,1430,1265,1013,1165,1134,1078,1504,1289,1131,1104,1263,1379,1230,1318,1236,1130,1369,1256,1097,1156,1313,1155,1299,1186,1365,1190,1405,1358,1122,1290,1233,1070,1370,1256,1311,1220,1119,1402,1170,1409,1159,1106,1390,1028,1180,1141,1268,1318,1147,1355,1264,1023,1129,1053,1291,1169,1086,1124,1184,1241,1155
75,56,False,1182,1215,1254,1134,1210,1179,1076,1277,1604,1283,1154,1649,1285,1153,1420,1517,1514,1113,1176,1232,1457,1112,1552,1371,1110,1147,1100,1269,1455,1392,1303,1066,1386,1146,1136,1253,1484,1150,1198,1345,1289,1357,1211,1201,1438,1307,1297,1337,1342,1102,1311,1197,1102,1141,1142,1558,1193,1090,1294,1184,1424,1042,1148,1172,1520,1115,1360,1249,1522,1241,1258,1179,1185,1090,1312,1197,1391
75,56,False,1182,1164,1106,1198,1174,1168,1196,1238,1251,1257,1125,1617,1210,1346,1702,1715,1323,1267,1400,1362,1495,1248,1105,1517,1204,1138,1501,1158,1424,1458,1272,1209,1113,1372,1477,1148,1158,1549,1404,1139,1313,1104,1240,1434,1198,1172,1477,1112,1198,1283,1350,1073,1139,1073,1240,1302,1282,1427,1466,1098,1203,1470,1234,1530,1061,1123,1072,1174,1431,1342,1176,1213,1442,1169,1182,1147,1406
75,56,False,1186,1535,1219,1147,1520,1212,1553,1116,1112,1090,1385,1250,1258,1360,1224,1540,1438,1310,1196,1020,1261,1236,1348,1309,1502,1178,1076,1155,1216,1510,1205,1267,1357,1363,1097,1135,1314,1176,1227,1360,1122,1056,1076,1126,1192,1308,1313,1192,1324,1296,1306,1453,1345,1133,1177,1230,1554,1038,1238,1196,1173,1518,1152,1586,1237,1301,1110,1152,1417,1334,1358,1194,1179,1110,1257,1189,1130
75,56,False,1198,1488,1204,1166,1102,1155,1112,1197,1205,1157,1588,1268,1200,1258,1288,1552,1282,959,1263,1033,1052,1136,1183,1165,1384,1539,1230,1484,1544,1184,1440,1158,1129,1459,1272,1237,1233,1432,1179,1224,1475,1292,1333,1186,1406,1174,1457,1300,1381,1083,1154,1477,1333,1189,1202,1252,1174,1556,1116,1085,1177,1282,1050,1229,1102,1340,1430,1429,1221,1359,1144,1110,1417,1178,1153,1270,1085
75,56,False,1122,1204,1142,1106,1155,1173,1226,1117,1578,1210,1642,1147,1179,1215,1187,1461,1246,957,975,1099,1120,1074,1188,1321,1109,1434,1190,1302,1295,1314,1389,1344,1327,1337,1214,1176,1165,1419,1302,1412,1311,1380,1090,1329,1246,1284,1274,1106,1341,1407,1090,1150,1121,1171,1099,1222,1426,1289,1158,1293,1198,1240,1146,1428,1054,1233,1160,1222,1210,1401,1353,1202,1315,1115,1170,1140,1281
75,56,False,1228,1148,1259,1143,1241,1342,1618,1362,1299,1243,1290,1539,1219,1668,1200,1532,1233,1085,1380,1462,1126,1081,1579,1512,1499,1249,1294,1314,1299,1220,1306,1120,1141,1178,1093,1286,1138,1267,1286,1332,1196,1257,1273,1340,1569,1311,1349,1101,1218,1358,1240,1128,1476,1101,1041,1216,1140,1181,1071,1186,1320,1542,1504,1376,1245,1166,1157,1025,1100,1330,1140,1264,1130,1413,1082,1166,1157
75,56,False,1179,1242,1212,1172,1491,1273,1212,1250,1536,1149,1571,1251,1205,1556,1716,1270,1297,953,1451,1100,1096,1156,1494,1346,1504,1266,1250,1193,1162,1178,1298,1184,1340,1228,1252,1276,1267,1482,1126,1122,1494,1356,1452,1292,1206,1130,1245,1234,1236,1054,1101,1256,1444,1312,1090,1434,1092,1072,1093,1375,1158,1177,1156,1166,1298,1226,1104,1364,1120,1044,1385,1051,1090,1090,1294,1277,1282
75,56,False,1147,1477,1203,1173,1502,1185,1228,1283,1269,1176,1289,1307,1140,1209,1560,1516,1292,977,1116,1082,1133,1491,1202,1120,1262,1455,1164,1385,1309,1419,1152,1250,1126,1461,1089,1358,1334,1177,1440,1277,1087,1148,1074,1513,1298,1290,1393,1250,1142,1386,1395,1105,1144,1098,1068,1381,1441,1535,1313,1114,1509,1112,1173,1542,1072,1282,1337,1128,1238,1267,1281,1162,1232,1302,1086,1222,1252
75,56,False,1128,1123,1120,1114,1173,1572,1201,1248,1125,1628,1250,1346,1205,1280,1251,1297,1456,1030,1016,1204,1024,1123,1163,1188,1128,1458,1213,1220,1201,1201,1178,1132,1263,1260,1348,1429,1352,1294,1232,1294,1288,1249,1180,1160,1304,1153,1264,1082,1150,1365,1046,1386,1065,1464,1123,1491,1126,1174,1138,1273,1198,1108,1210,1236,1413,1292,1074,1440,1274,1329,1370,1227,1062,1432,1102,1208,1216
75,56,False,1437,1184,1493,1150,1250,1161,1112,1281,1145,1221,1256,1265,1200,1384,1369,1355,1380,1108,1030,1118,1257,1123,1504,1356,1120,1105,1075,1081,1225,1210,1467,1521,1260,1274,1141,1458,1085,1416,1212,1171,1531,1413,1228,1549,1529,1132,1280,1276,1074,1081,1452,1102,1141,1233,1345,1306,1380,1346,1113,1178,1339,1120,1448,1452,1202,1422,1111,1146,1307,1046,1500,1182,1117,1305,1348,1112,1346
75,56,False,1139,1108,1158,1345,1145,1100,1294,1278,1260,1137,1304,1325,1202,1408,1258,1448,1441,1310,1154,1025,1463,1126,1259,1193,1186,1296,1233,1132,1470,1294,1149,1131,1256,1236,1097,1312,1161,1516,1302,1328,1328,1305,1413,1248,1307,1165,1331,1357,1060,1360,1050,1422,1054,1376,1430,1242,1372,1249,1233,1375,1302,1153,1173,1156,1137,1449,1213,1237,1244,1353,1171,1251,1154,1102,1201,1405,1162
75,56,False,1134,1124,1126,1180,1277,1145,1597,1219,1114,1194,1232,1281,1354,1206,1442,1632,1364,1244,1036,1366,1149,1056,1484,1350,1126,1156,1156,1070,1189,1205,1168,1150,1393,1477,1092,1318,1295,1233,1232,1507,1349,1439,1236,1437,1444,1411,1223,1107,1056,1169,1257,1142,1475,1104,1341,1424,1259,1385,1425,1098,1505,1227,1373,1089,1200,1205,1417,1250,1365,1170,1232,1124,1210,1297,1425,1089,1273
75,56,False,1211,1105,1229,1116,1208,1229,1243,1161,1548,1197,1290,1510,1339,1178,1424,1240,1446,1012,1386,1233,1483,1198,1208,1394,1105,1313,1059,1259,1237,1388,1125,1456,1161,1282,1133,1344,1090,1234,1350,1214,1358,1414,1142,1377,1109,1449,1334,1170,1131,1137,1344,1098,1398,1202,1373,1298,1101,1138,1052,1244,1346,1350,1441,1514,1161,1068,1306,1144,1344,1178,1533,1285,1402,1146,1139,1369,1496
75,56,False,1160,1162,1078,1240,1526,1217,1117,1218,1145,1537,1482,1199,1157,1366,1203,1493,1271,1298,1060,1023,1461,1118,1219,1185,1459,1172,1293,1248,1117,1334,1104,1197,1250,1168,1353,1386,1153,1446,1233,1152,1137,1116,1274,1281,1275,1352,1395,1086,1055,1184,1408,1409,1462,1054,1230,1409,1344,1131,1219,1204,1182,1301,1206,1252,1115,1521,1422,1312,1436,1409,1196,1137,1173,1140,1258,1358,1443
75,56,False,1129,1165,1089,1149,1201,1529,1208,1605,1256,1251,1250,1538,1194,1632,1260,1251,1337,1125,1238,1227,1464,1114,1291,1248,1259,1126,1424,1299,1400,1154,1549,1131,1385,1377,1097,1312,1212,1137,1162,1236,1274,1131,1059,1258,1283,1401,1492,1369,1429,1085,1045,1236,1237,1122,1170,1339,1142,1011,1236,1482,1226,1042,1052,1491,1203,1191,1349,1336,1306,1220,1146,1272,1408,1173,1188,1289,1377
75,56,False,1155,1094,1177,1199,1249,1204,1062,1344,1330,1628,1138,1385,1189,1156,1518,1378,1270,1282,1196,1459,1112,1072,1339,1158,1146,1491,1308,1305,1246,1366,1535,1264,1050,1196,1490,1424,1090,1348,1388,1466,1192,1129,1441,1129,1456,1132,1257,1314,1044,1457,1161,1419,1320,1173,1366,1123,1365,1204,1019,1240,1373,1117,1184,1180,1317,1372,1221,1221,1157,1077,1201,1141,1284,1203,1263,1100,1181
75,56,False,1430,1142,1024,1172,1231,1543,1565,1289,1200,1152,1613,1339,1194,1253,1172,1645,1290,1259,1039,1434,1470,1210,1040,1546,1408,1453,1030,1213,1469,1189,1423,1302,1433,1302,1466,1354,1174,1281,1360,1373,1506,1181,1200,1280,1508,1410,1237,1249,1320,1322,1064,1484,1364,1265,1228,1219,1066,1212,1099,1176,1189,1221,1064,1278,1118,1201,1086,1225,1133,1296,1424,1203,1355,1310,1056,1292,1248
75,56,False,1515,1147,1210,1363,1180,1518,1193,1120,1149,1285,1152,1185,1361,1205,1722,1243,1355,1126,1142,1437,1107,1281,1523,1482,1496,1224,1102,1128,1261,1181,1374,1538,1234,1251,1373,1275,1259,1257,1305,1316,1562,1274,1039,1484,1282,1244,1258,1221,1139,1121,1457,1371,1450,1473,1093,1188,1344,1512,1125,1222,1171,1082,1245,1402,1102,1222,1083,1101,1398,1124,1220,1186,1488,1113,1373,1408,1374
75,56,False,1198,1087,1211,1201,1215,1324,1133,1238,1160,1570,1232,1296,1606,1594,1269,1265,1326,1035,1026,1270,1180,1489,1160,1106,1476,1307,1298,1440,1160,1133,1287,1169,1363,1545,1208,1330,1082,1419,1190,1497,1270,1214,1173,1125,1240,1265,1113,1270,1326,1068,1137,1245,1236,1243,1349,1402,1333,1512,1392,1337,1355,1477,1060,1178,1064,1188,1110,1425,1198,1226,1212,1258,1355,1236,1049,1070,1072
75,56,False,1540,1220,1145,1156,1231,1565,1192,1113,1294,1138,1222,1547,1590,1316,1218,1524,1355,1060,1408,1171,1090,1203,1278,1315,1181,1460,1531,1249,1196,1264,1450,1202,1238,1182,1191,1328,1009,1285,1158,1205,1412,1310,1096,1357,1258,1195,1354,1089,1458,1099,1055,1429,1270,1378,1395,1498,1418,1141,1406,1176,1257,1222,1261,1301,1474,1109,1096,1333,1296,1266,1277,1123,1533,1226,1304,1400,1154
75,56,False,1218,1209,1187,1128,1274,1192,1204,1232,1157,1250,1245,1270,1283,1382,1304,1286,1279,1319,950,1456,1114,1290,1164,1181,1258,1300,1016,1192,1188,1448,1494,1494,1263,1523,1160,1156,1166,1187,1358,1212,1519,1418,1270,1328,1177,1413,1116,1420,1240,1315,1042,1190,1165,1065,1089,1273,1236,1201,1196,1348,1360,1137,1032,1318,1190,1060,1316,1054,1296,1104,1092,1203,1314,1140,1124,1045,1122
75,56,False,1214,1097,1194,1109,1252,1139,1178,1124,1622,1295,1324,1659,1194,1304,1162,1524,1281,1294,1172,1184,1486,1114,1216,1438,1452,1184,1274,1500,1316,1105,1177,1128,1180,1153,1121,1176,1407,1194,1260,1273,1457,1229,1178,1238,1156,1421,1446,1154,1314,1127,1398,1294,1280,1060,1208,1409,1376,1212,1422,1241,1347,1396,1241,1450,1290,1443,1108,1196,1460,1229,1150,1188,1029,1417,1297,1274,1410
75,56,False,1481,1168,1212,1155,1224,1185,1158,1309,1188,1155,1196,1256,1581,1213,1436,1340,1502,989,1008,1066,1247,1473,1110,1286,1322,1129,1132,1224,1289,1285,1205,1406,1441,1211,1361,1307,1194,1457,1370,1520,1210,1387,1125,1433,1338,1497,1169,1070,1160,1380,1209,1486,1226,1106,1451,1283,1289,1115,1100,1196,1492,1505,1468,1262,1322,1451,1102,1133,1401,1208,1176,1052,1382,1148,1106,1195,1300
75,56,False,1085,1172,1052,1104,1174,1280,1243,1157,1198,1216,1161,1622,1528,1660,1452,1270,1402,1050,1002,1443,1114,1130,1142,1108,1289,1196,1193,1251,1090,1235,1278,1250,1284,1316,1144,1382,1182,1141,1141,1110,1126,1149,1162,1535,1354,1110,1280,1104,1403,1169,1185,1228,1092,1129,1089,1186,1324,1170,1409,1338,1403,1198,1132,1592,1265,1052,1561,1337,1212,1472,1278,1450,1191,1330,1184,1285,1261
75,56,False,1545,1049,1260,1222,1187,1065,1168,1056,1135,1225,1486,1193,1324,1273,1452,1244,1283,1041,1032,1208,1243,1137,1178,1535,1208,1499,1112,1309,1326,1118,1181,1309,1259,1300,1300,1145,1106,1352,1366,1275,1304,1433,1246,1206,1382,1547,1343,1315,1213,1476,1169,1417,1090,1356,1062,1272,1347,1485,1232,1160,1140,1277,1236,1580,1389,1240,1284,1291,1100,1404,1258,1112,1236,1277,1092,1186,1138
75,56,False,1209,1201,1085,1142,1464,1221,1142,1578,1384,1562,1277,1229,1316,1334,1168,1298,1363,1121,1418,1140,1198,1556,1535,1560,1330,1183,1128,1554,1440,1139,1361,1416,1310,1198,1118,1080,1473,1547,1152,1208,1541,1249,1310,1552,1216,1419,1340,1128,1126,1465,1377,1409,1346,1100,1112,1314,1555,1336,1264,1377,1137,1542,1438,1149,1547,1476,1052,1251,1424,1136,1300,1211,1124,1221,1308,1103,1244
75,56,False,1170,1206,1176,1132,1131,1153,1302,1170,1595,1541,1530,1289,1239,1362,1290,1230,1275,1277,1412,1465,1116,1306,1233,1189,1181,1309,1187,1147,1085,1169,1112,1337,1201,1161,1202,1233,1386,1413,1240,1451,1214,1354,1192,1272,1525,1410,1107,1160,1111,1344,1124,1072,1081,1084,1056,1408,1566,1099,1501,1060,1365,1505,1131,1427,1094,1433,1347,1172,1422,1179,1180,1164,1148,1438,1062,1038,1444
75,56,False,1214,1208,1168,1210,1492,1193,1097,1251,1116,1530,1260,1557,1284,1161,1347,1294,1251,1043,1437,1032,1526,1212,1125,1324,1514,1507,1145,1285,1344,1410,1185,1397,1498,1283,1406,1329,1314,1321,1172,1179,1176,1354,1102,1518,1473,1264,1203,1233,1426,1381,1065,1117,1208,1252,1161,1152,1269,1059,1065,1227,1193,1180,1275,1197,1201,1270,1217,1224,1225,1196,1144,1073,1200,1138,1392,1227,1202
75,56,False,1158,1125,1157,1246,1163,1281,1088,1122,1138,1518,1195,1161,1290,1175,1242,1497,1269,940,1450,1070,1143,1546,1535,1174,1196,1449,1355,1284,1483,1199,1361,1190,1138,1456,1076,1298,1091,1114,1251,1362,1324,1157,1134,1285,1144,1514,1214,1199,1317,1164,1204,1181,1052,1232,1328,1413,1292,1051,1314,1213,1477,1206,1265,1499,1077,1064,1260,1274,1322,1288,1432,1178,1152,1450,1121,1100,1152
75,56,False,1099,1135,1177,1562,1232,1129,1242,1640,1243,1258,1186,1504,1192,1160,1165,1261,1352,869,1353,1100,1176,1123,1156,1178,1134,1500,1400,1125,1340,1363,1220,1412,1389,1112,1331,1535,1219,1268,1109,1489,1168,1206,1404,1168,1225,1423,1154,1492,1148,1476,1123,1226,1131,1372,1280,1120,1303,1430,1192,1118,1102,1364,1109,1496,1066,1079,1088,1428,1097,1393,1177,1166,1414,1179,1323,1291,1374
75,56,False,1114,1145,1163,1177,1157,1440,1200,1147,1115,1152,1262,1603,1306,1147,1512,1228,1240,1003,1028,1083,1251,1353,1194,1483,1229,1109,1060,1430,1408,1113,1258,1250,1379,1312,1202,1237,1282,1152,1209,1174,1424,1280,1481,1364,1259,1241,1214,1161,1240,1206,1244,1332,1381,1117,1152,1248,1484,1098,1135,1178,1206,1317,1235,1502,1070,1274,1114,1207,1307,1220,1302,1128,1198,1242,1317,1345,1173
75,56,False,1208,1146,1198,1388,1159,1192,1197,1184,1192,1244,1314,1627,1195,1328,1206,1624,1176,984,1003,1061,1220,1130,1276,1484,1515,1226,1072,1536,1219,1147,1521,1185,1196,1312,1330,1440,1181,1213,1317,1421,1129,1414,1061,1126,1283,1497,1154,1098,1225,1290,1094,1214,1126,1099,1331,1225,1389,1072,1199,1339,1371,1112,1157,1541,1388,1036,1395,1195,1504,1227,1233,1229,1391,1196,1067,1133,1405
75,56,False,1182,1206,1169,1130,1254,1230,1241,1572,1145,1212,1123,1369,1283,1176,1213,1316,1268,996,990,1212,1300,1043,1160,1299,1458,1158,1295,1284,1339,1348,1190,1092,1431,1377,1448,1098,1377,1136,1257,1164,1497,1257,1050,1195,1137,1402,1160,1177,1180,1302,1278,1091,1178,1202,1181,1317,1441,1342,1434,1336,1310,1257,1206,1233,1185,1459,1140,1418,1178,1498,1139,1189,1112,1152,1142,1299,1136
75,56,False,1505,1200,1168,1216,1281,1139,1300,1251,1117,1355,1127,1146,1205,1176,1585,1265,1210,966,1016,1258,1188,1522,1536,1115,1448,1501,1008,1522,1163,1245,1307,1387,1208,1258,1230,1535,1226,1275,1187,1535,1132,1225,1197,1358,1242,1535,1147,1200,1334,1203,1196,1190,1084,1150,1058,1174,1176,1317,1306,1306,1256,1368,1430,1320,1418,1235,1291,1083,1128,1149,1306,1104,1195,1370,1281,1396,1027
75,56,False,1171,1139,1429,1215,1173,1154,1185,1256,1117,1291,1221,1272,1193,1259,1333,1313,1240,1130,1205,1118,1444,1225,1128,1194,1350,1132,1460,1238,1299,1326,1256,1438,1357,1131,1193,1508,1211,1268,1367,1194,1260,1376,1165,1180,1231,1174,1460,1134,1122,1200,1082,1307,1258,1040,1382,1308,1099,1195,1042,1190,1417,1192,1244,1154,1302,1217,1272,1026,1272,1321,1220,1182,1089,1517,1342,1196,1177
75,56,False,1185,1167,1525,1186,1091,1256,1148,1248,1430,1153,1314,1256,1330,1298,1298,1332,1361,1257,1038,1208,1411,1266,1065,1122,1300,1506,1092,1535,1380,1281,1466,1435,1312,1248,1422,1149,1307,1297,1253,1302,1121,1291,1381,1469,1455,1182,1257,1172,1250,1446,1056,1043,1309,1059,1472,1249,1144,1252,1314,1286,1231,1174,1314,1244,1129,1178,1416,1194,1320,1045,1240,1168,1412,1181,1186,1184,1321
75,56,False,1144,1194,1256,1512,1535,1227,1162,1097,1632,1130,1202,1468,1181,1418,1379,1248,1293,1204,1200,1074,1196,1172,1136,1154,1202,1531,1134,1132,1242,1203,1189,1225,1204,1280,1224,1473,1333,1170,1468,1098,1490,1469,1097,1192,1487,1122,1293,1180,1170,1074,1154,1188,1108,1277,1180,1240,1225,1260,1052,1345,1206,1113,1291,1308,1162,1342,1106,1342,1085,1345,1097,1425,1233,1239,1306,1210,1058
75,56,False,1176,1410,1182,1131,1293,1301,1275,1598,1596,1241,1173,1327,1662,1386,1178,1359,1164,1092,1009,1217,1110,1145,1158,1130,1209,1181,1387,1358,1473,1114,1409,1307,1247,1197,1122,1399,1106,1370,1175,1205,1459,1434,1133,1116,1345,1417,1125,1497,1289,1130,1422,1285,1316,1085,1395,1199,1136,1053,1186,1139,1244,1210,1076,1424,1365,1322,1134,1379,1237,1281,1292,1211,1088,1406,1288,1113,1321
75,56,False,1201,1200,1522,1176,1048,1260,1147,1275,1578,1262,1183,1551,1354,1562,1382,1561,1540,1040,1252,1477,1082,1514,1323,1101,1116,1354,1470,1241,1283,1340,1405,1529,1141,1154,1315,1370,1189,1235,1131,1535,1186,1327,1290,1341,1309,1390,1285,1288,1198,1066,1122,1361,1404,1177,1296,1561,1177,1321,1492,1017,1167,1269,1341,1331,1350,1154,1260,1134,1419,1313,1132,1049,1067,1248,1216,1246,1036
75,56,False,1137,1229,1162,1116,1228,1114,1169,1218,1181,1597,1262,1154,1186,1244,1508,1224,1414,1037,960,1302,1321,1146,1222,1314,1348,1099,1040,1350,1422,1296,1369,1226,1198,1190,1246,1304,1339,1353,1186,1214,1544,1477,1150,1187,1389,1163,1112,1134,1054,1348,1145,1070,1181,1066,1056,1366,1402,1450,1273,1481,1438,1131,1180,1535,1067,1048,1182,1068,1064,1201,1072,1171,1219,1115,1134,1200,1342
75,56,False,1120,1217,1108,1397,1165,1249,1577,1097,1554,1236,1155,1584,1562,1380,1168,1360,1224,1374,1045,1218,1004,1110,1051,1296,1194,1157,1286,1200,1278,1131,1180,1146,1125,1204,1189,1294,1094,1212,1253,1342,1308,1362,1466,1346,1324,1213,1211,1120,1229,1344,1186,1075,1439,1094,1091,1577,1235,1076,1390,1168,1091,1378,1067,1335,1261,1165,1179,1267,1293,1107,1362,1360,1219,1365,1287,1211,1361
75,56,False,1120,1157,1175,1210,1219,1232,1222,1400,1217,1142,1507,1412,1466,1296,1220,1530,1241,973,1026,1004,1226,1504,1250,1330,1173,1244,1393,1160,1472,1474,1155,1113,1232,1284,1204,1336,1176,1305,1412,1107,1229,1208,1312,1493,1129,1276,1531,1373,1194,1251,1278,1175,1080,1307,1249,1165,1184,1118,1473,1226,1272,1254,1170,1476,1420,1484,1235,1306,1165,1156,1118,1388,1147,1180,1331,1140,1137
75,56,False,1132,1171,1217,1226,1231,1267,1180,1288,1162,1226,1173,1612,1142,1178,1185,1518,1352,1128,1217,1236,1089,1268,1384,1121,1117,1323,1373,1189,1212,1369,1412,1437,1471,1214,1195,1258,1192,1225,1454,1193,1123,1317,1091,1503,1157,1230,1124,1084,1129,1220,1044,1218,1138,1437,1042,1398,1422,1177,1202,1037,1173,1088,1088,1393,1280,1190,1276,1048,1234,1178,1429,1146,1220,1032,1351,1110,1034
75,56,False,1179,1225,1206,1158,1574,1557,1051,1168,1236,1134,1377,1137,1256,1546,1186,1240,1379,993,1158,1430,1211,1306,1165,1360,1213,1491,1061,1486,1592,1338,1235,1112,1245,1246,1153,1490,1075,1409,1276,1280,1157,1444,1149,1248,1245,1316,1430,1202,1249,1274,1120,1158,1117,1115,1210,1320,1379,1150,1315,1171,1250,1316,1052,1350,1284,1164,1298,1437,1444,1176,1202,1340,1193,1268,1100,1068,1202
75,56,False,1174,1203,1132,1180,1225,1228,1152,1524,1243,1187,1202,1261,1357,1377,1252,1222,1277,1316,1397,1458,1128,1348,1449,1171,1185,1452,1237,1441,1312,1225,1357,1504,1452,1153,1293,1224,1370,1201,1310,1368,1130,1262,1199,1355,1211,1361,1350,1282,1366,1283,1122,1147,1177,1112,1048,1184,1184,1105,1283,1082,1446,1417,1401,1174,1229,1398,1315,1285,1365,1336,1160,1020,1137,1066,1121,1344,1387
75,56,False,1188,1073,1247,1483,1142,1050,1595,1070,1115,1254,1160,1315,1200,1535,1217,1259,1274,1318,1053,1071,1049,1120,1199,1192,1245,1201,1185,1375,1165,1318,1450,1449,1188,1141,1270,1346,1172,1366,1124,1220,1405,1294,1256,1204,1177,1414,1470,1245,1126,1171,1062,1348,1080,1043,1368,1472,1336,1086,1192,1180,1606,1278,1250,1355,1301,1242,1281,1236,1264,1196,1146,1265,1142,1377,1242,1122,1069
75,56,False,1547,1104,1131,1130,1535,1230,1382,1243,1193,1220,1283,1324,1247,1173,1363,1534,1440,932,1192,1109,1303,1486,1462,1525,1268,1178,1211,1497,1316,1467,1246,1184,1250,1466,1137,1550,1278,1519,1120,1210,1176,1478,1292,1374,1188,1276,1214,1150,1299,1104,1398,1112,1073,1089,1278,1454,1219,1491,1376,1283,1264,1246,1088,1238,1335,1320,1164,1235,1237,1402,1172,1194,1231,1380,1450,1297,1158
75,56,False,1172,1129,1107,1128,1186,1321,1196,1132,1254,1154,1507,1619,1615,1387,1230,1528,1344,1296,1249,1076,1192,1185,1109,1486,1332,1106,1410,1421,1064,1482,1268,1286,1268,1322,995,1294,1247,1328,1274,1157,1130,1013,1172,1219,1266,1441,1161,1313,1258,1232,1270,1156,1240,1105,1096,1108,1472,1209,1269,1053,1165,1329,1436,1186,1101,1395,1093,1361,1434,1211,1402,1116,1365,1176,1127,1254,1179
75,56,False,1152,1184,1130,1242,1173,1110,1225,1606,1176,1138,1144,1504,1181,1147,1448,1228,1282,1170,1040,1072,1083,1316,1288,1176,1287,1170,1037,1444,1155,1244,1104,1442,1347,1168,1249,1355,1434,1262,1204,1448,1187,1130,1190,1126,1314,1471,1328,1203,1236,1174,1272,1400,1241,1110,1264,1224,1170,1225,1377,1043,1345,1124,1202,1373,1485,1113,1286,1131,1445,1312,1126,1106,1106,1147,1068,1331,1286
75,56,False,1138,1206,1205,1251,1126,1226,1074,1264,1119,1597,1267,1573,1321,1147,1457,1320,1248,1328,1237,1051,1127,1274,1226,1125,1261,1099,1436,1492,1218,1198,1332,1194,1183,1307,1398,1129,1073,1379,1345,1508,1134,1136,1324,1389,1139,1497,1309,1397,1091,1219,1338,1282,1194,1170,1070,1153,1263,1263,1372,1204,1606,1253,1036,1229,1186,1236,1434,1289,1460,1032,1097,1036,1241,1278,1065,1049,1046
75,56,False,1218,1131,1181,1072,1534,1573,1136,1186,1573,1275,1145,1489,1158,1196,1246,1264,1411,983,1236,1207,1274,1105,1450,1108,1289,1494,1105,1238,1282,1242,1191,1557,1510,1224,1041,1177,1355,1148,1170,1274,1547,1141,1339,1169,1156,1209,1455,1153,1339,1357,1392,1223,1201,1308,1102,1309,1084,1221,1174,1331,1158,1240,1109,1535,1153,1158,1091,1165,1142,1060,1165,1326,1408,1034,1180,1172,1081
75,56,False,1098,1171,1122,1398,1318,1595,1126,1266,1257,1241,1133,1262,1374,1372,1252,1229,1318,999,1025,1077,1149,1257,1154,1282,1216,1170,1126,1307,1235,1156,1379,1366,1199,1193,1313,1314,1072,1216,1402,1081,1347,1438,1193,1430,1271,1408,1359,1211,1090,1314,1166,1296,1267,1074,1286,1256,1456,1220,1333,1192,1421,1433,1454,1125,1355,1104,1433,1299,1298,1212,1210,1260,1096,1217,1171,1301,1425
75,56,False,1521,1124,1131,1147,1358,1186,1160,1106,1139,1214,1600,1245,1143,1652,1265,1598,1517,946,1146,1092,1044,1308,1107,1491,1310,1490,1156,1212,1315,1325,1178,1396,1366,1112,1323,1200,1413,1211,1258,1493,1409,1213,1508,1373,1197,1499,1466,1343,1221,1103,1190,1234,1300,1182,1218,1197,1565,1331,1412,1209,1292,1274,1418,1190,1298,1156,1194,1380,1193,1082,1165,1134,1288,1317,1120,1280,1317
75,56,False,1465,1217,1233,1473,1134,1252,1192,1100,1206,1242,1601,1246,1611,1291,1194,1565,1173,995,1392,1055,1188,1442,1069,1308,1171,1208,1067,1312,1137,1285,1221,1144,1366,1282,1369,1317,1308,1155,1360,1310,1309,1270,1150,1430,1274,1446,1211,1148,1042,1253,1105,1442,1257,1307,1325,1512,1234,1213,1254,1422,1417,1289,1235,1195,1220,1071,1243,1172,1238,1457,1269,1093,1461,1185,1232,1108,1079
75,56,False,1131,1164,1081,1295,1178,1158,1219,1258,1114,1144,1280,1553,1292,1323,1656,1278,1330,1035,1029,1056,1454,1452,1285,1088,1347,1240,1256,1514,1206,1403,1138,1545,1174,1497,1029,1259,1232,1426,1314,1410,1225,1436,1131,1128,1218,1121,1318,1227,1171,1248,1340,1155,1061,1142,1196,1298,1232,1158,1489,1152,1517,1225,1114,1250,1232,1082,1259,1057,1391,1089,1105,1300,1184,1142,1260,1170,1043
75,56,False,1512,1218,1492,1132,1341,1156,1165,1263,1144,1224,1251,1270,1188,1657,1188,1257,1535,996,1385,1075,1069,1014,1266,1422,1092,1203,1115,1137,1541,1520,1360,1224,1198,1128,1421,1208,1076,1499,1472,1226,1192,1313,1112,1267,1257,1380,1474,1245,1477,1203,1106,1291,1035,1053,1057,1308,1352,1193,1130,1157,1412,1268,1204,1372,1154,1329,1184,1494,1256,1264,1142,1434,1481,1180,1230,1352,1206
75,56,False,1189,1132,1494,1143,1203,1230,1244,1192,1617,1233,1221,1284,1536,1174,1225,1563,1362,1005,1375,1235,1330,1225,1412,1123,1313,1354,1337,1338,1210,1532,1230,1140,1218,1528,1068,1309,1083,1188,1112,1138,1192,1535,1240,1496,1150,1124,1486,1160,1211,1087,1395,1408,1441,1133,1049,1211,1411,1286,1114,1320,1219,1069,1190,1518,1082,1058,1061,1192,1514,1186,1164,1200,1330,1221,1194,1192,1145
75,56,False,1125,1411,1193,1148,1208,1350,1530,1275,1194,1604,1257,1259,1165,1445,1196,1442,1284,1158,1016,1091,1170,1122,1104,1484,1132,1342,1275,1217,1240,1210,1244,1204,1273,1336,1132,1302,1060,1274,1163,1171,1261,1329,1416,1124,1454,1201,1283,1233,1478,1148,1179,1425,1306,1256,1246,1254,1309,1062,1201,1293,1156,1157,1163,1227,1307,1113,1237,1154,1320,1358,1216,1089,1421,1258,1148,1209,1192
75,56,False,1130,1139,1200,1341,1169,1563,1195,1354,1251,1153,1315,1301,1176,1582,1293,1349,1326,1288,1216,1078,1241,1166,1210,1081,1101,1325,1072,1312,1338,1308,1515,1379,1138,1133,1179,1289,1171,1405,1226,1293,1193,1260,1059,1176,1229,1445,1132,1486,1115,1052,1254,1315,1406,1420,1108,1325,1469,1432,1420,1070,1342,1196,1173,1156,1433,1072,1289,1133,1040,1337,1081,1457,1415,1063,1176,1432,1142
75,56,False,1198,1201,1172,1119,1276,1232,1229,1253,1532,1140,1557,1284,1643,1258,1421,1233,1251,1222,1013,1021,1048,1285,1112,1485,1176,1326,1457,1206,1398,1417,1252,1359,1515,1509,1428,1198,1128,1230,1420,1104,1350,1116,1177,1427,1496,1402,1206,1269,1263,1280,1333,1208,1387,1106,1082,1398,1329,1307,1241,1110,1384,1470,1199,1243,1064,1173,1221,1280,1219,1336,1122,1131,1308,1265,1197,1364,1277
75,56,False,1152,1051,1094,1148,1231,1053,1251,1184,1219,1198,1275,1308,1258,1213,1697,1339,1275,1116,1185,1076,1200,1285,1221,1410,1117,1218,1211,1315,1533,1406,1380,1160,1446,1228,1502,1208,1267,1313,1244,1165,1209,1274,1308,1163,1273,1173,1286,1100,1016,1421,1079,1059,1120,1315,1150,1200,1136,1425,1347,1126,1388,1183,1064,1278,1102,1424,1105,1220,1115,1172,1154,1180,1076,1114,1228,1172,1501
75,56,False,1156,1208,1164,1131,1158,1192,1493,1170,1077,1217,1288,1166,1206,1216,1446,1350,1254,973,1042,1115,1233,1142,1101,1200,1144,1485,1059,1227,1218,1244,1547,1444,1227,1246,1101,1342,1235,1355,1302,1182,1427,1514,1422,1361,1236,1491,1477,1069,1050,1289,1085,1121,1117,1168,1457,1192,1442,1103,1081,1122,1600,1292,1232,1148,1034,1029,1312,1390,1112,1155,1225,1074,1110,1035,1153,1314,1489
75,56,False,1498,1235,1182,1202,1184,1499,1153,1170,1170,1590,1236,1161,1199,1176,1248,1551,1308,995,1236,1125,1206,1333,1297,1518,1141,1345,1290,1123,1240,1441,1382,1262,1245,1365,1372,1494,1194,1260,1265,1389,1333,1459,1420,1378,1439,1169,1348,1281,1089,1273,1354,1317,1056,1443,1362,1297,1305,1402,1128,1075,1322,1132,1535,1344,1107,1329,1123,1036,1281,1324,1355,1170,1188,1116,1340,1277,1190
75,56,False,1550,1206,1534,1131,1232,1245,1320,1259,1163,1571,1241,1281,1293,1568,1235,1478,1319,962,1365,1237,1361,1288,1535,1308,1405,1254,1296,1121,1177,1216,1321,1200,1453,1140,1112,1185,1070,1306,1212,1265,1328,1382,1435,1130,1565,1402,1109,1227,1401,1180,1238,1210,1226,1180,1174,1126,1402,1288,1149,1262,1552,1089,1100,1280,1364,1077,1232,1326,1187,1232,1221,1105,1165,1138,1124,1120,1392
75,56,False,1154,1129,1176,1210,1128,1228,1198,1112,1264,1414,1283,1312,1642,1252,1220,1237,1254,1291,1042,1276,1312,1348,1275,1226,1275,1316,1074,1387,1456,1120,1137,1159,1333,1247,1266,1412,1208,1425,1324,1197,1190,1426,1109,1228,1405,1138,1221,1342,1083,1189,1265,1462,1178,1140,1290,1122,1465,1123,1120,1286,1229,1369,1240,1535,1134,1240,1326,1129,1346,1259,1180,1395,1321,1177,1257,1355,1107
75,56,False,1141,1128,1051,1227,1169,1130,1392,1104,1173,1308,1134,1589,1195,1317,1212,1232,1448,1064,984,1236,1185,1319,1134,1532,1102,1313,1208,1189,1384,1268,1450,1374,1496,1269,1122,1296,1444,1171,1274,1386,1297,1309,1131,1229,1289,1111,1165,1290,1348,1490,1268,1280,1149,1236,1285,1123,1188,1142,1334,1124,1602,1328,1210,1192,1108,1470,1183,1349,1100,1259,1201,1052,1038,1436,1211,1401,1064
75,56,False,1187,1141,1244,1184,1186,1157,1181,1409,1213,1131,1268,1309,1150,1201,1184,1637,1267,972,955,1052,1499,1042,1228,1232,1097,1232,1408,1114,1282,1314,1467,1477,1443,1435,1243,1210,1088,1301,1208,1193,1122,1389,1377,1220,1316,1238,1157,1238,1078,1281,1270,1144,1069,1178,1354,1562,1141,1277,1192,1029,1109,1302,1280,1554,1212,1246,1233,1300,1237,1262,1114,1096,1104,1180,1163,1304,1356
75,56,False,1152,1114,1077,1210,1153,1345,1258,1333,1378,1205,1285,1309,1157,1279,1579,1592,1339,1035,1269,1265,1484,1172,1058,1456,1097,1294,1499,1371,1482,1544,1244,1406,1382,1122,1209,1274,1129,1282,1363,1138,1293,1493,1289,1441,1435,1440,1226,1150,1284,1477,1042,1107,1085,1141,1266,1529,1401,1162,1136,1416,1392,1027,1170,1432,1109,1202,1091,1228,1155,1472,1185,1397,1507,1033,1187,1126,1260
75,56,False,1129,1257,1217,1182,1219,1278,1140,1274,1187,1126,1234,1323,1146,1144,1432,1336,1241,1356,1402,1222,1040,1434,1100,1291,1221,1264,1064,1394,1261,1554,1406,1192,1302,1353,1242,1105,1389,1350,1262,1394,1346,1138,1170,1131,1249,1198,1307,1061,1062,1230,1188,1230,1502,1321,1049,1228,1200,1078,1253,1342,1195,1172,1224,1305,1319,1224,1298,1332,1486,1073,1062,1201,1192,1227,1091,1245,1089
75,56,False,1205,1144,1145,1163,1257,1148,1535,1133,1110,1122,1196,1279,1276,1190,1609,1304,1277,1035,1359,1005,1524,1137,1348,1294,1243,1339,1489,1276,1232,1544,1451,1307,1206,1329,1268,1354,1237,1437,1232,1362,1475,1347,1411,1348,1387,1258,1181,1117,1386,1336,1131,1220,1046,1257,1054,1160,1314,1078,1178,1369,1179,1464,1057,1393,1170,1198,1157,1211,1374,1269,1214,1219,1245,1043,1049,1081,1194
75,56,False,1448,1200,1060,1247,1249,1229,1211,1277,1129,1585,1248,1144,1234,1600,1417,1522,1390,1112,1132,1001,1178,1117,1325,1182,1117,1218,1242,1464,1404,1367,1262,1236,1201,1589,1097,1165,1386,1206,1243,1449,1332,1425,1443,1246,1270,1166,1545,1187,1189,1275,1045,1378,1134,1074,1118,1474,1060,1066,1324,1298,1360,1388,1349,1206,1106,1300,1433,1144,1184,1123,1198,1152,1216,1109,1154,1302,1301
75,56,False,1145,1520,1216,1012,1172,1210,1218,1214,1185,1203,1250,1540,1202,1405,1523,1230,1283,1285,1390,1254,1048,1491,1154,1168,1210,1499,1121,1146,1435,1125,1303,1400,1112,1129,1474,1435,1290,1355,1292,1293,1037,1400,1264,1104,1433,1171,1350,1131,1193,1166,1393,1153,1160,1166,1149,1669,1329,1265,1235,1061,1160,1118,1058,1259,1325,1093,1105,1339,1486,1289,1202,1422,1125,1160,1089,1314,1181
75,56,False,1186,1054,1160,1245,1312,1261,1217,1084,1257,1203,1186,1224,1317,1334,1356,1268,1369,1274,946,990,1267,1343,1042,1262,1224,1280,1309,1520,1389,1341,1283,1132,1434,1437,1443,1210,1116,1429,1488,1533,1268,1265,1157,1161,1294,1455,1206,1196,1064,1057,1406,1317,1057,1302,1145,1535,1377,1058,1306,1318,1274,1174,1082,1136,1454,1365,1441,1068,1302,1204,1403,1081,1168,1260,1243,1168,1251
75,56,False,1286,1192,1244,988,1200,1141,1548,1242,1219,1454,1304,1169,1371,1562,1253,1258,1252,1072,1219,1118,1073,1221,1322,1285,1101,1188,1123,1194,1603,1339,1456,1528,1135,1488,1316,1196,1413,1292,1258,1238,1177,1502,1153,1312,1270,1156,1485,1049,1398,1251,1178,1134,1176,1403,1201,1272,1448,1317,1091,1269,1411,1083,1411,1385,1106,1500,1089,1314,1348,1262,1409,1293,1226,1230,1179,1339,1158
75,56,False,1148,1209,1200,1170,1208,1213,1081,1209,1155,1109,1523,1372,1347,1170,1168,1694,1291,1002,1010,1200,1262,1166,1106,1245,1430,1094,1250,1568,1147,1488,1200,1166,1348,1386,1262,1305,1226,1219,1316,1456,1126,1130,1291,1187,1288,1222,1265,1451,1097,1241,1264,1126,1241,1169,1264,1346,1403,1129,1054,1036,1545,1314,1258,1422,1220,1446,1157,1093,1226,1065,1285,1096,1114,1155,1139,1269,1176
75,56,False,1452,1103,1146,1187,1504,1217,1240,1208,1248,1150,1600,1184,1321,1489,1538,1304,1225,1324,1050,1090,1479,1081,1115,1233,1114,1478,1248,1203,1397,1356,1239,1418,1323,1212,1086,1162,1409,1381,1128,1454,1192,1355,1373,1405,1195,1462,1185,1094,1159,1054,1205,1235,1415,1102,1073,1147,1134,1241,1525,1270,1150,1072,1213,1172,1326,1204,1429,1392,1243,1139,1403,1250,1149,1201,1313,1261,1262
75,56,False,1205,1107,1252,1224,1516,1130,1140,1136,1539,1240,1155,1234,1193,1212,1444,1272,1424,1044,1354,1274,1068,1024,1187,1142,1342,1256,1093,1354,1453,1140,1088,1252,1179,1181,1305,1310,1093,1158,1157,1216,1123,1297,1347,1142,1460,1180,1234,1319,1173,1369,1410,1168,1074,1196,1105,1110,1419,1032,1377,1051,1353,1378,1071,1238,1321,1108,1344,1173,1164,1138,1140,1057,1364,1085,1461,1099,1224
75,56,False,1161,1211,1446,1138,1535,1203,1148,1270,1514,1572,1443,1236,1371,1612,1588,1746,1232,1196,1034,1237,1130,1241,1053,1134,1129,1293,1134,1210,1169,1347,1421,1235,1442,1162,1433,1322,1237,1238,1230,1140,1302,1138,1110,1262,1371,1474,1120,1049,1203,1145,1381,1165,1224,1229,1209,1121,1472,1329,1265,1117,1236,1211,1277,1314,1123,1094,1253,1193,1379,1338,1179,1425,1165,1418,1264,1113,1112
75,56,False,1125,1178,1252,1180,1131,1381,1201,1543,1147,1394,1179,1218,1155,1690,1709,1557,1387,1010,1002,1100,1111,1097,1513,1121,1124,1340,1461,1493,1164,1233,1486,1581,1101,1256,1331,1117,1220,1465,1262,1416,1355,1259,1230,1434,1253,1161,1182,1437,1063,1215,1362,1338,1081,1474,1168,1295,1201,1208,1253,1270,1224,1072,1440,1172,1062,1203,1357,1139,1278,1526,1160,1400,1302,1072,1315,1070,1394
75,56,False,1115,1165,1140,1502,1224,1189,1195,1256,1333,1155,1612,1260,1168,1374,1453,1365,1580,1274,1025,1033,1024,1109,1172,1327,1113,1536,1371,1171,1190,1216,1280,1476,1210,1310,1105,1304,1121,1430,1333,1109,1374,1160,1460,1238,1196,1283,1403,1198,1141,1261,1441,1050,1162,1134,1196,1468,1313,1365,1386,1302,1332,1536,1459,1302,1430,1110,1192,1092,1244,1389,1148,1121,1424,1209,1346,1122,1257
75,56,False,1162,1208,1138,1147,1172,1144,1554,1274,1176,1188,1272,1539,1294,1177,1436,1288,1477,976,1003,1072,1293,1526,1201,1259,1499,1296,1231,1284,1535,1416,1117,1145,1434,1137,1092,1462,1150,1347,1315,1213,1232,1478,1120,1193,1324,1250,1295,1269,1216,1393,1314,1259,1124,1125,1150,1201,1270,1417,1160,1562,1129,1323,1414,1303,1253,1420,1173,1214,1082,1282,1139,1421,1362,1063,1338,1290,1456
75,56,False,1139,1486,1162,1232,1537,1516,1295,1194,1128,1288,1195,1631,1253,1271,1280,1272,1535,1008,1430,1456,1483,1114,1240,1129,1244,1172,1365,1309,1128,1498,1332,1355,1300,1218,1125,1136,1419,1234,1225,1154,1344,1336,1142,1190,1432,1286,1373,1126,1421,1353,1222,1128,1105,1345,1034,1299,1248,1406,1111,1520,1169,1373,1230,1307,1276,1458,1195,1218,1468,1180,1170,1201,1254,1261,1370,1140,1085
75,56,False,1208,1234,1123,1535,1246,1219,1150,1535,1166,1242,1252,1206,1138,1521,1442,1235,1298,1222,1424,1194,1117,1050,1208,1131,1415,1487,1280,1245,1075,1391,1157,1266,1217,1188,1160,1281,1368,1259,1427,1180,1115,1140,1070,1155,1259,1336,1289,1406,1182,1065,1399,1179,1097,1045,1291,1380,1137,1061,1321,1257,1522,1283,1027,1286,1458,1182,1241,1216,1496,1212,1543,1394,1332,1347,1224,1106,1081
75,56,False,1196,1097,1490,1561,1111,1160,1236,1121,1529,1273,1141,1314,1414,1669,1473,1283,1477,1283,1420,1236,1098,1476,1146,1347,1476,1358,1113,1364,1409,1187,1112,1251,1476,1517,1054,1216,1077,1212,1212,1241,1261,1240,1210,1147,1237,1475,1176,1182,1177,1084,1206,1413,1106,1290,1270,1115,1086,1046,1179,1110,1336,1059,1126,1186,1069,1305,1218,1142,1315,1061,1197,1200,1358,1121,1432,1224,1145
75,56,False,1203,1155,1158,1206,1533,1185,1096,1330,1163,1256,1612,1289,1574,1370,1178,1232,1238,993,1221,1251,1526,1139,1334,1184,1529,1220,1058,1488,1361,1156,1227,1229,1286,1464,1107,1212,1197,1181,1169,1170,1235,1165,1012,1341,1300,1433,1452,1091,1266,1285,1035,1209,1148,1080,1270,1332,1318,1304,1066,1352,1520,1165,1052,1325,1249,1209,1305,1299,1252,1306,1336,1112,1492,1199,1453,1081,1241
75,56,False,1252,1198,1154,1450,1240,1197,1256,1538,1131,1611,1236,1149,1390,1349,1184,1232,1417,1066,1024,985,1099,1152,1252,1176,1354,1512,1351,1406,1332,1379,1177,1532,1380,1331,1112,1421,1470,1153,1182,1460,1160,1307,1092,1149,1204,1334,1362,1116,1161,1054,1140,1254,1128,1148,1070,1446,1480,1266,1320,1204,1156,1276,1418,1588,1087,1360,1242,1336,1252,1065,1182,1301,1334,1281,1195,1338,1189
75,56,False,1117,1128,1149,1222,1526,1137,1254,1187,1165,1253,1535,1175,1257,1218,1488,1349,1280,1013,1341,1204,1131,1339,1210,1187,1278,1106,1385,1214,1374,1277,1297,1400,1234,1218,1411,1203,1052,1475,1184,1273,1262,1287,1352,1213,1535,1368,1243,1493,1274,1393,1336,1186,1233,1185,1083,1249,1250,1068,1254,1165,1185,1157,1104,1358,1208,1081,1421,1082,1211,1520,1364,1322,1092,1243,1187,1212,1163
75,56,False,1140,1221,1211,1227,1227,1193,1241,1576,1186,1597,1217,1302,1523,1220,1535,1570,1243,987,1148,1100,1050,1042,1484,1248,1165,1302,1457,1369,1293,1386,1292,1517,1274,1292,1067,1131,1238,1148,1221,1329,1129,1343,1188,1580,1214,1507,1248,1148,1412,1103,1182,1356,1057,1262,1035,1192,1225,1164,1044,1101,1192,1042,1138,1428,1300,1355,1272,1259,1465,1380,1256,1182,1204,1122,1236,1333,1080
75,56,False,1178,1189,1248,1139,1243,1180,1133,1293,1138,1212,1195,1202,1340,1308,1296,1305,1341,1253,1053,1000,1158,1146,1289,1114,1188,1136,1294,1558,1310,1260,1370,1275,1238,1218,1099,1481,1092,1221,1373,1129,1160,1270,1088,1341,1135,1452,1328,1338,1225,1107,1152,1074,1061,1086,1141,1408,1289,1218,1040,1200,1314,1086,1473,1486,1188,1248,1505,1095,1324,1395,1146,1075,1071,1152,1229,1056,1129
75,56,False,1164,1203,1174,1132,1395,1249,1313,1122,1208,1283,1209,1166,1208,1245,1714,1560,1397,1181,990,1039,1137,1305,1511,1256,1190,1178,1141,1244,1494,1257,1221,1404,1124,1363,1414,1224,1068,1445,1312,1270,1535,1163,1288,1106,1126,1179,1240,1134,1296,1141,1176,1186,1057,1316,1298,1573,1172,1355,1182,1365,1360,1505,1200,1334,1426,1276,1449,1106,1118,1482,1164,1248,1332,1202,1208,1220,1097
75,56,False,1168,1121,1177,1216,1229,1234,1248,1260,1126,1507,1679,1265,1318,1360,1301,1228,1301,993,1002,1060,1106,1341,1329,1227,1327,1491,1363,1138,1488,1258,1304,1292,1513,1374,1102,1135,1082,1165,1420,1086,1356,1107,1405,1567,1128,1268,1345,1096,1166,1307,1321,1112,1114,1141,1083,1306,1449,1520,1049,1246,1275,1100,1237,1235,1454,1193,1140,1240,1280,1052,1041,1132,1378,1405,1192,1115,1084
75,56,False,1126,1109,1176,1260,1185,1137,1548,1243,1256,1171,1211,1238,1144,1603,1321,1334,1341,1244,1037,1256,1467,1160,1324,1168,1466,1182,1358,1171,1371,1374,1490,1469,1131,1266,1261,1265,1396,1139,1173,1149,1349,1162,1252,1451,1509,1234,1284,1138,1182,1192,1323,1300,1109,1174,1139,1269,1396,1156,1252,1424,1118,1190,1110,1130,1465,1098,1182,1477,1473,1432,1213,1102,1182,1135,1309,1204,1195
75,56,False,1150,1218,1194,1120,1246,1136,1201,1248,1329,1224,1145,1341,1203,1249,1569,1278,1553,1278,1013,1434,1186,1248,1544,1165,1334,1230,1036,1310,1411,1136,1481,1289,1161,1142,1149,1245,1159,1121,1353,1194,1490,1120,1342,1270,1533,1473,1445,1285,1437,1120,1322,1283,1224,1102,1214,1352,1505,1288,1120,1130,1177,1077,1309,1099,1258,1082,1076,1044,1434,1150,1187,1341,1214,1167,1267,1285,1170
75,56,False,1285,1131,1312,1220,1145,1217,1240,1292,1164,1165,1245,1134,1127,1156,1211,1522,1256,933,1162,1293,1226,1121,1138,1140,1236,1322,1400,1489,1099,1370,1212,1449,1228,1185,1126,1277,1167,1280,1452,1181,1161,1312,1094,1212,1192,1222,1493,1106,1380,1086,1104,1060,1101,1354,1107,1392,1416,1217,1059,1187,1273,1286,1066,1525,1310,1253,1470,1443,1330,1445,1111,1125,1213,1251,1205,1421,1298
75,56,False,1140,1535,1250,1325,1130,1180,1590,1253,1182,1254,1285,1566,1299,1360,1336,1237,1483,1313,1430,1251,1101,1232,1172,1117,1404,1264,1077,1395,1116,1099,1448,1360,1099,1362,1308,1139,1160,1299,1275,1165,1436,1252,1269,1256,1350,1259,1309,1172,1218,1074,1113,1302,1084,1350,1201,1140,1081,1273,1282,1048,1211,1218,1064,1196,1158,1501,1226,1060,1133,1291,1356,1278,1083,1385,1363,1404,1165
75,56,False,1133,1200,1183,1053,1212,1178,1096,1264,1593,1193,1121,1224,1535,1229,1278,1505,1259,1308,948,1156,1500,1140,1188,1083,1189,1212,1376,1346,1554,1270,1269,1259,1488,1262,1256,1533,1210,1402,1205,1136,1228,1194,1208,1267,1178,1404,1535,1124,1057,1204,1075,1430,1390,1045,1134,1126,1484,1358,1414,1182,1270,1352,1219,1082,1162,1226,1362,1261,1342,1380,1137,1085,1164,1090,1371,1201,1275
75,56,False,1157,1158,1491,1314,1551,1267,1162,1237,1142,1604,1603,1339,1200,1261,1454,1568,1235,957,1313,1194,1107,1216,1137,1325,1280,1470,1038,1323,1171,1427,1185,1363,1135,1242,1284,1139,1272,1453,1172,1275,1430,1373,1055,1253,1168,1344,1173,1194,1240,1067,1202,1125,1274,1106,1259,1298,1260,1454,1221,1396,1301,1176,1101,1171,1188,1411,1123,1491,1212,1337,1518,1164,1280,1168,1188,1309,1171
75,56,False,1160,1111,1202,1208,1139,1376,1250,1530,1154,1252,1152,1562,1304,1372,1210,1294,1296,972,1218,1082,1064,1043,1133,1426,1087,1217,1438,1528,1349,1221,1298,1392,1209,1242,1217,1212,1192,1172,1090,1449,1202,1154,1224,1202,1300,1113,1283,1395,1059,1240,1098,1258,1174,1128,1176,1356,1263,1137,1336,1144,1160,1413,1266,1292,1243,1073,1374,1210,1373,1318,1068,1298,1141,1221,1425,1334,1110
75,56,False,1148,1160,1310,1171,1098,1252,1157,1233,1262,1293,1330,1172,1344,1208,1205,1280,1322,1270,1265,1050,1244,1124,1492,1288,1293,1514,1162,1168,1308,1109,1429,1221,1135,1238,1418,1204,1389,1547,1224,1222,1353,1082,1123,1506,1102,1214,1314,1290,1254,1101,1428,1171,1274,1164,1076,1443,1132,1073,1340,1402,1449,1285,1204,1528,1299,1180,1226,1236,1302,1221,1233,1171,1232,1092,1170,1112,1208
75,56,False,1181,1200,1238,1121,1282,1185,1099,1568,1612,1282,1628,1277,1137,1398,1461,1254,1290,1103,1050,1083,1238,1147,1467,1259,1241,1478,1387,1380,1196,1312,1393,1336,1345,1169,1250,1296,1380,1413,1326,1443,1178,1521,1385,1473,1558,1326,1488,1299,1195,1349,1076,1133,1067,1108,1310,1338,1251,1292,1337,1464,1173,1484,1221,1312,1409,1042,1090,1080,1484,1209,1179,1317,1289,1178,1174,1114,1366
75,56,False,1198,1101,1236,1147,1555,1225,1641,1162,1156,1147,1291,1161,1568,1342,1341,1515,1178,1077,1006,1448,1216,1114,1165,1185,1154,1236,1464,1208,1486,1481,1216,1522,1443,1219,1137,1339,1197,1138,1321,1535,1211,1406,1083,1234,1220,1293,1123,1245,1218,1425,1219,1226,1396,1020,1129,1179,1106,1169,1369,1345,1258,1152,1235,1205,1186,1043,1538,1238,1136,1157,1246,1438,1099,1218,1057,1237,1125
75,56,False,1196,1186,1175,1170,1219,1535,1172,1308,1138,1262,1613,1270,1261,1310,1231,1320,1238,1325,1175,1453,1146,1056,1522,1183,1120,1212,1330,1326,1324,1266,1535,1433,1345,1284,1293,1226,1090,1475,1220,1330,1440,1059,1074,1182,1156,1509,1326,1277,1365,1299,1233,1292,1125,1253,1000,1179,1406,1454,1115,1156,1205,1235,1541,1217,1389,1165,1155,1396,1137,1179,1056,1066,1069,1170,1305,1286,1278
75,56,False,1132,1195,1478,1130,1518,1238,1179,1152,1201,1297,1129,1296,1210,1177,1525,1257,1280,1070,1043,1041,1227,1507,1540,1325,1220,1132,1049,1560,1183,1093,1389,1396,1227,1491,1310,1278,1267,1374,1477,1114,1550,1372,1285,1515,1162,1221,1378,1040,1406,1117,1365,1408,1114,1304,1052,1337,1419,1055,1384,1476,1240,1462,1113,1236,1132,1235,1127,1416,1195,1125,1321,1138,1165,1059,1146,1137,1272
75,56,False,1191,1355,1177,1124,1554,1148,1210,1349,1352,1260,1139,1317,1277,1259,1196,1247,1395,1030,979,1451,1042,1150,1182,1174,1118,1496,1163,1468,1414,1260,1177,1145,1221,1180,1068,1224,1330,1201,1372,1398,1145,1387,1226,1115,1104,1306,1338,1244,1172,1101,1314,1034,1363,1457,1075,1341,1132,1530,1445,1200,1286,1138,1134,1394,1262,1153,1297,1393,1274,1006,1135,1203,1229,1398,1366,1409,1019
75,56,False,1176,1167,1183,1241,1117,1233,1204,1128,1234,1673,1132,1148,1187,1691,1254,1245,1248,1226,1203,1284,1098,1214,1168,1509,1244,1284,1244,1381,1327,1361,1257,1302,1273,1239,1425,1151,1091,1218,1160,1093,1230,1221,1188,1430,1438,1369,1146,1222,1298,1070,1261,1172,1384,1152,1485,1210,1194,1169,1051,1107,1217,1404,1062,1321,1155,1292,1072,1082,1136,1244,1392,1252,1334,1356,1202,1164,1198
75,56,False,1177,1036,1197,1130,1188,1235,1216,1089,1254,1209,1185,1211,1322,1404,1296,1360,1393,1284,959,1077,1280,1134,1128,1275,1222,1244,1285,1195,1320,1236,1211,1165,1525,1242,1307,1213,1153,1060,1250,1217,1497,1140,1302,1289,1559,1292,1117,1160,1418,1240,1404,1316,1048,1086,1190,1311,1109,1088,1078,1414,1345,1475,1034,1256,1027,1240,1134,1069,1388,1221,1326,1470,1294,1156,1181,1043,1464
75,56,False,1147,1499,1216,1211,1333,1118,1260,1120,1642,1248,1160,1198,1259,1306,1337,1492,1590,1171,1226,1066,1177,1103,1201,1185,1265,1132,1169,1229,1348,1340,1584,1520,1500,1235,1285,1283,1179,1288,1216,1366,1098,1286,1121,1489,1304,1294,1190,1229,1373,1190,1114,1283,1198,1436,1148,1153,1143,1058,1252,1154,1315,1056,1123,1314,1234,1403,1138,1180,1376,1193,1206,1241,1390,1188,1033,1096,1218
75,56,False,1134,1177,1432,1177,1135,1516,1193,1284,1589,1598,1500,1597,1293,1198,1219,1298,1286,1224,1382,1122,1501,1083,1155,1468,1445,1146,1119,1535,1306,1261,1135,1110,1128,1412,1185,1478,1067,1131,1113,1195,1263,1393,1149,1314,1259,1344,1121,1428,1132,1164,1097,1338,1174,1382,1244,1288,1528,1053,1110,1149,1132,1198,1312,1542,1136,1373,1205,1374,1188,1180,1517,1180,1196,1353,1117,1059,1156
75,56,False,1234,1165,1132,1115,1163,1278,1145,1557,1245,1282,1224,1245,1282,1248,1393,1340,1296,1156,1238,1061,1180,1238,1100,1110,1449,1201,1114,1268,1348,1163,1306,1280,1156,1230,1005,1224,1125,1130,1429,1530,1162,1144,1485,1160,1446,1334,1428,1113,1099,1180,1403,1069,1061,1123,1346,1570,1092,1202,1109,1275,1577,1076,1216,1246,1232,1300,1036,1266,1147,1420,1392,1088,1161,1390,1156,1341,1179
75,56,False,1222,1050,1256,1250,1119,1300,1115,1148,1170,1168,1529,1258,1253,1610,1276,1314,1370,1084,1021,1242,1110,1163,1309,1264,1162,1318,1247,1144,1211,1134,1220,1514,1269,1285,1460,1534,1360,1165,1128,1316,1357,1142,1128,1096,1418,1393,1382,1164,1361,1072,1064,1389,1385,1242,1248,1488,1382,1270,1141,1168,1301,1339,1262,1261,1184,1256,1297,1044,1400,1118,1122,1105,1204,1162,1278,1145,1197
75,56,False,1100,1164,1123,1227,1559,1161,1220,1544,1200,1284,1308,1179,1544,1177,1229,1233,1584,1340,1048,1099,1275,1192,1150,1170,1181,1440,1224,1283,1322,1539,1481,1129,1124,1393,1185,1326,1140,1314,1564,1416,1222,1376,1458,1131,1180,1241,1368,1275,1097,1104,1400,1292,1369,1299,1096,1249,1157,1397,1388,1324,1572,1386,1180,1331,1419,1146,1360,1337,1108,1159,1485,1188,1197,1203,1368,1220,1043
75,56,False,1075,1176,1336,1104,1139,1520,1212,1201,1195,1269,1564,1192,1346,1539,1309,1250,1179,1219,962,1181,1352,1094,1040,1099,1184,1220,1089,1115,1202,1396,1112,1166,1269,1128,1250,1200,1081,1416,1246,1132,1280,1179,1035,1289,1156,1409,1480,1170,1341,1238,1473,1157,1517,1058,1378,1120,1209,1250,1260,1336,1444,1355,1291,1253,1061,1171,1297,1414,1044,1172,1105,1173,1224,1041,1264,1146,1168
75,56,False,1106,1196,1134,1500,1173,1300,1109,1055,1629,1221,1155,1332,1161,1193,1296,1417,1325,1014,1251,1106,1462,1438,1464,1173,1180,1224,1018,1139,1070,1209,1218,1417,1131,1293,1086,1325,1101,1339,1162,1205,1213,1169,1237,1233,1302,1535,1437,1048,1107,1126,1185,1148,1084,1422,1372,1258,1110,1350,1049,1300,1161,1347,1140,1182,1186,1079,1474,1127,1090,1045,1241,1104,1434,1304,1197,1390,1214
75,56,False,1114,1172,1094,1226,1345,1069,1178,1254,1245,1195,1630,1267,1311,1304,1697,1264,1420,1042,976,1389,1275,1125,1142,1086,1222,1164,1318,1182,1238,1236,1188,1275,1371,1214,1196,1217,1070,1504,1372,1258,1541,1219,1249,1250,1329,1131,1430,1234,1385,1428,1147,1333,1075,1339,1514,1384,1122,1254,1329,1219,1248,1140,1073,1385,1377,1364,1144,1045,1123,1170,1376,1321,1087,1414,1274,1089,1316
75,56,False,1138,1478,1205,1093,1223,1325,1139,1232,1140,1583,1244,1550,1625,1266,1588,1243,1256,1194,1196,1124,1109,1506,1169,1125,1234,1282,1062,1135,1140,1145,1491,1278,1141,1256,1322,1292,1117,1195,1424,1070,1328,1317,1389,1388,1158,1252,1486,1204,1218,1192,1235,1269,1274,1428,1210,1363,1394,1314,1053,1464,1376,1378,1411,1272,1178,1320,1477,1334,1235,1320,1201,1051,1393,1225,1131,1140,1032
75,56,False,1460,1236,1248,1200,1168,1157,1149,1194,1441,1252,1163,1140,1180,1298,1602,1298,1224,1310,984,1063,1115,1112,1358,1477,1142,1491,1147,1149,1280,1144,1577,1413,1218,1268,1130,1185,1083,1285,1280,1345,1181,1330,1189,1194,1237,1488,1157,1241,1076,1069,1173,1216,1184,1416,1134,1302,1152,1149,1219,1075,1282,1505,1058,1163,1060,1429,1144,1439,1441,1178,1132,1244,1173,1394,1120,1230,1062
75,56,False,1124,1239,1227,1238,1508,1156,1387,1236,1146,1278,1316,1171,1204,1185,1662,1326,1237,958,997,1392,1000,1535,1180,1366,1245,1448,1056,1221,1432,1045,1275,1474,1261,1388,1169,1311,1229,1172,1392,1484,1093,1214,1338,1469,1370,1289,1112,1080,1097,1045,1442,1074,1435,1184,1092,1257,1246,1275,1028,1160,1324,1227,1054,1404,1199,1192,1276,1172,1276,1054,1438,1356,1237,1461,1302,1144,1336
75,56,False,1188,1510,1261,1208,1122,1230,1549,1193,1260,1590,1658,1340,1217,1363,1612,1666,1392,1011,1225,1459,1109,1196,1130,1181,1188,1133,1080,1236,1375,1165,1262,1214,1458,1274,1338,1199,1449,1251,1182,1125,1239,1225,1172,1284,1189,1432,1108,1101,1134,1074,1107,1154,1255,1118,1153,1233,1181,1228,1228,1288,1294,1233,1425,1350,1051,1296,1422,1354,1393,1288,1356,1367,1264,1446,1124,1342,1149
75,56,False,1135,1186,1173,1158,1242,1127,1120,1595,1627,1633,1310,1166,1262,1280,1189,1620,1326,1161,1037,1446,1313,1136,1330,1493,1348,1179,1176,1549,1507,1281,1359,1156,1355,1241,1214,1130,1461,1314,1168,1388,1238,1276,1171,1218,1213,1302,1441,1394,1496,1064,1198,1289,1102,1177,1288,1448,1202,1162,1106,1056,1585,1152,1041,1363,1024,1194,1534,1053,1512,1308,1374,1148,1285,1123,1206,1224,1136
75,56,False,1552,1222,1129,1244,1228,1260,1520,1144,1376,1213,1203,1238,1290,1329,1284,1232,1357,979,975,1078,1153,1259,1157,1384,1508,1132,1149,1293,1192,1089,1360,1286,1267,1298,1299,1338,1204,1385,1236,1084,1387,1138,1411,1412,1296,1456,1200,1102,1317,1440,1177,1033,1426,1096,1392,1077,1257,1465,1340,1147,1547,1457,1437,1274,1254,1189,1227,1141,1490,1206,1289,1298,1084,1184,1128,1258,1289
75,56,False,1125,1524,1049,1101,1192,1539,1218,1086,1230,1304,1171,1165,1178,1549,1187,1659,1338,1323,1250,1096,1227,1317,1083,1424,1209,1259,1161,1230,1353,1540,1478,1228,1564,1136,1400,1144,1075,1150,1152,1461,1156,1242,1314,1213,1130,1174,1145,1122,1051,1346,1106,1250,1162,1109,1485,1262,1097,1048,1044,1379,1317,1506,1155,1548,1207,1270,1378,1154,1100,1074,1485,1120,1272,1203,1144,1073,1105
75,56,False,1129,1044,1257,1292,1059,1155,1514,1270,1122,1228,1546,1316,1670,1333,1192,1720,1340,1096,1441,1289,1096,1152,1300,1179,1474,1200,1064,1203,1209,1099,1283,1218,1535,1324,1247,1115,1498,1157,1485,1531,1205,1294,1208,1211,1397,1418,1387,1412,1250,1446,1115,1213,1316,1073,1188,1324,1193,1156,1092,1369,1572,1085,1269,1558,1144,1099,1456,1057,1180,1255,1103,1451,1115,1108,1253,1104,1395
75,56,False,1502,1121,1243,1182,1179,1097,1128,1198,1204,1157,1662,1296,1232,1227,1293,1535,1278,934,1138,1078,1493,1265,1315,1282,1236,1389,1034,1252,1247,1299,1424,1152,1473,1234,1409,1051,1186,1178,1516,1398,1129,1145,1212,1142,1317,1148,1338,1394,1169,1438,1253,1337,1409,1294,1179,1302,1488,1353,1157,1106,1108,1453,1153,1496,1051,1235,1058,1227,1314,1231,1230,1267,1345,1104,1299,1254,1080
75,56,False,1535,1182,1104,1214,1340,1031,1084,1542,1259,1260,1286,1259,1436,1368,1204,1285,1324,1042,1449,1205,1282,1542,1150,1285,1182,1113,1341,1334,1188,1233,1338,1205,1168,1430,1186,1424,1166,1206,1340,1404,1492,1378,1266,1280,1488,1291,1123,1135,1138,1195,1076,1448,1176,1185,1221,1181,1153,1245,1403,1281,1400,1298,1301,1173,1152,1070,1083,1160,1204,1162,1376,1112,1363,1116,1154,1282,1123
75,56,False,1177,1129,1131,1144,1098,1234,1611,1135,1129,1142,1306,1190,1136,1155,1228,1307,1254,942,1417,1074,1492,1295,1114,1312,1462,1110,1127,1132,1156,1490,1134,1261,1173,1385,1270,1197,1221,1248,1418,1130,1545,1386,1442,1236,1387,1541,1422,1064,1424,1121,1066,1105,1444,1302,1126,1121,1317,1269,1141,1166,1532,1236,1258,1450,1212,1033,1312,1298,1109,1056,1052,1236,1346,1160,1206,1344,1072
75,56,False,1131,1114,1197,1099,1209,1588,1198,1358,1586,1302,1680,1274,1181,1741,1701,1574,1251,1321,1008,1286,1196,1128,1060,1147,1147,1377,1510,1417,1212,1238,1197,1535,1378,1266,1249,1224,1107,1132,1302,1193,1405,1258,1132,1222,1301,1410,1138,1168,1190,1411,1054,1132,1312,1069,1088,1283,1187,1338,1413,1045,1312,1418,1138,1158,1362,1414,1352,1458,1369,1073,1228,1438,1432,1194,1150,1155,1242
75,56,False,1192,1217,1076,1173,1097,1381,1206,1589,1139,1202,1208,1180,1585,1284,1308,1537,1313,1033,1234,1414,1097,1504,1277,1360,1320,1189,1444,1144,1069,1116,1394,1119,1438,1535,1497,1474,1129,1242,1438,1202,1354,1228,1141,1489,1535,1160,1443,1270,1497,1367,1179,1125,1195,1202,1058,1398,1342,1192,1141,1483,1140,1498,1144,1167,1336,1137,1194,1281,1196,1044,1197,1046,1125,1084,1192,1067,1381
75,56,False,1150,1139,1137,1406,1188,1549,1213,1384,1137,1245,1161,1574,1246,1386,1195,1273,1280,1189,1368,1082,1097,1140,1436,1318,1459,1141,1136,1245,1248,1370,1516,1131,1534,1262,1278,1256,1263,1473,1292,1478,1202,1374,1208,1458,1155,1182,1157,1204,1049,1328,1168,1304,1129,1232,1198,1541,1373,1153,1118,1206,1156,1509,1179,1102,1069,1314,1236,1216,1237,1209,1133,1436,1162,1173,1362,1276,1109
75,56,False,1070,1138,1366,1208,1193,1186,1131,1267,1148,1155,1295,1293,1626,1368,1298,1509,1514,977,1057,1274,1451,1184,1104,1192,1172,1286,1380,1499,1325,1240,1362,1465,1364,1220,1265,1154,1257,1409,1384,1503,1223,1371,1288,1289,1225,1075,1346,1185,1048,1179,1311,1066,1304,1041,1166,1428,1270,1336,1171,1308,1330,1421,1048,1194,1155,1132,1092,1261,1253,1260,1381,1153,1261,1187,1334,1315,1317
75,56,False,1134,1110,1115,1221,1535,1216,1146,1109,1453,1250,1184,1634,1196,1285,1232,1707,1483,989,1026,1328,1172,1099,1156,1221,1174,1115,1138,1107,1281,1122,1505,1416,1142,1212,1163,1118,1332,1112,1246,1254,1397,1253,1332,1297,1226,1314,1290,1223,1328,1198,1116,1326,1083,1308,1308,1280,1446,1189,1104,1160,1257,1103,1340,1344,1281,1046,1382,1184,1122,1109,1144,1088,1484,1262,1171,1408,1473
75,56,False,1112,1204,1051,1213,1114,1202,1535,1140,1304,1530,1218,1302,1669,1397,1165,1382,1256,1299,1125,1101,1187,1072,1087,1266,1438,1119,1083,1400,1238,1516,1451,1414,1299,1247,1259,1173,1131,1420,1378,1291,1210,1416,1115,1318,1314,1156,1332,1226,1131,1351,1370,1057,1091,1434,1072,1238,1177,1413,1066,1347,1217,1124,1410,1239,1048,1284,1338,1152,1316,1259,1214,1210,1435,1356,1136,1178,1107
75,56,False,1205,1133,1112,1169,1227,1122,1211,1113,1229,1221,1169,1262,1280,1285,1280,1248,1364,1156,956,1265,1328,1525,1184,1201,1330,1105,1254,1139,1140,1382,1282,1279,1294,1220,1227,1474,1102,1587,1208,1388,1306,1112,1030,1330,1276,1348,1330,1113,1126,1480,1057,1430,1042,1145,1113,1390,1112,1413,1332,1066,1326,1118,1156,1195,1192,1333,1086,1102,1122,1120,1360,1209,1401,1366,1129,1472,1070
75,56,False,1142,1182,1096,1428,1356,1577,1170,1164,1550,1251,1144,1292,1552,1630,1356,1296,1461,1292,1240,1049,1313,1519,1092,1192,1172,1464,1052,1136,1349,1535,1305,1443,1220,1518,1289,1411,1175,1218,1114,1432,1192,1170,1107,1371,1330,1274,1293,1287,1140,1133,1200,1035,1204,1077,1512,1306,1336,1320,1197,1441,1410,1190,1170,1349,1193,1185,1448,1127,1131,1464,1507,1073,1188,1046,1035,1263,1365
75,56,False,0,0,0,0,0,0,0,0,0,0,0,0,0,0,0,0,0,0,0,0,0,0,0,0,0,0,0,0,0,0,0,0,0,0,0,0,0,0,0,0,0,0,0,0,0,0,0,0,0,0,0,0,0,0,0,0,0,0,0,0,0,0,0,0,0,0,0,0,0,0,0,0,0,0,0,0,0,0,0
75,56,False,1133,1209,1213,1529,1155,1237,1176,1285,1219,1475,1612,1673,1331,1237,1160,1535,1234,1053,1161,1070,1488,1139,1198,1140,1155,1115,1250,1160,1217,1210,1292,1236,1292,1110,1348,1254,1314,1226,1328,1174,1298,1387,1266,1565,1418,1208,1115,1277,1482,1368,1247,1308,1347,1386,1188,1391,1291,1210,1388,1396,1206,1487,1145,1507,1352,1346,1268,1212,1095,1290,1325,1309,1377,1161,1104,1414,1155
75,56,False,1165,1113,1202,1134,1154,1204,1123,1187,1258,1228,1373,1158,1272,1360,1187,1283,1408,1004,1065,1408,1519,1042,1140,1122,1298,1334,1193,1178,1082,1304,1272,1314,1362,1305,1232,1253,1200,1123,1361,1156,1242,1258,1501,1131,1190,1317,1333,1452,1211,1074,1126,1235,1093,1167,1312,1258,1206,1086,1192,1450,1304,1190,1142,1290,1203,1117,1214,1232,1258,1158,1280,1363,1174,1106,1132,1236,1156
75,56,False,1167,1122,1124,1141,1204,1553,1228,1213,1161,1270,1539,1624,1535,1315,1320,1617,1306,1351,987,1112,1044,1209,1164,1290,1146,1110,1069,1089,1320,1259,1323,1236,1316,1290,1186,1171,1128,1217,1344,1385,1340,1214,1458,1366,1197,1179,1213,1466,1302,1160,1245,1211,1233,1284,1417,1434,1120,1211,1280,1033,1346,1202,1180,1214,1246,1408,1316,1389,1313,1208,1187,1214,1189,1173,1366,1032,1238
75,56,True,1181,1152,1170,1485,1317,1590,1139,1264,1120,1395,1203,1605,1140,1193,1185,1539,1332,984,985,1025,1107,1514,1099,1241,1446,1360,1404,1289,1376,1196,1132,1250,1306,1342,1234,1360,1245,1554,1430,1128,1138,1225,1211,1149,1331,1347,1241,1202,1189,1234,1353,1237,1072,1121,1274,1307,1288,1154,1312,1202,1291,1422,1260,1111,1112,1048,1428,1201,1205,1324,1389,1028,1475,1261,1146,1137,1096
75,56,True,1067,1182,1285,1228,1182,1184,1430,1293,1202,1412,1180,1290,1204,1250,1352,1340,1283,1005,1000,1487,1406,1137,1198,1461,1244,1360,1062,1147,1576,1317,1197,1317,1341,1292,1531,1235,1092,1342,1185,1398,1257,1322,1317,1291,1218,1260,1236,1344,1497,1300,1034,1290,1408,1114,1200,1239,1168,1153,1219,1147,1174,1368,1129,1230,1459,1121,1166,1387,1524,1086,1146,1328,1242,1073,1192,1225,1118
75,56,True,1138,1220,1300,1408,1538,1232,1169,1330,1649,1131,1192,1624,1332,1188,1626,1258,1205,980,994,1304,1500,1133,1148,1268,1413,1195,1201,1411,1461,1260,1263,1136,1128,1325,1178,1235,1378,1162,1408,1145,1512,1299,1403,1193,1235,1281,1142,1067,1061,1181,1134,1469,1235,1253,1413,1337,1119,1164,1272,1360,1436,1329,1267,1301,1328,1194,1261,1080,1411,1203,1350,1153,1171,1213,1120,1247,1122
75,56,True,1085,1139,1200,1179,1220,1273,1158,1312,1261,1228,1230,1267,1251,1221,1441,1561,1424,1037,992,1246,1278,1016,1277,1374,1531,1183,1220,1283,1535,1242,1289,1156,1562,1233,1377,1252,1453,1136,1213,1200,1221,1249,1361,1233,1433,1170,1314,1269,1354,1252,1394,1126,1241,1355,1414,1187,1233,1178,1405,1161,1128,1179,1227,1308,1515,1083,1212,1338,1260,1075,1357,1286,1345,1208,1385,1305,1261
75,56,True,1466,1220,1153,1524,1311,1572,1099,1235,1091,1548,1269,1324,1265,1207,1545,1294,1547,1361,1062,1314,1498,1099,1532,1187,1371,1464,1081,1168,1357,1389,1148,1481,1440,1284,1228,1262,1075,1496,1433,1444,1130,1161,1343,1202,1435,1185,1138,1206,1134,1067,1294,1058,1316,1236,1500,1307,1141,1232,1161,1264,1321,1041,1216,1232,1184,1371,1139,1328,1228,1284,1165,1154,1496,1388,1261,1223,1212
75,56,True,1112,1446,1148,1140,1187,1225,1195,1185,1393,1250,1238,1358,1492,1208,1634,1301,1209,1350,1235,1069,1096,1308,1213,1517,1221,1258,1044,1340,1155,1243,1548,1261,1408,1226,1163,1206,1189,1162,1326,1200,1358,1298,1246,1249,1232,1384,1351,1093,1061,1229,1146,1216,1187,1060,1171,1299,1529,1248,1386,1156,1443,1221,1272,1189,1194,1365,1535,1380,1445,1155,1265,1290,1297,1194,1174,1016,1067
75,56,True,1177,1274,1066,1219,1181,1221,1163,1120,1212,1593,1235,1120,1174,1380,1245,1405,1504,1145,1025,1271,1042,1096,1340,1236,1188,1224,1106,1389,1419,1253,1328,1345,1250,1406,1352,1320,1476,1379,1162,1432,1161,1124,1152,1152,1387,1226,1489,1082,1291,1096,1205,1125,1327,1261,1121,1371,1158,1064,1102,1315,1269,1186,1305,1404,1158,1225,1373,1258,1358,1234,1496,1088,1116,1182,1324,1126,1200
75,56,True,1465,1476,1267,1200,1148,1578,1555,1072,1190,1432,1184,1172,1314,1376,1231,1286,1320,1019,1174,1464,1186,1165,1293,1465,1181,1115,1060,1257,1576,1209,1254,1219,1430,1284,1058,1136,1176,1347,1250,1322,1285,1291,1262,1172,1263,1369,1262,1359,1203,1211,1354,1304,1093,1454,1152,1154,1465,1144,1494,1268,1256,1274,1141,1265,1230,1083,1214,1395,1186,1240,1275,1363,1358,1389,1154,1218,1420
75,56,True,1173,1118,1211,1284,1109,1093,1605,1253,1146,1146,1152,1226,1395,1155,1628,1272,1402,979,1054,1223,1137,1084,1522,1233,1204,1483,1071,1286,1305,1262,1189,1254,1361,1340,1468,1205,1453,1208,1315,1253,1289,1267,1190,1483,1490,1333,1405,1366,1335,1275,1196,1352,1107,1252,1150,1298,1482,1383,1176,1208,1091,1350,1108,1115,1277,1134,1193,1253,1202,1268,1220,1388,1384,1140,1213,1184,1428
75,56,True,1517,1243,1166,1054,1186,1500,1224,1178,1176,1235,1301,1172,1176,1452,1299,1277,1247,1002,1437,1300,1456,1154,1211,1136,1110,1426,1473,1246,1420,1392,1121,1291,1366,1422,1208,1239,1166,1535,1444,1205,1395,1229,1064,1505,1458,1200,1430,1099,1232,1381,1093,1036,1144,1049,1118,1154,1092,1106,1478,1173,1294,1232,1030,1348,1238,1403,1124,1274,1238,1166,1340,1038,1353,1215,1214,1366,1459
75,56,True,1157,1181,1147,1168,1217,1376,1137,1605,1256,1149,1238,1535,1661,1608,1285,1552,1344,1021,955,1282,1209,1326,1456,1177,1206,1099,1421,1435,1341,1268,1426,1154,1389,1296,1242,1131,1260,1201,1281,1396,1184,1347,1358,1396,1277,1376,1491,1065,1196,1362,1133,1136,1116,1197,1097,1369,1388,1217,1205,1388,1354,1280,1070,1310,1057,1432,1316,1174,1294,1178,1394,1404,1128,1189,1224,1061,1156
75,56,True,1144,1196,1440,1166,1070,1354,1168,1118,1078,1155,1241,1544,1198,1465,1264,1557,1244,1004,1032,1240,1174,1075,1179,1203,1274,1197,1025,1226,1219,1457,1147,1192,1290,1338,1382,1220,1204,1248,1133,1293,1392,1326,1285,1442,1347,1350,1356,1150,1463,1105,1047,1068,1181,1200,1170,1337,1585,1133,1547,1093,1168,1243,1210,1316,1342,1316,1400,1182,1333,1188,1402,1130,1264,1169,1201,1214,1499
75,56,True,1184,1144,1480,1250,1137,1201,1253,1224,1192,1260,1268,1280,1333,1193,1436,1384,1148,1154,1052,1535,1353,1349,1520,1185,1295,1484,1139,1507,1230,1368,1196,1220,1333,1197,1493,1276,1167,1443,1172,1124,1127,1310,1349,1176,1411,1219,1243,1248,1320,1168,1120,1203,1444,1136,1296,1365,1400,1154,1041,1314,1401,1409,1209,1094,1213,1109,1389,1106,1160,1292,1348,1089,1288,1378,1228,1282,1146
75,56,True,1341,1163,1051,1190,1364,1547,1610,1289,1156,1598,1265,1318,1563,1214,1462,1251,1480,1051,1394,1261,1320,1507,1166,1280,1466,1198,1050,1363,1244,1366,1123,1483,1189,1355,1401,1410,1073,1150,1332,1247,1481,1334,1241,1284,1224,1122,1446,1155,1296,1302,1056,1354,1266,1282,1344,1281,1166,1084,1069,1088,1133,1428,1189,1265,1460,1187,1169,1164,1178,1456,1213,1189,1393,1363,1258,1475,1228
75,56,True,1116,1099,1154,1513,1066,1162,1276,1262,1539,1122,1118,1326,1318,1194,1425,1550,1536,996,1426,1081,1278,1139,1224,1126,1250,1273,1288,1142,1070,1240,1347,1153,1245,1158,1213,1484,1118,1203,1448,1249,1189,1308,1470,1400,1524,1249,1401,1239,1451,1108,1208,1334,1382,1128,1070,1424,1280,1410,1113,1246,1164,1253,1138,1127,1261,1456,1226,1113,1038,1187,1104,1193,1284,1321,1243,1331,1066
75,56,True,1137,1130,1144,1124,1466,1209,1084,1457,1540,1254,1568,1210,1365,1346,1204,1368,1304,1232,1058,1264,1099,1114,1130,1165,1471,1314,1167,1306,1513,1241,1463,1201,1197,1349,1258,1395,1341,1320,1360,1249,1402,1378,1145,1444,1381,1219,1210,1178,1206,1219,1105,1193,1067,1206,1120,1602,1425,1088,1224,1266,1507,1384,1277,1268,1180,1445,1499,1262,1406,1327,1192,1221,1101,1160,1091,1150,1431
75,56,True,1183,1176,1245,1174,1085,1336,1283,1554,1148,1257,1152,1518,1216,1477,1450,1586,1444,1278,1008,1235,1345,1106,1165,1365,1453,1445,1533,1368,1522,1490,1476,1439,1154,1535,1339,1173,1066,1216,1202,1103,1483,1118,1188,1372,1460,1364,1172,1181,1179,1170,1088,1160,1228,1160,1110,1419,1098,1321,1292,1085,1288,1478,1130,1314,1403,1409,1173,1045,1425,1128,1437,1328,1203,1315,1212,1330,1275
75,56,True,1211,1315,1524,1272,1208,1132,1232,1249,1260,1315,1270,1295,1220,1645,1349,1299,1320,1042,998,1161,1096,1057,1386,1085,1196,1213,1486,1468,1332,1425,1546,1542,1347,1411,1345,1141,1131,1180,1361,1269,1482,1217,1110,1205,1580,1289,1290,1250,1202,1194,1270,1193,1327,1446,1225,1289,1253,1164,1389,1525,1308,1238,1115,1189,1340,1530,1101,1354,1535,1384,1280,1480,1253,1305,1192,1345,1242
75,56,True,1178,1160,1108,1241,1298,1434,1632,1129,1209,1628,1233,1262,1535,1304,1403,1514,1301,1238,1216,1080,1171,1149,1245,1162,1226,1547,1218,1474,1480,1242,1182,1285,1316,1276,1156,1358,1243,1464,1228,1532,1192,1305,1195,1251,1253,1422,1389,1129,1357,1378,1184,1219,1379,1278,1021,1171,1288,1445,1488,1275,1194,1058,1268,1393,1108,1464,1318,1213,1175,1202,1278,1290,1306,1122,1256,1286,1258
75,56,True,1451,1162,1086,1475,1535,1153,1221,1125,1290,1173,1256,1429,1342,1272,1211,1580,1369,1076,1419,1280,1473,1144,1324,1401,1275,1240,1062,1297,1504,1219,1251,1180,1231,1288,1461,1394,1168,1300,1149,1292,1298,1260,1366,1131,1535,1126,1528,1257,1281,1100,1286,1338,1136,1316,1189,1411,1226,1305,1051,1535,1375,1451,1206,1486,1178,1076,1382,1091,1203,1329,1276,1192,1110,1058,1456,1018,1085
75,56,True,1201,1153,1482,1257,1270,1583,1172,1568,1211,1293,1265,1388,1581,1552,1323,1286,1257,1134,1159,1257,1092,1559,1314,1333,1498,1140,1493,1235,1448,1330,1349,1202,1332,1412,1117,1234,1259,1327,1264,1403,1519,1229,1174,1281,1346,1442,1166,1104,1331,1068,1234,1394,1234,1448,1126,1172,1314,1254,1493,1459,1390,1248,1156,1258,1141,1520,1139,1257,1278,1454,1505,1280,1361,1382,1297,1290,1132
75,56,True,1120,1224,1136,1518,1586,1121,1221,1256,1211,1163,1273,1154,1182,1205,1268,1408,1133,1291,1018,1438,1339,1091,1062,1314,1185,1160,1301,1133,1182,1471,1166,1141,1242,1209,1173,1413,1369,1353,1212,1380,1234,1078,1308,1530,1595,1192,1435,1278,1371,1131,1227,1293,1293,1144,1245,1457,1442,1050,1309,1057,1276,1115,1182,1313,1439,1266,1532,1139,1204,1529,1484,1064,1281,1226,1197,1073,1266
75,56,True,1117,1209,1529,1261,1117,1253,1202,1141,1322,1257,1315,1664,1164,1514,1311,1581,1276,1118,1220,1281,1227,1122,1421,1408,1595,1273,1141,1236,1172,1196,1358,1284,1200,1233,1298,1229,1035,1453,1243,1216,1137,1222,1061,1491,1253,1507,1274,1195,1080,1141,1269,1103,1275,1214,1354,1210,1130,1059,1432,1245,1196,1369,1306,1241,1020,1122,1345,1363,1429,1168,1241,1214,1323,1305,1242,1052,1059
75,56,True,1157,1133,1240,1140,1205,1237,1246,1421,1140,1281,1256,1275,1398,1379,1299,1236,1371,1104,1367,1250,1105,1369,1535,1128,1366,1248,1370,1494,1134,1234,1412,1589,1244,1409,1429,1298,1248,1410,1183,1200,1417,1516,1238,1457,1374,1223,1219,1460,1076,1361,1169,1380,1137,1171,1326,1307,1275,1274,1233,1523,1225,1371,1526,1548,1450,1470,1424,1218,1173,1218,1220,1440,1377,1106,1362,1084,1212
75,56,True,1249,1147,1098,1212,1187,1172,1198,1246,1088,1584,1477,1167,1406,1371,1443,1549,1360,1012,1232,1162,1395,1109,1471,1130,1254,1282,1050,1112,1312,1334,1373,1381,1302,1344,1113,1194,1326,1187,1136,1252,1218,1286,1260,1549,1478,1289,1232,1287,1149,1118,1099,1342,1295,1024,1222,1273,1122,1101,1192,1325,1201,1131,1152,1365,1470,1161,1504,1257,1280,1337,1229,1216,1133,1195,1344,1281,1104
75,56,True,1141,1140,1154,1206,1133,1250,1139,1531,1305,1631,1324,1642,1264,1165,1657,1516,1428,1243,1077,1047,1157,1434,1290,1177,1329,1246,1368,1097,1576,1374,1176,1227,1212,1125,1108,1313,1128,1442,1346,1262,1312,1154,1380,1483,1323,1274,1102,1338,1375,1184,1136,1173,1192,1227,1189,1344,1480,1296,1119,1364,1490,1049,1396,1293,1228,1233,1163,1460,1214,1085,1298,1036,1401,1225,1079,1142,1039
75,56,True,1116,1533,1154,1126,1534,1224,1173,1328,1120,1189,1209,1165,1421,1386,1141,1250,1252,1310,1090,1479,1173,1342,1198,1134,1328,1300,1034,1482,1187,1277,1438,1155,1400,1342,1234,1484,1025,1348,1116,1256,1248,1246,1210,1336,1260,1557,1403,1052,1464,1283,1149,1361,1130,1129,1177,1384,1446,1349,1501,1315,1340,1381,1226,1404,1075,1040,1150,1128,1281,1267,1353,1371,1490,1181,1264,1235,1196
75,56,True,1128,1068,1120,1153,1234,1329,1221,1123,1549,1167,1262,1619,1350,1605,1335,1291,1375,1253,1156,1037,1138,1365,1532,1324,1475,1260,1034,1251,1412,1308,1224,1187,1370,1535,1427,1368,1166,1410,1161,1125,1118,1492,1146,1346,1408,1445,1317,1253,1375,1169,1316,1099,1224,1230,1320,1248,1140,1137,1160,1084,1435,1369,1181,1327,1432,1128,1225,1358,1441,1195,1385,1203,1378,1114,1106,1165,1124
75,56,True,1199,1200,1238,1237,1211,1228,1113,1140,1141,1265,1237,1176,1568,1556,1668,1569,1284,1280,1424,1096,1500,1227,1213,1362,1331,1408,1038,1530,1168,1369,1392,1152,1254,1515,1228,1110,1385,1210,1125,1263,1201,1432,1502,1410,1253,1142,1293,1440,1161,1161,1339,1301,1436,1237,1049,1141,1211,1176,1098,1105,1112,1425,1128,1433,1198,1490,1421,1302,1493,1400,1276,1284,1338,1183,1235,1268,1191
75,56,True,1535,1115,1235,1164,1127,1112,1243,1448,1096,1170,1148,1672,1275,1180,1269,1332,1375,1069,1020,1026,1163,1536,1043,1165,1186,1173,1179,1292,1401,1448,1389,1123,1178,1217,1339,1203,1349,1177,1449,1218,1516,1297,1062,1307,1164,1441,1356,1223,1197,1218,1201,1193,1064,1124,1394,1333,1414,1242,1285,1302,1187,1237,1206,1258,1076,1229,1381,1094,1374,1396,1114,1054,1050,1107,1188,1051,1249
75,56,True,1186,1163,1103,1134,1202,1128,1224,1197,1153,1587,1197,1200,1190,1394,1282,1254,1268,985,1045,1373,1140,1344,1530,1115,1480,1286,1259,1099,1523,1485,1504,1157,1164,1259,1118,1408,1365,1177,1299,1550,1347,1118,1408,1336,1165,1276,1246,1138,1379,1162,1184,1237,1112,1201,1413,1402,1225,1260,1154,1217,1148,1414,1290,1571,1277,1178,1506,1082,1213,1352,1443,1110,1481,1267,1427,1196,1132
75,56,True,1094,1453,1024,1122,1211,1128,1588,1325,1138,1192,1306,1414,1277,1197,1665,1330,1368,1132,992,1398,1417,1134,1129,1398,1212,1325,1064,1629,1515,1368,1360,1285,1220,1137,1461,1179,1193,1209,1547,1339,1206,1523,1136,1242,1254,1316,1370,1220,1304,1166,1381,1174,1137,1472,1049,1409,1197,1195,1523,1114,1267,1292,1026,1244,1208,1083,1236,1345,1467,1298,1512,1130,1107,1058,1216,1270,1250
75,56,True,1173,1110,1122,1178,1246,1493,1205,1138,1535,1131,1231,1268,1252,1233,1394,1218,1403,1226,1020,1282,1516,1305,1202,1266,1358,1402,1296,1049,1403,1006,1263,1277,1536,1177,1446,1433,1105,1282,1290,1357,1357,1331,1464,1262,1170,1397,1142,1089,1162,1353,1345,1353,1309,1173,1325,1267,1252,1067,1517,1267,1259,1228,1090,1464,1276,1513,1262,1185,1368,1165,1101,1444,1312,1197,1138,1425,1216
75,56,True,1179,1163,1174,1234,1154,1230,1156,1566,1187,1152,1426,1337,1321,1352,1282,1312,1222,979,1025,1203,1129,1274,1189,1609,1261,1306,1268,1433,1321,1527,1516,1546,1309,1242,1366,1193,1349,1410,1254,1125,1428,1454,1152,1424,1442,1106,1318,1091,1116,1194,1164,1384,1473,1197,1344,1426,1229,1256,1376,1116,1182,1273,1160,1385,1329,1100,1353,1124,1132,1332,1276,1105,1128,1214,1168,1304,1101
75,56,True,1092,1258,1195,1246,1362,1553,1286,1228,1618,1213,1139,1656,1636,1281,1200,1502,1324,933,1195,1439,1111,1136,1283,1211,1262,1465,1245,1189,1262,1406,1125,1395,1192,1232,1438,1530,1205,1424,1180,1110,1148,1371,1413,1210,1405,1248,1330,1422,1464,1462,1441,1178,1388,1421,1324,1317,1512,1326,1105,1422,1354,1219,1332,1381,1478,1355,1409,1114,1135,1168,1188,1236,1078,1283,1320,1150,1264
75,56,True,1288,1176,1330,1072,1133,1071,1245,1140,1544,1096,1226,1605,1214,1182,1462,1358,1427,984,1048,1101,1291,1126,1299,1516,1484,1548,1036,1565,1378,1392,1357,1253,1253,1283,1132,1216,1140,1537,1249,1262,1245,1226,1188,1145,1452,1369,1577,1368,1411,1306,1104,1374,1405,1114,1399,1170,1466,1217,1414,1592,1073,1235,1041,1549,1178,1268,1476,1266,1320,1239,1156,1269,1503,1112,1238,1081,1042
75,56,True,1162,1345,1146,1535,1212,1124,1244,1526,1653,1587,1260,1180,1589,1383,1179,1250,1315,1007,1172,1099,1222,1034,1146,1152,1332,1213,1156,1292,1315,1157,1258,1186,1441,1203,1216,1344,1537,1325,1424,1250,1380,1374,1192,1354,1277,1226,1387,1346,1182,1070,1283,1068,1296,1288,1192,1152,1531,1284,1450,1105,1296,1086,1202,1157,1262,1173,1227,1446,1435,1173,1140,1149,1256,1277,1234,1488,1121
75,56,True,1124,1224,1115,1152,1165,1128,1541,1297,1695,1272,1253,1330,1334,1279,1498,1476,1499,1080,1025,1098,1097,1257,1147,1219,1358,1570,1092,1252,1132,1420,1363,1537,1244,1162,1072,1528,1422,1156,1523,1156,1138,1451,1092,1486,1178,1482,1456,1265,1129,1058,1409,1082,1078,1083,1089,1557,1429,1274,1348,1301,1265,1115,1237,1596,1538,1316,1483,1306,1420,1251,1382,1202,1370,1333,1141,1162,1387
75,56,True,1171,1127,1212,1128,1144,1164,1597,1258,1153,1123,1088,1173,1285,1180,1638,1299,1428,982,1014,1120,1091,1174,1483,1154,1166,1433,1144,1449,1226,1402,1225,1234,1246,1262,1220,1193,1312,1296,1458,1482,1640,1281,1454,1200,1117,1530,1213,1120,1401,1221,1314,1137,1052,1195,1064,1309,1561,1098,1134,1182,1201,1010,1280,1288,1156,1283,1402,1078,1356,1409,1443,1165,1100,1282,1070,1043,1398
75,56,True,1142,1145,1226,1164,1392,1184,1490,1081,1155,1251,1317,1146,1612,1603,1691,1564,1289,1310,1173,1201,1134,1530,1555,1373,1365,1229,1385,1195,1105,1201,1382,1272,1367,1535,1318,1204,1409,1464,1250,1133,1170,1424,1351,1200,1152,1464,1219,1111,1244,1437,1041,1097,1160,1100,1085,1301,1508,1364,1274,1209,1272,1182,1182,1489,1475,1391,1496,1193,1096,1405,1337,1404,1505,1097,1156,1293,1144
75,56,True,1166,1181,1339,1182,1164,1145,1164,1360,1534,1222,1120,1175,1670,1539,1249,1248,1300,1260,979,1527,1101,1443,1535,1164,1267,1387,1412,1224,1553,1211,1208,1535,1197,1296,1533,1552,1274,1331,1447,1139,1208,1360,1395,1482,1210,1177,1137,1054,1251,1325,1296,1129,1403,1228,1132,1221,1220,1146,1522,1331,1150,1386,1154,1231,1354,1314,1185,1022,1082,1234,1186,1100,1490,1126,1346,1412,1340
75,56,True,1205,1174,1477,1222,1163,1160,1163,1497,1731,1241,1147,1293,1349,1169,1194,1238,1538,1098,1026,1318,1072,1138,1248,1181,1229,1315,1227,1337,1212,1177,1525,1201,1253,1185,1269,1470,1063,1454,1390,1386,1121,1164,1097,1391,1146,1436,1181,1468,1468,1112,1235,1128,1255,1242,1100,1196,1211,1315,1231,1313,1220,1187,1136,1442,1197,1224,1260,1294,1106,1332,1412,1387,1346,1110,1229,1149,1097
75,56,True,1126,1149,1141,1253,1205,1176,1144,1240,1564,1622,1377,1242,1699,1346,1430,1536,1532,1010,1240,1458,1114,1260,1124,1169,1208,1402,1061,1235,1218,1202,1350,1312,1251,1222,1172,1363,1485,1190,1209,1203,1499,1234,1240,1233,1128,1289,1554,1235,1270,1372,1299,1116,1140,1357,1380,1515,1156,1183,1093,1192,1147,1325,1268,1719,1325,1448,1284,1049,1192,1112,1226,1076,1172,1084,1340,1153,1269
75,56,True,1136,1176,1329,1366,1174,1237,1139,1169,1609,1226,1189,1365,1337,1399,1416,1278,1396,1003,1373,1267,1215,1524,1435,1340,1216,1464,1205,1416,1334,1437,1296,1359,1509,1449,1459,1214,1270,1192,1214,1246,1422,1405,1238,1387,1152,1224,1197,1397,1478,1486,1126,1197,1435,1442,1460,1069,1202,1429,1069,1488,1170,1433,1437,1242,1122,1377,1049,1213,1349,1236,1264,1102,1285,1152,1395,1092,1386
75,56,True,1485,1229,1141,1266,1163,1265,1232,1230,1200,1637,1248,1117,1339,1480,1292,1334,1480,979,1012,1101,1074,1238,1208,1224,1164,1307,1445,1133,1394,1142,1501,1105,1293,1395,1588,1469,1227,1504,1368,1236,1131,1281,1145,1388,1462,1220,1120,1145,1214,1152,1198,1182,1245,1354,1313,1577,1241,1045,1430,1325,1327,1136,1289,1346,1280,1197,1081,1108,1396,1460,1184,1210,1355,1088,1346,1155,1146
75,56,True,1145,1454,1256,1138,1277,1188,1243,1224,1292,1248,1163,1611,1475,1331,1264,1535,1354,974,1393,1245,1313,1137,1131,1604,1436,1280,1117,1482,1378,1127,1458,1270,1345,1541,1292,1230,1454,1328,1206,1434,1546,1123,1118,1262,1270,1379,1483,1196,1273,1254,1058,1351,1062,1339,1374,1379,1168,1132,1252,1510,1163,1360,1238,1404,1301,1217,1413,1068,1265,1286,1314,1056,1379,1290,1452,1364,1236
75,56,True,1264,1219,1148,1194,1259,1177,1170,1160,1202,1428,1187,1560,1532,1613,1299,1310,1248,930,1434,1068,1363,1344,1120,1290,1315,1205,1236,1249,1538,1344,1379,1307,1498,1214,1187,1449,1213,1379,1134,1204,1136,1139,1197,1178,1261,1282,1404,1057,1267,1160,1132,1448,1394,1409,1146,1294,1552,1247,1300,1196,1603,1206,1260,1446,1453,1102,1123,1217,1304,1211,1266,1426,1500,1168,1272,1144,1230
75,56,True,1177,1249,1554,1537,1233,1173,1605,1436,1328,1652,1178,1604,1347,1167,1328,1534,1329,1323,1411,1074,1245,1545,1301,1515,1408,1226,1390,1396,1384,1281,1462,1258,1325,1324,1172,1330,1377,1516,1154,1333,1475,1444,1260,1256,1467,1205,1380,1175,1308,1058,1113,1076,1073,1233,1307,1475,1231,1467,1190,1128,1383,1282,1481,1260,1188,1255,1116,1308,1253,1115,1098,1153,1165,1270,1288,1456,1349
75,56,True,1494,1535,1232,1208,1578,1161,1267,1179,1200,1238,1104,1677,1194,1404,1468,1444,1280,1202,1309,1411,1186,1033,1450,1077,1271,1231,1226,1235,1192,1242,1306,1450,1356,1056,1125,1141,1202,1276,1364,1486,1028,1312,1262,1328,1139,1281,1394,1441,1164,1216,1035,1363,1311,1182,1282,1570,1115,1362,1233,1229,1185,1124,1236,1269,1237,1137,1148,1120,1259,1362,1506,1520,1481,1107,1086,1430,1396
75,56,True,1150,1178,1209,1347,1211,1229,1195,1090,1163,1201,1160,1624,1204,1498,1394,1589,1410,1396,1045,998,1504,1023,1159,1166,1516,1483,1411,1101,1260,1412,1535,1153,1215,1329,1410,1184,1459,1422,1160,1251,1118,1304,1404,1288,1309,1421,1198,1333,1064,1280,1150,1045,1348,1129,1257,1369,1573,1277,1118,1360,1128,1415,1152,1365,1220,1300,1588,1069,1226,1192,1198,1366,1440,1231,1212,1142,1157
75,56,True,1284,1233,1164,1156,1222,1272,1128,1244,1181,1535,1152,1237,1281,1269,1184,1440,1266,1026,1232,1162,1502,1122,1322,1474,1572,1129,1155,1507,1485,1224,1393,1515,1482,1539,1103,1464,1146,1408,1369,1341,1452,1200,1161,1370,1283,1128,1169,1360,1372,1180,1234,1103,1084,1161,1276,1281,1515,1244,1339,1308,1288,1249,1185,1302,1306,1081,1202,1513,1456,1092,1293,1269,1413,1101,1179,1060,1201
75,56,True,1093,1534,1255,1238,1536,1288,1488,1269,1360,1174,1618,1275,1654,1305,1193,1274,1269,981,989,1233,1205,1453,1390,1145,1540,1582,1474,1451,1110,1158,1330,1376,1324,1535,1482,1306,1088,1144,1491,1421,1140,1448,1237,1371,1371,1123,1193,1240,1234,1086,1125,1278,1148,1446,1433,1184,1252,1170,1168,1182,1170,1139,1396,1401,1176,1453,1274,1161,1250,1425,1145,1342,1162,1345,1232,1094,1207
75,56,True,1148,1361,1307,1123,1181,1326,1216,1645,1198,1536,1251,1412,1266,1611,1195,1558,1464,1273,1061,1448,1001,1529,1144,1468,1237,1195,1009,1240,1364,1306,1496,1423,1193,1435,1255,1337,1130,1134,1203,1505,1180,1473,1123,1550,1257,1192,1472,1171,1185,1563,1472,1278,1450,1442,1450,1439,1158,1441,1402,1188,1641,1562,1114,1413,1406,1257,1196,1374,1065,1404,1406,1246,1169,1266,1182,1416,1220
75,56,True,1160,1137,1311,1516,1169,1277,1210,1105,1205,1261,1336,1288,1440,1445,1277,1555,1578,974,1075,1297,1510,1021,1329,1201,1250,1238,1470,1139,1566,1258,1203,1463,1434,1208,1352,1270,1371,1105,1156,1362,1363,1283,1326,1305,1238,1210,1224,1117,1097,1273,1251,1223,1405,1319,1382,1309,1234,1184,1358,1217,1101,1563,1219,1394,1240,1416,1348,1474,1123,1265,1506,1535,1211,1256,1206,1068,1224
75,56,True,1128,1535,1285,1081,1129,1291,1526,1102,1294,1154,1227,1288,1300,1250,1387,1636,1252,1044,1384,1020,1489,1173,1107,1576,1433,1216,1334,1382,1354,1272,1166,1458,1522,1296,1347,1302,1270,1165,1189,1107,1306,1220,1440,1380,1456,1264,1418,1413,1253,1520,1137,1067,1376,1184,1270,1146,1562,1341,1066,1267,1565,1033,1086,1281,1410,1473,1222,1170,1492,1092,1453,1265,1057,1473,1523,1165,1179
75,56,True,1195,1220,1550,1288,1247,1155,1580,1268,1148,1253,1360,1576,1450,1385,1248,1644,1339,1132,941,1230,1068,1297,1378,1309,1257,1209,1040,1628,1521,1353,1221,1150,1387,1418,1323,1254,1397,1138,1190,1333,1254,1410,1376,1278,1204,1126,1140,1184,1281,1459,1172,1242,1185,1233,1316,1085,1446,1160,1259,1040,1133,1104,1094,1433,1372,1133,1160,1473,1049,1241,1473,1342,1300,1238,1304,1090,1056
75,56,True,1084,1092,1101,1266,1181,1216,1110,1149,1206,1550,1227,1172,1601,1224,1276,1490,1263,1313,984,1408,1134,1155,1513,1370,1290,1297,1062,1501,1137,1331,1138,1379,1238,1422,1281,1340,1220,1292,1411,1456,1382,1336,1435,1244,1201,1208,1394,1171,1096,1169,1328,1278,1123,1153,1118,1270,1322,1400,1049,1128,1166,1166,1113,1146,1238,1272,1348,1088,1194,1179,1301,1162,1129,1260,1378,1180,1325
75,56,True,1508,1275,1148,1542,1216,1580,1119,1147,1096,1356,1284,1277,1302,1519,1162,1311,1220,1281,1238,1218,1149,1147,1137,1379,1501,1185,1209,1398,1241,1580,1268,1118,1318,1326,1402,1535,1491,1273,1196,1220,1443,1521,1061,1375,1237,1369,1163,1196,1459,1450,1101,1256,1227,1460,1410,1495,1077,1300,1408,1442,1284,1345,1214,1430,1243,1242,1184,1493,1448,1226,1522,1053,1153,1199,1454,1320,1064
75,56,True,1138,1218,1219,1144,1224,1582,1105,1158,1713,1211,1117,1292,1136,1193,1347,1227,1377,1142,1444,1071,1133,1316,1273,1252,1124,1285,1266,1453,1299,1110,1458,1229,1314,1180,1441,1274,1365,1448,1338,1403,1389,1179,1412,1152,1412,1308,1561,1236,1356,1347,1208,1219,1427,1329,1259,1305,1329,1238,1270,1040,1459,1227,1341,1443,1244,1178,1312,1278,1270,1163,1315,1289,1142,1216,1234,1476,1410
75,56,True,1227,1268,1185,1269,1162,1584,1234,1163,1393,1178,1205,1510,1336,1393,1217,1259,1246,1105,1242,1100,1142,1192,1161,1208,1405,1138,1221,1355,1236,1637,1346,1457,1104,1234,1201,1210,1097,1115,1509,1528,1387,1454,1246,1535,1253,1120,1352,1260,1239,1228,1273,1481,1084,1077,1201,1181,1322,1084,1317,1480,1368,1034,1469,1430,1154,1235,1488,1142,1243,1269,1305,1270,1174,1376,1436,1107,1402
75,56,True,1144,1179,1229,1481,1155,1116,1241,1405,1268,1258,1249,1209,1328,1392,1361,1265,1304,1229,1364,1339,1371,1148,1313,1121,1177,1173,1065,1569,1306,1280,1475,1119,1372,1304,1504,1443,1083,1340,1515,1307,1081,1169,1192,1296,1268,1337,1360,1532,1485,1204,1156,1240,1294,1501,1435,1241,1540,1453,1530,1081,1279,1227,1112,1220,1488,1342,1249,1440,1434,1153,1254,1062,1146,1076,1124,1181,1410
75,56,True,1157,1204,1164,1117,1125,1713,1234,1171,1222,1538,1300,1260,1271,1275,1278,1535,1358,1508,1052,1021,1517,1362,1188,1195,1169,1564,1166,1222,1331,1218,1265,1501,1483,1381,1090,1365,1304,1305,1324,1115,1507,1434,1368,1396,1161,1498,1469,1404,1212,1154,1107,1216,1323,1101,1310,1215,1548,1109,1057,1149,1232,1112,1104,1269,1327,1386,1128,1201,1441,1386,1408,1050,1132,1192,1181,1403,1497
75,56,True,1489,1603,1115,1186,1143,1266,1293,1246,1284,1233,1225,1329,1593,1385,1276,1516,1444,1266,1260,1106,1212,1265,1465,1132,1241,1182,1269,1535,1227,1442,1530,1234,1400,1184,1277,1232,1373,1326,1492,1118,1472,1363,1158,1312,1264,1214,1315,1416,1251,1312,1200,1293,1210,1166,1061,1186,1138,1512,1121,1046,1262,1256,1112,1268,1090,1212,1352,1086,1420,1425,1316,1147,1469,1240,1360,1291,1180
75,56,True,1497,1196,1386,1061,1157,1155,1141,1296,1225,1390,1339,1322,1421,1332,1444,1446,1440,1316,1218,1278,1124,1258,1106,1314,1284,1176,1505,1220,1477,1423,1373,1294,1535,1138,1244,1319,1101,1554,1246,1413,1221,1309,1144,1240,1336,1349,1372,1307,1341,1174,1236,1144,1253,1238,1477,1440,1159,1518,1385,1504,1501,1084,1099,1162,1529,1268,1128,1091,1301,1378,1112,1477,1315,1212,1531,1395,1173
75,56,True,1180,1364,1124,1281,1573,1116,1249,1196,1204,1218,1293,1155,1387,1291,1498,1344,1488,1241,1002,1364,1536,1123,1133,1196,1277,1532,1296,1051,1331,1342,1386,1468,1531,1437,1366,1314,1154,1196,1505,1107,1411,1214,1353,1196,1501,1186,1195,1052,1291,1096,1286,1090,1125,1411,1080,1492,1161,1493,1185,1416,1376,1363,1398,1158,1051,1496,1510,1231,1373,1077,1417,1091,1106,1428,1397,1117,1109
75,56,True,1275,1177,1264,1116,1181,1205,1254,1417,1173,1149,1194,1268,1640,1268,1482,1614,1370,1052,1042,1467,1315,1320,1276,1296,1161,1543,1177,1351,1471,1266,1136,1401,1531,1281,1096,1528,1458,1290,1308,1152,1424,1235,1354,1222,1246,1571,1509,1363,1246,1088,1144,1238,1066,1072,1360,1333,1429,1337,1486,1133,1245,1226,1183,1101,1457,1206,1261,1253,1174,1021,1318,1056,1163,1089,1173,1410,1381
75,56,True,1183,1128,1225,1144,1252,1554,1612,1535,1556,1428,1355,1339,1634,1142,1262,1260,1453,1152,1288,1099,1112,1221,1077,1581,1196,1195,1296,1400,1370,1433,1221,1142,1280,1220,1097,1142,1094,1522,1366,1317,1323,1209,1394,1284,1483,1354,1361,1384,1464,1261,1453,1081,1437,1376,1322,1365,1331,1192,1451,1330,1635,1213,1124,1362,1432,1184,1147,1358,1476,1271,1325,1218,1265,1177,1200,1097,1201
75,56,True,1583,1200,1535,1134,1163,1177,1165,1410,1202,1126,1126,1139,1277,1168,1460,1381,1420,1147,1221,1469,1137,1073,1540,1308,1382,1426,1306,1289,1250,1195,1305,1219,1202,1556,1517,1572,1306,1424,1453,1485,1142,1157,1445,1154,1219,1334,1409,1244,1385,1187,1179,1441,1159,1153,1418,1173,1233,1072,1257,1489,1441,1306,1307,1208,1440,1296,1277,1323,1508,1166,1442,1361,1154,1428,1074,1626,1486
75,56,True,1230,1171,1081,1220,1603,1160,1115,1325,1147,1541,1374,1548,1629,1358,1165,1577,1238,1341,1198,1402,1147,1560,1146,1126,1353,1156,1438,1505,1242,1307,1344,1443,1272,1230,1167,1182,1199,1317,1576,1424,1480,1131,1178,1280,1206,1530,1211,1237,1246,1169,1462,1205,1180,1301,1371,1264,1105,1312,1478,1592,1378,1400,1133,1166,1081,1172,1218,1305,1214,1430,1270,1449,1171,1088,1397,1474,1181
75,56,True,1513,1174,1167,1102,1297,1165,1310,1341,1194,1128,1646,1548,1668,1416,1252,1168,1491,1097,1073,1065,1297,1140,1200,1305,1342,1324,1104,1313,1473,1256,1099,1321,1406,1156,1379,1396,1321,1355,1129,1430,1110,1380,1389,1462,1312,1314,1270,1241,1129,1330,1464,1141,1198,1177,1210,1584,1296,1368,1355,1052,1316,1358,1264,1235,1197,1199,1173,1440,1257,1278,1427,1533,1272,1245,1302,1319,1514
75,56,True,1324,1530,1208,1237,1345,1104,1169,1532,1131,1622,1349,1620,1284,1252,1475,1241,1361,1066,1025,1452,1283,1139,1482,1142,1248,1104,1323,1438,1251,1299,1491,1405,1256,1578,1218,1245,1193,1497,1369,1216,1512,1508,1513,1314,1284,1186,1140,1300,1485,1136,1195,1086,1302,1138,1068,1171,1124,1163,1480,1086,1580,1206,1478,1229,1230,1222,1331,1122,1416,1100,1248,1289,1276,1194,1443,1309,1497
75,56,True,1192,1557,1193,1501,1246,1230,1563,1630,1130,1250,1303,1173,1357,1627,1701,1564,1378,1273,1414,1105,1278,1148,1168,1224,1195,1210,1452,1402,1488,1329,1200,1506,1288,1467,1309,1368,1390,1490,1206,1340,1185,1278,1344,1200,1416,1611,1234,1208,1340,1152,1346,1473,1345,1564,1125,1460,1301,1076,1099,1461,1459,1232,1422,1218,1366,1158,1283,1445,1276,1236,1496,1208,1258,1392,1257,1161,1184
75,56,True,1535,1252,1180,1142,1566,1252,1141,1313,1188,1299,1349,1124,1504,1391,1152,1203,1397,1025,1028,1050,1114,1535,1094,1219,1283,1206,1342,1145,1163,1130,1109,1323,1404,1361,1416,1334,1195,1454,1253,1494,1372,1425,1425,1440,1325,1332,1258,1149,1196,1341,1197,1233,1425,1420,1070,1274,1444,1142,1234,1109,1552,1193,1274,1195,1301,1416,1377,1134,1141,1323,1379,1078,1299,1301,1411,1277,1172
75,56,True,1198,1165,1218,1236,1202,1192,1242,1593,1292,1138,1133,1766,1264,1398,1314,1342,1243,1139,1186,1130,1533,1285,1492,1633,1244,1494,1068,1433,1417,1276,1352,1280,1344,1366,1332,1345,1204,1213,1322,1249,1333,1201,1390,1153,1390,1233,1454,1325,1108,1340,1508,1288,1448,1322,1228,1488,1531,1247,1061,1110,1524,1497,1424,1285,1018,1357,1252,1428,1251,1200,1158,1461,1399,1139,1202,1238,1297
75,56,True,1195,1426,1110,1124,1490,1597,1074,1290,1160,1155,1239,1329,1368,1203,1368,1291,1270,1024,1013,1264,1167,1104,1091,1148,1474,1427,1496,1273,1212,1121,1164,1189,1452,1361,1376,1473,1476,1414,1173,1378,1318,1532,1267,1125,1308,1486,1337,1293,1488,1158,1254,1090,1268,1291,1417,1148,1420,1274,1313,1227,1232,1355,1214,1209,1609,1368,1456,1531,1134,1025,1482,1146,1433,1097,1207,1173,1286
75,56,True,1171,1150,1116,1142,1163,1161,1321,1139,1117,1200,1140,1281,1191,1206,1212,1193,1352,958,1104,1279,1246,1470,1135,1113,1146,1255,1269,1453,1356,1568,1385,1208,1210,1481,1238,1529,1186,1214,1506,1262,1220,1413,1209,1264,1377,1454,1458,1168,1162,1453,1084,1053,1195,1118,1062,1402,1444,1233,1331,1312,1292,1225,1226,1210,1401,1426,1329,1245,1146,1149,1098,1246,1334,1164,1266,1305,1419
75,56,True,1129,1154,1219,1176,1456,1178,1241,1566,1209,1147,1253,1658,1378,1244,1382,1203,1290,1293,1405,1425,1284,1117,1264,1283,1149,1491,1352,1268,1341,1157,1562,1304,1169,1208,1360,1406,1194,1326,1224,1288,1129,1132,1093,1330,1189,1321,1537,1252,1091,1268,1450,1194,1186,1355,1361,1440,1217,1210,1381,1147,1132,1050,1122,1181,1373,1158,1549,1353,1117,1114,1404,1373,1236,1429,1258,1174,1196
75,56,True,1114,1259,1156,1153,1152,1180,1266,1203,1339,1164,1520,1173,1176,1216,1466,1572,1285,1024,1067,1098,1446,1050,1232,1208,1315,1188,1290,1531,1197,1388,1425,1130,1298,1259,1313,1428,1456,1219,1233,1167,1363,1291,1221,1138,1528,1229,1452,1146,1290,1180,1386,1237,1496,1306,1433,1460,1372,1461,1189,1196,1149,1278,1082,1276,1533,1169,1465,1333,1081,1150,1138,1290,1489,1120,1127,1206,1308
75,56,True,1148,1234,1189,1050,1165,1129,1182,1187,1586,1253,1141,1320,1148,1646,1489,1323,1227,1273,1240,1213,1302,1353,1257,1161,1262,1277,1501,1278,1640,1297,1062,1464,1345,1256,1474,1233,1312,1316,1577,1464,1420,1297,1105,1433,1146,1506,1381,1404,1209,1222,1139,1124,1229,1120,1124,1567,1153,1233,1061,1496,1166,1057,1195,1126,1263,1330,1253,1086,1265,1438,1092,1301,1164,1315,1118,1460,1444
75,56,True,1145,1160,1243,1274,1333,1544,1445,1230,1233,1292,1299,1161,1698,1269,1237,1790,1381,1314,1310,1033,1321,1049,1230,1163,1233,1273,1002,1368,1363,1341,1298,1359,1205,1395,1824,1561,1144,1159,1169,1220,1229,1451,1371,1184,1328,1535,1380,1224,1353,1180,1147,1432,1161,1421,1454,1394,1150,1214,1281,1313,1187,1109,1217,1535,1331,1393,1066,1242,1267,1276,1074,1169,1082,1152,1384,1144,1416
75,56,True,1192,1142,1254,1061,1136,1162,1170,1291,1233,1296,1617,1153,1535,1180,1578,1264,1446,1085,1123,1257,1131,1065,1534,1177,1158,1168,1429,1402,1579,1297,1156,1426,1535,1535,1285,1230,1083,1474,1473,1566,1350,1119,1089,1549,1396,1231,1276,1373,1230,1054,1328,1090,1252,1282,1125,1227,1469,1198,1436,1121,1283,1200,1140,1424,1307,1309,1405,1483,1442,1177,1365,1149,1486,1109,1496,1086,1392
75,56,True,1489,1153,1138,1109,1199,1116,1232,1188,1234,1311,1249,1730,1259,1215,1212,1278,1512,1311,1379,1650,1140,1074,1150,1305,1158,1123,1068,1358,1220,1434,1408,1224,1293,1490,1326,1262,1092,1134,1309,1260,1194,1200,1344,1336,1541,1150,1514,1339,1087,1347,1161,1498,1190,1104,1176,1328,1488,1423,1195,1496,1215,1232,1205,1118,1284,1158,1198,1421,1135,1406,1267,1475,1240,1166,1213,1064,1409
75,56,True,1118,1329,1161,1236,1362,1363,1638,1238,1535,1265,1236,1259,1622,1130,1678,1371,1669,1035,1117,1421,1262,1482,1135,1313,1248,1364,1243,1522,1467,1126,1492,1155,1387,1478,1506,1403,1287,1488,1315,1296,1182,1242,1501,1392,1292,1160,1350,1386,1488,1181,1257,1298,1180,1298,1161,1371,1238,1347,1358,1179,1318,1308,1579,1441,1416,1049,1593,1224,1106,1203,1235,1044,1184,1343,1184,1363,1238
75,56,True,1184,1205,1163,1213,1179,1142,1240,1517,1309,1290,1240,1179,1502,1598,1451,1549,1301,1254,1443,1329,1465,1196,1034,1253,1224,1198,1299,1479,1519,1453,1389,1253,1212,1586,1244,1224,1074,1477,1615,1344,1458,1195,1271,1138,1197,1114,1222,1462,1296,1264,1105,1135,1472,1164,1128,1347,1204,1641,1594,1216,1142,1241,1274,1278,1129,1405,1265,1444,1430,1091,1352,1180,1374,1155,1179,1210,1273
75,56,True,1247,1535,1173,1534,1208,1166,1278,1535,1430,1362,1261,1132,1579,1374,1162,1217,1339,1284,1174,1187,1529,1117,1416,1344,1204,1425,1096,1535,1501,1220,1189,1266,1192,1121,1178,1519,1448,1356,1345,1105,1448,1138,1243,1155,1308,1291,1521,1377,1155,1182,1141,1162,1062,1178,1368,1308,1186,1314,1132,1560,1164,1083,1264,1420,1236,1168,1162,1449,1113,1020,1238,1476,1088,1349,1088,1205,1192
75,56,True,1229,1090,1178,1244,1325,1222,1144,1380,1235,1218,1253,1572,1139,1666,1433,1571,1297,1318,1469,1457,1136,1317,1535,1524,1526,1122,1176,1172,1576,1425,1246,1153,1392,1273,1162,1250,1084,1148,1122,1147,1420,1261,1494,1349,1356,1186,1150,1107,1204,1158,1244,1490,1481,1470,1291,1186,1361,1547,1237,1276,1361,1348,1418,1610,1352,1202,1221,1100,1141,1469,1337,1072,1456,1297,1184,1224,1179
75,56,True,1533,1192,1135,1289,1159,1288,1332,1286,1125,1251,1186,1187,1200,1226,1535,1472,1598,970,1188,1260,1061,1036,1249,1161,1274,1164,1160,1439,1412,1237,1355,1348,1293,1346,1312,1403,1167,1388,1212,1266,1305,1302,1131,1372,1507,1283,1440,1153,1221,1174,1034,1220,1124,1216,1227,1534,1432,1092,1326,1340,1508,1213,1172,1227,1237,1605,1394,1087,1300,1332,1242,1147,1116,1392,1429,1554,1224
75,56,True,1148,1214,1109,1492,1253,1131,1284,1179,1104,1376,1157,1619,1167,1153,1222,1590,1345,1328,1042,1482,1366,1115,1101,1306,1242,1547,1449,1310,1518,1121,1525,1177,1124,1252,1398,1563,1230,1478,1251,1532,1250,1135,1294,1451,1316,1512,1363,1363,1115,1253,1174,1080,1293,1570,1684,1206,1477,1217,1089,1345,1283,1176,1326,1365,1418,1508,1132,1214,1348,1345,1381,1451,1073,1388,1163,1418,1286
75,56,True,1245,1637,1432,1084,1048,1210,1092,1181,1240,1325,1136,1211,1220,1237,1217,1569,1376,903,1020,1153,1393,1133,1566,1277,1323,1114,1012,1445,1158,1532,1412,1159,1299,1341,1027,1468,1257,1320,1265,1409,1212,1397,1470,1379,1150,1426,1302,1492,1179,1069,1535,1401,1309,1188,1284,1609,1176,1140,1279,1245,1386,1337,1506,1593,1350,1306,1120,1134,1509,1256,1378,1304,1281,1314,1384,1389,1254
75,56,True,1194,1125,1416,1331,1269,1152,1496,1565,1558,1242,1155,1615,1336,1234,1566,1277,1523,1344,1028,1446,1244,1397,1266,1459,1261,1483,1482,1124,1120,1241,1361,1154,1514,1414,1296,1498,1486,1396,1137,1469,1512,1149,1222,1514,1114,1253,1275,1442,1027,1309,1482,1481,1430,1169,1530,1324,1403,1266,1102,1234,1310,1313,1115,1668,1297,1147,1098,1227,1174,1441,1256,1116,1363,1217,1372,1403,1092
75,56,True,1156,1114,1535,1125,1380,1144,1535,1677,1469,1241,1115,1136,1272,1315,1311,1246,1546,1306,1072,1117,1230,1356,1531,1163,1535,1260,1117,1442,1427,1130,1226,1510,1281,1138,1145,1275,1459,1434,1385,1240,1060,1256,1419,1254,1181,1210,1289,1370,1082,1340,1153,1114,1091,1211,1269,1348,1403,1500,1509,1326,1244,1202,1065,1448,1271,1356,1300,1377,1517,1402,1357,1248,1280,1152,1194,1378,1388
75,56,True,1149,1073,1154,1275,1405,1241,1126,1535,1162,1262,1600,1516,1535,1301,1651,1252,1249,1076,1356,1052,1164,1175,1406,1211,1249,1201,1331,1066,1163,1413,1436,1374,1430,1318,1535,1491,1323,1237,1262,1233,1134,1507,1291,1189,1596,1179,1294,1261,1027,1146,1106,1156,1178,1112,1282,1349,1268,1283,1467,1313,1606,1121,1280,1537,1096,1424,1028,1187,1288,1130,1247,1145,1449,1313,1468,1193,1128
75,56,True,1184,1124,1280,1212,1232,1552,1291,1465,1070,1216,1269,1193,1272,1201,1214,1693,1475,1294,1173,1253,1064,1227,1190,1522,1221,1588,1120,1380,1071,1462,1195,1165,1156,1356,1261,1264,1222,1384,1217,1152,1498,1483,1482,1221,1277,1462,1304,1371,1069,1152,1375,1395,1298,1446,1165,1322,1314,1053,1446,1413,1130,1135,1195,1308,1417,1620,1384,1202,1190,1238,1094,1273,1246,1051,1262,1170,1168
75,56,True,1384,1288,1243,1239,1196,1142,1216,1243,1240,1608,1240,1173,1171,1364,1656,1345,1309,1330,1203,1196,1112,1549,1061,1535,1153,1108,1358,1076,1452,1267,1327,1593,1205,1441,1163,1126,1072,1513,1209,1532,1576,1544,1204,1285,1240,1526,1264,1505,1131,1404,1510,1160,1333,1186,1427,1274,1126,1123,1138,1470,1322,1245,1118,1539,1112,1421,1258,1200,1210,1293,1574,1233,1035,1250,1180,1178,1102
75,56,True,1414,1147,1093,1208,1535,1105,1298,1096,1336,1160,1380,1295,1282,1306,1438,1275,1356,1269,1050,1477,1217,1301,1259,1222,1162,1216,1535,1291,1345,1433,1400,1266,1123,1269,1140,1349,1562,1456,1364,1484,1317,1169,1261,1561,1240,1235,1501,1491,1392,1338,1448,1266,1128,1053,1172,1364,1339,1198,1065,1435,1428,1036,1307,1237,1286,1182,1202,1090,1296,1323,1057,1195,1338,1220,1176,1443,1237
75,56,True,1475,1115,1486,1488,1116,1186,1579,1252,1198,1355,1189,1204,1297,1244,1182,1460,1298,1010,1250,1523,1031,1521,1136,1272,1084,1272,1501,1533,1354,1365,1350,1410,1237,1539,1273,1531,1217,1481,1153,1328,1253,1489,1195,1357,1213,1417,1535,1358,1208,1419,1310,1313,1268,1180,1154,1590,1339,1434,1386,1478,1619,1097,1096,1524,1320,1098,1248,1462,1354,1382,1293,1333,1120,1473,1200,1166,1236
75,56,True,1141,1176,1217,1268,1202,1214,1220,1506,1156,1535,1306,1291,1369,1376,1502,1563,1222,1317,1170,1248,1126,1421,1418,1165,1253,1204,1360,1148,1160,1476,1489,1473,1292,1418,1225,1242,1290,1269,1210,1267,1431,1580,1424,1269,1107,1505,1396,1224,1101,1310,1097,1384,1481,1245,1144,1329,1177,1499,1516,1321,1332,1341,1346,1176,1176,1237,1221,1268,1340,1044,1252,1408,1491,1304,1178,1209,1178
75,56,True,1254,1302,1522,1498,1251,1160,1571,1248,1324,1685,1412,1166,1305,1195,1520,1500,1232,1010,1522,1472,1473,1300,1166,1164,1516,1152,1124,1539,1225,1460,1296,1359,1319,1350,1364,1358,1326,1483,1248,1350,1333,1197,1449,1196,1280,1195,1501,1552,1531,1289,1456,1465,1326,1196,1037,1571,1256,1258,1404,1296,1344,1412,1059,1596,1140,1135,1125,1250,1454,1338,1132,1261,1105,1148,1217,1114,1172
75,56,True,1225,1269,1472,1118,1049,1091,1171,1574,1318,1189,1158,1251,1184,1218,1433,1519,1197,1035,1233,1317,1416,1456,1147,1424,1442,1238,1126,1540,1389,1254,1647,1536,1296,1480,1157,1196,1197,1293,1355,1406,1234,1274,1222,1113,1273,1305,1224,1068,1409,1578,1355,1514,1081,1257,1072,1387,1336,1257,1138,1265,1530,1202,1068,1400,1124,1213,1138,1081,1502,1588,1393,1083,1252,1088,1378,1092,1244
75,56,True,1182,1077,1217,1164,1184,1494,1520,1134,1250,1115,1140,1340,1195,1255,1389,1548,1291,1361,1033,1049,1105,1488,1318,1457,1223,1555,1291,1294,1125,1185,1194,1200,1439,1197,1556,1462,1200,1433,1320,1336,1357,1426,1179,1154,1320,1760,1460,1265,1214,1190,1257,1362,1260,1252,1443,1231,1189,1313,1440,1378,1565,1144,1104,1284,1074,1385,1120,1412,1306,1181,1334,1251,1139,1482,1266,1420,1218
75,56,True,1237,1328,1535,1361,1248,1121,1049,1137,1232,1596,1233,1145,1341,1405,1244,1338,1338,1342,1061,1083,1388,1122,1208,1388,1311,1517,1376,1405,1581,1221,1522,1360,1408,1185,1220,1251,1372,1369,1300,1325,1426,1670,1108,1382,1115,1277,1161,1443,1375,1308,1342,1400,1585,1340,1248,1554,1396,1494,1210,1288,1450,1460,1410,1225,1117,1177,1444,1121,1484,1183,1150,1197,1338,1254,1356,1313,1200
75,56,True,1241,1182,1141,1245,1246,1310,1108,1145,1156,1675,1361,1438,1490,1480,1436,1649,1240,1328,969,1181,1233,1232,1233,1522,1248,1283,1410,1295,1516,1230,1394,1551,1359,1363,1187,1268,1099,1297,1306,1369,1313,1530,1488,1349,1361,1316,1321,1324,1278,1418,1068,1336,1526,1380,1264,1205,1292,1355,1371,1132,1497,1397,1301,1365,1384,1445,1329,1409,1114,1346,1474,1110,1493,1225,1130,1204,1156
75,56,True,1013,1118,1223,1155,1336,1170,1732,1515,1211,1312,1214,1354,1684,1402,1192,1393,1562,1537,1220,1194,1457,1241,1330,1148,1363,1507,1162,1350,1623,1332,1143,1309,1403,1198,1087,1289,1366,1467,1357,1308,1204,1285,1104,1330,1403,1291,1649,1426,1294,1494,1254,1086,1313,1217,1140,1092,1594,1304,1322,1229,1272,1139,1185,1385,1324,1405,1422,1307,1428,1214,1282,1401,1118,1168,1274,1150,1456
75,56,True,1139,1156,1257,1294,1572,1365,1105,1198,1238,1220,1186,1585,1302,1182,1312,1819,1365,1282,1394,1100,1360,1164,1465,1596,1521,1483,1200,1424,1144,1314,1241,1420,1115,1372,1507,1450,1227,1373,1170,1324,1268,1430,1205,1376,1510,1138,1308,1098,1274,1518,1124,1195,1397,1506,1109,1494,1366,1278,1472,1058,1291,1110,1278,1305,1121,1477,1408,1042,1146,1141,1231,1088,1201,1530,1180,1423,1128
75,56,True,1169,1106,1181,1217,1208,1286,1377,1273,1199,1260,1570,1178,1344,1237,1464,1270,1411,1352,973,1249,1433,1125,1170,1217,1222,1253,1452,1647,1476,1138,1537,1150,1427,1499,1267,1449,1374,1327,1478,1096,1334,1154,1458,1423,1418,1433,1659,1194,1141,1233,1501,1416,1275,1171,1365,1247,1476,1060,1344,1259,1386,1295,1341,1588,1558,1208,1545,1395,1094,1360,1105,1246,1212,1165,1505,1232,1202
75,56,True,1060,1190,1353,1499,1136,1176,1176,1245,1143,1582,1184,1298,1714,1567,1377,1321,1489,1022,959,1037,1121,1478,1272,1516,1256,1350,1072,1468,1053,1249,1099,1395,1381,1462,1353,1180,1321,1253,1326,1547,1226,1307,1426,1811,1262,1139,1306,1157,1115,1436,1091,1298,1384,1332,1185,1424,1219,1372,1477,1345,1602,1502,1535,1631,1290,1470,1203,1206,1217,1535,1458,1229,1510,1410,1251,1196,1083
75,56,True,1475,1125,1104,1237,1187,1158,1143,1154,1133,1264,1161,1177,1338,1168,1291,1304,1266,951,1489,1514,1556,1501,1253,1175,1321,1395,1260,1143,1275,1402,1438,1306,1020,1494,1376,1473,1073,1222,1482,1355,1292,1266,1321,1414,1434,1320,1411,1124,1301,1452,1388,1198,1190,1121,1525,1253,1578,1068,1236,1153,1640,1413,1324,1393,1405,1454,1276,1435,1291,1153,1303,1414,1227,1387,1320,1171,1152
75,56,True,1191,1560,1536,1122,1163,1192,1197,1148,1341,1269,1344,1280,1538,1200,1309,1290,1315,1091,1212,1024,1094,1290,1349,1180,1322,1275,1416,1361,1332,1076,1524,1280,1230,1356,1535,1486,1150,1132,1595,1358,1571,1291,1244,1239,1380,1576,1309,1130,1382,1429,1114,1107,1128,1148,1274,1294,1581,1417,1252,1291,1691,1484,1088,1382,1061,1170,1310,1257,1166,1332,1244,1437,1110,1192,1246,1242,1481
75,56,True,1645,1196,1534,1441,1530,1161,1236,1609,1213,1292,1158,1282,1333,1525,1309,1246,1440,1356,1673,1436,1199,1521,1142,1362,1507,1189,1181,1333,1525,1209,1514,1260,1437,1461,1193,1400,1186,1279,1470,1733,1416,1285,1194,1458,1125,1433,1359,1268,1169,1555,1424,1053,1051,1259,1314,1119,1293,1520,1256,1226,1464,1430,1158,1595,1393,1214,1179,1185,1226,1424,1225,1250,1262,1183,1065,1043,1357
75,56,True,1188,1165,1120,1268,1258,1345,1500,1136,1536,1261,1217,1181,1363,1197,1434,1648,1529,1187,1237,1251,1344,1105,1329,1502,1221,1217,1324,1500,1531,1454,1494,1267,1209,1152,1403,1429,1548,1233,1333,1529,1266,1516,1520,1213,1704,1328,1411,1288,1350,1155,1126,1208,1146,1264,1507,1572,1535,1168,1332,1048,1542,1370,1320,1524,1235,1280,1125,1072,1182,1057,1406,1249,1377,1166,1128,1406,1396
75,56,True,1614,1200,1535,1110,1270,1230,1217,1310,1114,1593,1609,1160,1217,1396,1273,1419,1664,1146,1011,1115,1535,1535,1308,1158,1102,1265,1545,1273,1518,1261,1201,1387,1133,1348,1206,1448,1332,1509,1440,1436,1535,1153,1522,1418,1277,1394,1281,1301,1153,1061,1405,1137,1064,1091,1090,1653,1357,1637,1092,1469,1292,1222,1387,1413,1446,1275,1387,1245,1285,1422,1256,1178,1175,1276,1180,1260,1355
75,56,True,1192,1181,1228,1498,1211,1171,1392,1189,1180,1229,1284,1585,1292,1174,1258,1564,1377,1206,1043,1197,1592,1528,1541,1322,1202,1409,1044,1249,1193,1560,1492,1164,1299,1498,1126,1250,1192,1415,1490,1458,1438,1272,1116,1344,1393,1256,1360,1451,1369,1344,1331,1192,1208,1390,1058,1078,1262,1432,1389,1266,1212,1349,1259,1133,1072,1209,1197,1205,1741,1406,1254,1280,1190,1328,1141,1125,1428
75,56,True,1194,1267,1168,1247,1374,1336,1424,1304,1248,1233,1561,1196,1288,1217,1421,1425,1587,1114,1195,1198,1296,1119,1292,1581,1365,1412,1468,1150,1342,1224,1382,1513,1139,1344,1258,1619,1322,1217,1372,1277,1147,1183,1348,1274,1523,1211,1396,1441,1478,1102,1488,1208,1194,1196,1364,1165,1097,1140,1040,1182,1190,1235,1250,1533,1535,1298,1114,1184,1199,1362,1147,1262,1162,1350,1531,1278,1241
75,56,True,1177,1162,1500,1475,1198,1272,1630,1176,1285,1260,1660,1198,1237,1194,1510,1311,1440,1154,1396,1258,1132,1381,1253,1340,1392,1436,1239,1524,1274,1250,1258,1193,1334,1346,1532,1211,1154,1532,1145,1492,1331,1363,1294,1182,1584,1449,1450,1439,1153,1065,1081,1205,1240,1268,1534,1646,1486,1201,1203,1354,1281,1290,1230,1267,1117,1315,1133,1145,1388,1412,1267,1344,1148,1350,1432,1472,1104
75,56,True,1259,1258,1187,1228,1217,1155,1428,1198,1334,1302,1272,1184,1162,1137,1446,1310,1550,1294,1409,1564,1535,1227,1154,1466,1364,1580,1284,1379,1354,1322,1222,1427,1360,1120,1464,1208,1165,1338,1440,1414,1421,1289,1186,1375,1257,1468,1307,1164,1435,1380,1306,1130,1080,1166,1029,1240,1214,1196,1210,1224,1833,1114,1046,1280,1238,1104,1282,1388,1496,1464,1497,1131,1340,1040,1217,1057,1154
75,56,True,1134,1178,1204,1249,1325,1600,1279,1179,1126,1157,1274,1660,1301,1179,1632,1602,1641,1112,996,1276,1518,1133,1086,1211,1444,1467,1252,1292,1537,1125,1449,1268,1174,1486,1417,1662,1317,1174,1389,1248,1149,1362,1194,1441,1297,1372,1198,1048,1091,1323,1112,1045,1305,1494,1112,1745,1437,1052,1369,1535,1209,1173,1202,1386,1601,1284,1204,1316,1425,1161,1186,1200,1140,1387,1200,1278,1259
75,56,True,1520,1219,1176,1283,1314,1642,1130,1170,1125,1198,1227,1223,1209,1299,1150,1319,1453,1045,1063,1485,1304,1168,1144,1208,1314,1202,1491,1397,1445,1254,1481,1289,1418,1508,1477,1665,1281,1395,1267,1113,1212,1275,1210,1485,1637,1467,1317,1161,1400,1040,1190,1249,1515,1486,1278,1599,1453,1325,1161,1521,1292,1119,1300,1394,1264,1526,1217,1184,1393,1130,1068,1201,1215,1459,1389,1453,1275
75,56,True,1148,1253,1166,1376,1145,1199,1241,1227,1147,1449,1276,1231,1225,1499,1236,1400,1259,1268,1022,1482,1532,1535,1541,1367,1395,1409,1105,1448,1252,1536,1311,1201,1229,1294,1522,1278,1205,1283,1251,1145,1190,1229,1234,1353,1486,1454,1136,1419,1059,1150,1067,1302,1269,1392,1258,1419,1425,1078,1225,1339,1094,1130,1505,1334,1428,1243,1172,1136,1224,1351,1357,1115,1280,1195,1490,1229,1287
75,56,True,1530,1232,1156,1077,1228,1146,1204,1293,1222,1316,1347,1270,1264,1150,1431,1304,1331,992,1283,1684,1535,1107,1140,1129,1275,1214,1241,1412,1370,1437,1524,1142,1160,1215,1243,1277,1282,1275,1542,1419,1216,1320,1278,1417,1510,1220,1333,1500,1381,1433,1068,1048,1098,1133,1057,1283,1142,1649,1367,1515,1388,1408,1073,1460,1240,1110,1264,1394,1629,1227,1205,1074,1190,1194,1090,1048,1371
75,56,True,1418,1168,1106,1188,1294,1522,1292,1259,1204,1231,1206,1302,1358,1342,1213,1276,1240,1368,1205,1083,1048,1291,1494,1205,1467,1308,1500,1395,1442,1575,1226,1469,1144,1347,1156,1482,1332,1370,1594,1518,1478,1112,1144,1513,1203,1244,1221,1394,1455,1347,1102,1128,1105,1092,1080,1497,1364,1570,1272,1358,1187,1338,1138,1208,1118,1234,1388,1414,1562,1169,1448,1249,1147,1086,1456,1273,1217
75,56,True,1188,1197,1128,1155,1160,1529,1256,1625,1390,1112,1200,1605,1262,1226,1390,1252,1352,1197,1566,1535,1188,1120,1137,1221,1122,1117,1096,1167,1453,1192,1198,1333,1340,1316,1349,1346,1202,1170,1340,1182,1386,1120,1186,1169,1265,1177,1363,1398,1372,1469,1329,1442,1159,1065,1037,1494,1451,1530,1502,1256,1525,1506,1115,1089,1350,1368,1441,1438,1584,1150,1226,1148,1092,1276,1142,1210,1237
75,56,True,1356,1289,1301,1565,1316,1216,1369,1298,1307,1331,1225,1756,1625,1370,1249,1226,1332,1278,984,1260,1152,1526,1590,1473,1435,1499,1209,1235,1264,1502,1220,1656,1332,1147,1430,1409,1086,1289,1486,1217,1199,1196,1611,1261,1516,1341,1324,1235,1248,1491,1120,1220,1198,1270,1127,1277,1211,1275,1432,1213,1307,1488,1421,1539,1013,1028,1326,1247,1531,1457,1222,1244,1386,1216,1258,1196,1132
75,56,True,1218,1231,1181,1508,1212,1230,1362,1186,1036,1603,1526,1566,1506,1216,1309,1512,1341,1016,1132,1485,1497,1535,1308,1443,1077,1299,1218,1171,1480,1313,1440,1497,1343,1166,1070,1242,1484,1324,1155,1481,1535,1529,1301,1402,1302,1467,1402,1155,1318,1053,1330,1426,1091,1174,1245,1437,1579,1269,1320,1250,1524,1273,1075,1304,1273,1244,1069,1281,1378,1165,1290,1535,1144,1339,1132,1118,1077
75,56,True,1192,1290,1441,1146,1121,1480,1217,1305,1203,1262,1418,1219,1342,1388,1179,1228,1380,1321,963,1189,1508,1624,1457,1321,1125,1469,1070,1148,1486,1239,1633,1655,1408,1382,1541,1416,1425,1215,1564,1225,1392,1536,1448,1272,1260,1334,1227,1173,1329,1189,1505,1339,1062,1197,1288,1258,1112,1186,1461,1274,1344,1619,1049,1198,1216,1070,1261,1068,1339,1282,1636,1274,1322,1086,1113,1322,1129
75,56,True,1160,1231,1186,1251,1593,1514,1274,1317,1414,1233,1176,1326,1218,1437,1644,1508,1356,1022,1024,1437,1062,1194,1238,1346,1277,1486,1476,1222,1254,1121,1401,1308,1425,1395,1324,1243,1088,1229,1469,1233,1160,1312,1417,1596,1318,1275,1117,1392,1434,1154,1243,1214,1188,1395,1422,1212,1194,1502,1260,1042,1535,1148,1292,1376,1776,1457,1419,1334,1213,1050,1208,1165,1436,1330,1188,1141,1372
75,56,True,1187,1634,1243,1326,1300,1169,1132,1556,1139,1204,1650,1331,1747,1174,1456,1618,1262,1128,1243,1298,1258,1322,1398,1629,1370,1273,1104,1137,1370,1129,1356,1524,1345,1390,1381,1225,1059,1206,1436,1222,1477,1183,1395,1528,1163,1501,1494,1308,1091,1419,1281,1738,1598,1156,1067,1136,1450,1116,1496,1586,1254,1286,1384,1403,1220,1172,1262,1379,1193,1101,1384,1331,1494,1472,1293,1236,1205
75,56,True,1204,1477,1224,1241,1163,1181,1131,1304,1229,1202,1292,1713,1779,1307,1328,1280,1484,995,1056,1345,1545,1582,1445,1462,1112,1548,1285,1348,1085,1203,1294,1192,1276,1294,1378,1310,1029,1569,1536,1585,1256,1372,1260,1483,1140,1558,1306,1227,1150,1158,1376,1222,1307,1371,1283,1128,1294,1384,1230,1156,1530,1475,1618,1192,1314,1189,1412,1419,1458,1213,1473,1315,1136,1177,1086,1228,1322
75,56,True,1192,1163,1136,1115,1235,1273,1369,1315,1146,1368,1097,1178,1424,1178,1460,1645,1969,1026,989,1184,1100,1219,1449,1088,1164,1376,1273,1192,1251,1387,1250,1446,1195,1462,1351,1629,1149,1313,1203,1242,1138,1329,1265,1214,1274,1355,1550,1408,1229,1120,1327,1363,1037,1345,1113,1352,1306,1402,1170,1472,1236,1224,1244,1126,1467,1405,1371,1160,1428,1020,1380,1166,1209,1242,1205,1082,1510
75,56,True,1200,1124,1123,1096,1297,1544,1401,1310,1618,1199,1327,1545,1341,1561,1857,1711,1626,1116,1230,1028,1285,1353,1132,1534,1287,1651,1321,1228,1352,1458,1168,1278,1382,1480,1580,1233,1348,1168,1387,1493,1163,1502,1210,1349,1408,1209,1294,1238,1465,1112,1260,1095,1245,1434,1513,1241,1630,1418,1268,1425,1262,1385,1496,1272,1206,1050,1094,1295,1478,1120,1094,1205,1213,1344,1491,1265,1040
75,56,True,1513,1154,1256,1195,1141,1414,1083,1143,1196,1157,1182,1657,1312,1362,1692,1813,1535,1062,1101,1101,1500,1385,1180,1162,1520,1228,1413,1188,1337,1462,1243,1401,1329,1282,1342,1363,1192,1280,1290,1418,1318,1130,1091,1291,1489,1467,1216,1450,1056,1129,1495,1455,1289,1378,1486,1238,1501,1070,1317,1049,1145,1216,1538,1124,1196,1150,1140,1477,1312,1385,1202,1082,1181,1155,1470,1254,1252
75,56,True,1196,1185,1194,1274,1166,1563,1249,1192,1569,1582,1237,1244,1203,1380,1523,1346,1461,1128,1070,1609,1304,1524,1112,1511,1298,1377,1263,1402,1274,1275,1253,1483,1184,1424,1105,1142,1316,1221,1346,1593,1216,1278,1218,1226,1169,1176,1169,1342,1232,1363,1328,1257,1067,1261,1281,1316,1397,1322,1217,1345,1158,1316,1049,1248,1142,1091,1321,1112,1182,1161,1549,1195,1465,1092,1274,1203,1129
75,56,True,1345,1242,1169,1184,1277,1256,1215,1243,1411,1577,1532,1266,1192,1132,1340,1220,1238,1062,1085,1109,1392,1165,1149,1176,1450,1285,1413,1385,1122,1216,1618,1289,1247,1256,1115,1345,1360,1292,1421,1174,1184,1124,1123,1133,1347,1416,1535,1357,1072,1344,1325,1320,1153,1096,1112,1422,1238,1314,1116,1482,1208,1148,1322,1222,1293,1213,1417,1340,1277,1352,1219,1203,1226,1216,1197,1428,1136
75,56,True,1529,1132,1129,1220,1165,1412,1248,1396,1348,1673,1609,1322,1117,1248,1706,1571,1569,1388,1568,1061,1281,1101,1155,1253,1186,1183,1233,1172,1569,1417,1305,1141,1154,1368,1170,1215,1475,1316,1521,1617,1443,1550,1504,1200,1508,1350,1341,1238,1552,1379,1355,1292,1195,1277,1044,1217,1393,1440,1076,1408,1280,1474,1376,1380,1213,1220,1100,1635,1173,1361,1241,1169,1402,1192,1163,1093,1468
75,56,True,1410,1215,1170,1201,1210,1161,1265,1170,1114,1152,1230,1255,1312,1313,1558,1469,1289,999,1070,1252,1185,1189,1570,1370,1390,1227,1312,1251,1571,1501,1181,1212,1413,1470,1246,1208,1131,1384,1177,1385,1536,1380,1405,1257,1360,1141,1304,1168,1235,1485,1160,1093,1348,1538,1411,1217,1141,1231,1122,1081,1226,1341,1358,1384,1156,1308,1172,1201,1494,1114,1427,1209,1455,1410,1224,1040,1179
75,56,True,1286,1480,1227,1293,1123,1230,1109,1247,1196,1128,1585,1194,1528,1344,1481,1563,1291,1052,1274,1281,1127,1424,1507,1277,1312,1170,1469,1366,1552,1453,1146,1117,1478,1493,1188,1363,1070,1508,1255,1424,1237,1285,1550,1274,1315,1244,1107,1132,1265,1296,1040,1596,1366,1283,1470,1156,1268,1118,1339,1169,1342,1562,1571,1304,1218,1294,1249,1320,1180,1420,1507,1278,1274,1072,1490,1068,1263
75,56,True,1182,1105,1253,1217,1217,1481,1283,1374,1240,1164,1310,1351,1691,1633,1409,1488,1313,1081,1058,1259,1211,1147,1339,1254,1222,1296,1413,1424,1229,1187,1116,1270,1415,1480,1076,1218,1497,1475,1347,1398,1109,1333,1249,1522,1445,1194,1244,1395,1334,1421,1066,1056,1371,1400,1299,1526,1549,1403,1134,1097,1499,1298,1168,1389,1137,1507,1366,1345,1140,1168,1511,1332,1379,1148,1228,1280,1213
75,56,True,1564,1208,1141,1102,1229,1170,1170,1212,1253,1301,1362,1589,1817,1209,1214,1576,1274,1100,1164,1490,1607,1485,1272,1535,1298,1133,1059,1273,1563,1254,1522,1485,1244,1539,1446,1494,1190,1172,1332,1222,1640,1347,1535,1522,1237,1531,1292,1178,1175,1229,1397,1453,1437,1074,1249,1333,1237,1045,1062,1065,1382,1416,1104,1229,1277,1236,1311,1158,1196,1498,1300,1374,1290,1418,1373,1163,1090
75,56,True,1657,1514,1179,1504,1140,1160,1185,1428,1146,1160,1157,1375,1411,1252,1294,1323,1228,1333,1045,1293,1837,1336,1219,1565,1571,1237,1334,1145,1377,1589,1241,1700,1203,1288,1250,1409,1109,1400,1513,1372,1241,1305,1326,1211,1137,1264,1388,1220,1497,1586,1369,1341,1172,1094,1120,1429,1397,1145,1433,1823,1721,1312,1414,1194,1212,1076,1189,1242,1145,1406,1276,1626,1404,1067,1228,1355,1185
75,56,True,1225,1266,1138,1310,1493,1114,1189,1535,1222,1171,1582,1184,1481,1732,1817,1273,1552,1328,1431,1444,1265,1134,1585,1323,1326,1145,1452,1555,1306,1190,1227,1160,1448,1535,1512,1112,1486,1320,1308,1441,1362,1285,1077,1339,1396,1249,1216,1075,1180,1263,1085,1233,1460,1474,1194,1162,1144,1217,1453,1125,1560,1746,1168,1398,1161,1388,1406,1141,1097,1075,1127,1402,1553,1388,1190,1112,1332
75,56,True,1292,1122,1274,1213,1129,1236,1272,1584,1906,1775,1275,1341,1241,1177,1475,1309,1467,1444,1194,1155,1156,1255,1253,1537,1160,1364,1168,1507,1609,1144,1458,1140,1131,1299,1258,1271,1495,1385,1637,1116,1455,1469,1155,1176,1252,1221,1424,1300,1146,1203,1416,1050,1378,1214,1435,1084,1305,1392,1225,1418,1349,1258,1236,1200,1208,1499,1521,1227,1612,1358,1112,1021,1445,1129,1081,1417,1345
75,56,True,1051,1193,1133,1286,1145,1585,1232,1240,1241,1370,1250,1227,1269,1726,1236,1552,1288,1355,1100,1475,1480,1445,1122,1222,1508,1490,1390,1360,1268,1416,1122,1222,1251,1346,1225,1347,1525,1367,1440,1148,1211,1352,1312,1372,1120,1125,1326,1357,1292,1308,1264,1506,1112,1099,1138,1258,1297,1268,1237,1410,1353,1464,1056,1247,1571,1456,1203,1470,1554,1293,1441,1058,1388,1212,1243,1301,1458
75,56,True,1324,1226,1160,1511,1128,1051,1426,1598,1267,1165,1622,1297,1293,1632,1735,1370,1274,1046,983,1146,1480,1237,1289,1316,1243,1458,1099,1117,1440,1283,1224,1222,1376,1239,1218,1122,1313,1184,1387,1194,1266,1230,1310,1224,1376,1195,1496,1162,1282,1528,1176,1505,1334,1265,1457,1145,1200,1059,1116,1073,1321,1253,1378,1258,1417,1094,1278,1119,1092,1214,1301,1273,1282,1282,1552,1036,1318
75,56,True,1476,1121,1180,1139,1542,1264,1100,1139,1402,1214,1259,1172,1366,1629,1229,1246,1451,1052,1181,1153,1178,1065,1113,1105,1373,1472,1382,1331,1211,1208,1146,1161,1247,1354,1369,1373,1270,1726,1396,1229,1522,1476,1195,1610,1226,1531,1368,1174,1430,1075,1306,1168,1284,1169,1397,1378,1398,1264,1370,1086,1459,1146,1069,1482,1292,1149,1721,1201,1206,1327,1275,1155,1473,1264,1442,1155,1257
75,56,True,1075,1199,1200,1205,1296,1443,1180,1104,1240,1154,1247,1634,1585,1535,1211,1484,1371,1176,1290,1162,1068,1541,1178,1364,1329,1328,1156,1506,1118,1298,1521,1535,1522,1205,1466,1609,1537,1363,1337,1160,1208,1243,1177,1304,1435,1219,1554,1122,1042,1182,1150,1206,1221,1212,1197,1536,1402,1196,1153,1512,1591,1068,1241,1145,1479,1445,1594,1131,1227,1074,1076,1131,1102,1048,1162,1368,1446
75,56,True,1536,1217,1017,1142,1148,1141,1547,1210,1281,1605,1507,1138,1272,1361,1629,1316,1253,1035,1299,1145,1434,1092,1506,1170,1192,1482,1037,1212,1227,1186,1757,1668,1166,1148,1197,1462,1314,1153,1468,1310,1246,1474,1270,1093,1201,1290,1233,1161,1518,1208,1429,1112,1260,1090,1160,1171,1453,1182,1147,1530,1322,1501,1163,1327,1101,1428,1238,1056,1475,1307,1514,1021,1099,1435,1146,1067,1280
75,56,True,1146,1186,1195,1193,1171,1517,1232,1137,1148,1169,1244,1344,1256,1214,1614,1664,1450,954,1140,1085,1114,1118,1301,1253,1584,1664,1260,1198,1134,1250,1624,1161,1274,1535,1258,1243,1536,1535,1268,1284,1152,1237,1141,1274,1330,1547,1160,1492,1270,1092,1344,1477,1184,1437,1377,1697,1366,1418,1526,1097,1149,1044,1097,1401,1331,1336,1188,1037,1345,1066,1196,1156,1180,1490,1564,1293,1282
75,56,True,1421,1180,1130,1374,1387,1780,1112,1125,1291,1158,1622,1298,1288,1507,1608,1227,1445,987,1395,1284,1048,1082,1573,1189,1324,1267,1225,1187,1414,1421,1160,1355,1377,1383,1482,1344,1224,1280,1476,1196,1282,1200,1387,1621,1234,1253,1130,1090,1072,1066,1113,1261,1376,1474,1294,1467,1372,1074,1504,1173,1249,1281,1414,1717,1193,1101,1546,1418,1136,1334,1281,1133,1358,1304,1412,1324,1237
75,56,True,1165,1233,1088,1168,1228,1277,1352,1642,1256,1574,1221,1272,1345,1188,1298,1701,1240,1066,1460,1487,1517,1114,1222,1284,1318,1477,1556,1357,1242,1259,1193,1569,1338,1401,1504,1490,1746,1136,1283,1110,1147,1285,1313,1496,1210,1454,1366,1169,1229,1144,1098,1213,1273,1100,1390,1436,1518,1062,1288,1290,1336,1171,1352,1376,1611,1286,1362,1243,1185,1257,1248,1429,1312,1503,1550,1320,1088
75,56,True,1243,1278,1120,1349,1142,1237,1583,1192,1457,1510,1496,1649,1198,1196,1534,1246,1552,1068,1069,1153,1364,1351,1137,1272,1435,1228,1154,1324,1326,1582,1325,1173,1397,1133,1123,1235,1161,1123,1337,1440,1256,1193,1404,1300,1236,1147,1120,1339,1470,1245,1341,1273,1170,1374,1396,1381,1101,1097,1302,1445,1645,1470,1060,1162,1083,1245,1216,1129,1229,1547,1634,1349,1082,1455,1359,1056,1250
75,56,True,1300,1118,1088,1154,1283,1177,1641,1410,1771,1296,1168,1178,1600,1218,1478,1568,1560,1136,1439,1401,1444,1058,1179,1535,1578,1483,1437,1610,1291,1683,1144,1476,1244,1417,1318,1355,1308,1376,1259,1347,1428,1227,1345,1143,1172,1294,1129,1232,1449,1345,1313,1435,1082,1048,1140,1256,1277,1274,1263,1304,1395,1485,1330,1297,1234,1077,1730,1425,1430,1203,1269,1365,1243,1352,1385,1114,1418
75,56,True,1176,1108,1247,1189,1541,1235,1371,1257,1361,1215,1154,1307,1150,1419,1361,1372,1294,1492,1564,1076,1439,1206,1149,1283,1508,1146,1336,1243,1332,1160,1154,1535,1414,1386,1260,1413,1295,1654,1348,1166,1246,1148,1270,1210,1149,1539,1440,1523,1254,1323,1189,1088,1113,1250,1261,1421,1348,1521,1458,1193,1289,1048,1366,1162,1371,1156,1517,1566,1221,1464,1105,1106,1166,1120,1286,1545,1175
75,56,True,1187,1222,1270,1147,1214,1181,1182,1234,1308,1152,1509,1369,1402,1685,1206,1337,1287,971,1453,1114,1629,1854,1581,1472,1481,1124,1196,1500,1272,1379,1198,1516,1624,1266,1224,1243,1099,1504,1302,1247,1383,1261,1234,1496,1538,1243,1439,1113,1128,1248,1411,1326,1180,1083,1371,1372,1545,1376,1084,1128,1189,1309,1122,1465,1042,1398,1254,1197,1141,1318,1247,1403,1248,1138,1342,1132,1168
75,56,True,1530,1508,1213,1209,1221,1060,1130,1648,1234,1141,1197,1197,1217,1328,1158,1594,1274,1013,1260,1457,1554,1333,1078,1500,1447,1353,1492,1205,1366,1611,1276,1419,1125,1393,1293,1558,1274,1329,1595,1464,1297,1292,1340,1137,1348,1426,1245,1336,1377,1141,1566,1136,1117,1099,1089,1214,1253,1093,1376,1349,1535,1219,1050,1125,1093,1082,1397,1168,1378,1283,1600,1130,1253,1238,1077,1190,1253
75,56,True,1165,1236,1322,1346,1429,1188,1040,1508,1638,1267,1245,1323,1334,1206,1548,1226,1246,1000,1232,1451,1068,1197,1535,1514,1531,1341,1051,1059,1294,1145,1434,1244,1460,1394,1234,1361,1126,1156,1235,1526,1374,1308,1306,1535,1276,1272,1134,1221,1327,1169,1074,1361,1419,1189,1100,1325,1459,1035,1086,1333,1266,1336,1472,1574,1366,1183,1220,1068,1368,1245,1288,1582,1486,1300,1104,1265,1098
75,56,True,1182,1510,1084,1092,1558,1112,1184,1395,1168,1330,1308,1336,1195,1592,1494,1244,1673,1351,1234,1206,1153,1186,1322,1204,1116,1358,1418,1365,1577,1394,1160,1171,1243,1276,1179,1368,1611,1436,1387,1154,1241,1212,1204,1325,1535,1300,1546,1466,1349,1362,1334,1155,1082,1445,1297,1300,1261,1218,1427,1082,1535,1382,1169,1177,1170,1281,1409,1774,1390,1291,1457,1234,1288,1208,1166,1441,1251
75,56,True,1158,1203,1083,1313,1267,1133,1082,1291,1201,1259,1331,1549,1277,1214,1450,1254,1373,1121,1016,1458,1152,1501,1365,1092,1466,1293,1653,1626,1328,1430,1277,1170,1326,1140,1162,1217,1443,1586,1233,1077,1381,1305,1232,1243,1214,1161,1374,1610,1506,1121,1278,1102,1377,1124,1181,1425,1635,1377,1056,1371,1457,1088,1164,1203,1053,1584,1334,1412,1228,1106,1244,1534,1525,1094,1196,1593,1535
75,56,True,1201,1147,1349,1542,1437,1113,1170,1162,1140,1316,1362,1320,1171,1536,1210,1541,1365,1004,1219,1065,1139,1521,1476,1387,1466,1318,1041,1402,1329,1277,1308,1588,1520,1315,1481,1329,1108,1163,1198,1308,1186,1625,1528,1613,1339,1179,1466,1113,1356,1178,1365,1324,1696,1472,1338,1417,1337,1540,1284,1180,1269,1498,1180,1468,1178,1155,1150,1052,1328,1497,1173,1568,1451,1317,1162,1104,1090
75,56,True,1517,1188,1098,1191,1240,1353,1272,1237,1648,1243,1187,1173,1257,1598,1196,1612,1287,920,1024,1442,1489,1535,1228,1451,1594,1541,1168,1251,1498,1132,1478,1134,1432,1523,1492,1272,1389,1312,1284,1267,1460,1331,1089,1338,1482,1417,1724,1033,1037,1059,1194,1364,1395,1252,1542,1519,1445,1270,1196,1262,1160,1304,1273,1550,1258,1187,1561,1078,1386,1193,1273,1097,1219,1085,1530,1425,1404
75,56,True,1272,1154,1182,1488,1586,1091,1278,1198,1615,1153,1154,1171,1290,1370,1229,1258,1250,1034,1199,1029,1504,1212,1220,1213,1228,1440,1132,1145,1508,1501,1306,1196,1363,1564,1262,1374,1122,1149,1493,1212,1292,1533,1397,1278,1139,1144,1411,1198,1259,1301,1111,1528,1344,1384,1445,1208,1282,1374,1123,1120,1308,1242,1466,1713,1208,1386,1519,1211,1113,1148,1256,1500,1456,1338,1140,1109,1187
75,56,True,1228,1516,1179,1171,1221,1079,1238,1579,1124,1441,1281,1210,1315,1662,1545,1217,1321,1005,1257,1298,1310,1228,1437,1325,1297,1320,1153,1477,1482,1256,1216,1535,1592,1645,1554,1132,1101,1369,1204,1413,1297,1209,1424,1525,1160,1484,1168,1232,1173,1472,1241,1483,1434,1485,1251,1271,1150,1340,1285,1259,1203,1278,1378,1267,1197,1213,1304,1133,1099,1432,1501,1340,1178,1377,1161,1166,1089
75,56,True,1360,1171,1105,1404,1620,1100,1369,1167,1133,1246,1324,1346,1342,1216,1382,1294,1388,987,1016,1246,1535,1131,1157,1425,1451,1211,1299,1264,1401,1379,1242,1324,1229,1277,1610,1280,1462,1232,1305,1422,1137,1263,1136,1373,1573,1547,1349,1245,1301,1146,1306,1248,1326,1578,1373,1162,1290,1235,1044,1216,1346,1077,1342,1638,1477,1342,1147,1078,1520,1138,1125,1204,1130,1230,1535,1565,1068
75,56,True,1255,1348,1338,1324,1182,1169,1124,1605,1130,1208,1577,1236,1170,1700,1214,1355,1430,1146,1443,1091,1312,1162,1233,1157,1275,1368,1041,1209,1349,1448,1391,1659,1347,1100,1186,1380,1179,1286,1506,1534,1394,1418,1472,1307,1129,1115,1179,1160,1226,1304,1310,1361,1422,1160,1321,1549,1154,1278,1219,1396,1468,1155,1535,1340,1406,1210,1197,1209,1256,1192,1221,1205,1418,1100,1109,1441,1140
75,56,True,1229,1423,1372,1208,1264,1253,1200,1120,1309,1267,1537,1146,1444,1384,1625,1299,1411,985,1017,1081,1092,1494,1453,1172,1112,1228,1251,1422,1174,1130,1419,1384,1364,1145,1280,1140,1206,1578,1185,1374,1694,1551,1208,1187,1314,1320,1379,1245,1303,1353,1205,1635,1292,1182,1169,1361,1104,1465,1114,1070,1636,1681,1308,1328,1146,1300,1142,1164,1255,1473,1380,1136,1352,1035,1227,1137,1268
75,56,True,1204,1073,1242,1580,1272,1157,1048,1547,1104,1276,1556,1168,1659,1398,1520,1573,1244,1342,1272,1025,1252,1481,1155,1242,1188,1202,1081,1297,1229,1375,1469,1192,1165,1294,1348,1448,1222,1470,1199,1226,1381,1323,1226,1330,1345,1609,1205,1112,1237,1156,1131,1082,1194,1620,1213,1380,1190,1120,1117,1120,1344,1106,1169,1260,1221,1041,1334,1366,1286,1117,1122,1358,1380,1196,1576,1137,1313
75,56,True,1238,1293,1292,1571,1380,1545,1353,1359,1117,1346,1702,1142,1555,1282,1228,1281,1358,1316,1197,1115,1602,1352,1569,1251,1325,1146,1044,1202,1302,1470,1462,1259,1608,1198,1114,1434,1299,1443,1338,1250,1661,1439,1290,1364,1523,1289,1275,1213,1244,1294,1381,1157,1284,1312,1038,1464,1251,1235,1101,1481,1523,1461,1467,1413,1210,1102,1499,1239,1222,1228,1243,1396,1376,1330,1275,1077,1225
75,56,True,1139,1179,1256,1308,1697,1242,1204,1184,1236,1281,1241,1197,1160,1276,1439,1722,1375,982,1295,1188,1515,1170,1518,1345,1216,1323,1186,1370,1471,1144,1568,1537,1517,1430,1285,1655,1181,1189,1241,1494,1331,1476,1267,1297,1413,1276,1377,1214,1462,1286,1203,1444,1146,1454,1403,1386,1228,1090,1434,1078,1242,1202,1317,1724,1179,1560,1327,1408,1242,1425,1179,1141,1482,1243,1618,1358,1221
75,56,True,1474,1106,1217,1193,1247,1230,1108,1182,1402,1426,1299,1260,1196,1160,1258,1405,1490,1604,1270,1188,1109,1188,1266,1123,1404,1498,1403,1580,1649,1143,1373,1125,1264,1323,1095,1365,1363,1313,1505,1138,1134,1093,1139,1270,1345,1331,1492,1700,1170,1451,1120,1037,1091,1266,1132,1364,1649,1396,1350,1449,1160,1080,1153,1160,1250,1228,1575,1325,1179,1068,1065,1044,1137,1410,1312,1356,1565
75,56,True,1516,1231,1162,1152,1308,1288,1242,1585,1212,1152,1613,1228,1189,1308,1497,1646,1328,1350,1365,1402,1228,1137,1563,1417,1170,1456,1301,1201,1535,1234,1192,1078,1350,1512,1174,1746,1444,1390,1223,1381,1486,1113,1268,1376,1482,1329,1227,1296,1150,1352,1054,1233,1372,1483,1244,1260,1219,1286,1072,1448,1358,1158,1082,1709,1573,1408,1224,1424,1211,1434,1097,1240,1151,1202,1430,1192,1041
75,56,True,1526,1269,1195,1209,1536,1619,1163,1471,1093,1573,1574,1618,1281,1571,1484,1634,1538,986,1037,1117,1265,1148,1267,1281,1409,1505,1442,1099,1176,1277,1120,1509,1428,1374,1232,1492,1460,1364,1227,1180,1121,1171,1107,1448,1556,1250,1125,1225,1093,1363,1494,1313,1236,1393,1562,1609,1106,1064,1313,1048,1225,1360,1278,1437,1300,1219,1146,1260,1232,1421,1239,1293,1173,1491,1550,1133,1176
75,56,True,1483,1521,1461,1238,1154,1535,1562,1597,1457,1632,1578,1596,1570,1274,1229,1530,1213,1152,1557,1429,1116,1326,1113,1232,1394,1524,1636,1741,1713,1238,1233,1545,1489,1325,1314,1435,1602,1432,1230,1146,1443,1154,1333,1553,1139,1237,1477,1300,1220,1153,1268,1120,1504,1141,1274,1364,1259,1552,1154,1062,1252,1336,1105,1254,1195,1100,1430,1611,1301,1411,1304,1178,1366,1301,1208,1428,1173
75,56,True,1123,1093,1230,1244,1235,1348,1742,1237,1257,1241,1610,1161,1535,1236,1454,1592,1406,1291,1221,1432,1092,1194,1379,1172,1234,1451,1241,1307,1146,1284,1346,1355,1393,1356,1387,1436,1147,1360,1481,1233,1273,1118,1195,1410,1535,1261,1323,1237,1249,1136,1267,1072,1267,1250,1549,1153,1275,1394,1290,1466,1312,1187,1446,1362,1751,1228,1264,1158,1254,1500,1237,1403,1387,1126,1689,1298,1321
75,56,True,1547,1241,1226,1184,1194,1208,1255,1404,1685,1197,1590,1236,1137,1531,1165,1251,1254,1010,1626,1711,1369,1125,1153,1514,1123,1575,1385,1317,1585,1561,1682,1338,1108,1478,1590,1197,1216,1369,1229,1491,1456,1503,1372,1130,1138,1254,1291,1237,1133,1486,1515,1090,1122,1082,1090,1454,1212,1304,1504,1263,1602,1061,1506,1218,1281,1281,1251,1558,1211,1405,1338,1453,1075,1125,1211,1068,1201
75,56,True,1193,1292,1381,1240,1208,1515,1219,1243,1381,1294,1257,1200,1638,1141,1387,1246,1445,979,1457,1101,1292,1205,1334,1238,1198,1299,1437,1430,1257,1222,1302,1516,1247,1260,1332,1266,1077,1392,1269,1205,1476,1229,1282,1333,1192,1264,1187,1022,1129,1233,1232,1155,1173,1326,1513,1232,1106,1276,1222,1136,1280,1167,1619,1392,1492,1035,1247,1070,1417,1299,1395,1237,1275,1794,1403,1209,1238
75,56,True,1196,1162,1323,1331,1440,1230,1577,1269,1595,1237,1158,1613,1526,1340,1242,1362,1244,1268,1266,1240,1132,1169,1182,1478,1515,1107,1298,1438,1288,1149,1365,1587,1414,1354,1300,1197,1094,1363,1338,1297,1334,1212,1325,1498,1444,1173,1532,1225,1265,1084,1078,1278,1542,1261,1399,1460,1283,1262,1284,1092,1229,1242,1441,1506,1451,1319,1289,1157,1453,1129,1284,1302,1379,1428,1110,1061,1115
75,56,True,1461,1236,1278,1262,1074,1208,1097,1312,1220,1314,1369,1688,1738,1419,1690,1569,1242,996,1024,1376,1406,1589,1206,1323,1194,1504,1160,1563,1209,1243,1573,1486,1275,1339,1104,1501,1214,1158,1422,1275,1459,1602,1203,1357,1461,1120,1525,1378,1374,1180,1190,1535,1224,1448,1483,1291,1215,1285,1222,1221,1253,1322,1482,1237,1118,1091,1231,1325,1228,1582,1470,1421,1100,1053,1091,1419,1390
75,56,True,1161,1334,1272,1240,1202,1273,1291,1122,1235,1154,1258,1270,1360,1659,1762,1556,1567,1192,1022,1085,1533,1385,1253,1401,1538,1525,1147,1147,1253,1258,1513,1261,1225,1544,1244,1419,1469,1410,1469,1168,1297,1533,1242,1413,1529,1486,1397,1160,1323,1170,1170,1180,1214,1263,1545,1406,1112,1113,1043,1339,1212,1172,1363,1611,1435,1318,1040,1464,1145,1492,1174,1316,1233,1163,1282,1128,1332
75,56,True,1540,1266,1640,1626,1164,1187,1243,1388,1337,1272,1251,1661,1299,1501,1496,1587,1227,1281,1435,1155,1326,1578,1343,1568,1217,1360,1128,1115,1163,1453,1171,1489,1566,1352,1092,1237,1243,1385,1232,1457,1420,1406,1404,1496,1387,1230,1272,1052,1417,1188,1162,1463,1509,1336,1232,1130,1272,1395,1042,1451,1352,1505,1369,1451,1220,1084,1404,1244,1120,1108,1484,1408,1397,1308,1254,1156,1209
75,56,True,1498,1102,1168,1224,1243,1201,1196,1270,1150,1237,1675,1274,1197,1600,1224,1599,1334,1176,1179,1056,1310,1235,1262,1369,1096,1607,1301,1341,1158,1189,1476,1172,1258,1406,1261,1388,1261,1482,1300,1249,1164,1138,1102,1498,1133,1301,1624,1533,1153,1093,1064,1124,1259,1110,1341,1188,1295,1134,1525,1229,1072,1496,1112,1354,1099,1166,1171,1227,1336,1256,1209,1154,1364,1363,1204,1261,1442
75,56,True,1242,1274,1258,1226,1176,1600,1285,1298,1636,1590,1478,1160,1331,1271,1453,1233,1508,1008,1091,1602,1313,1084,1082,1162,1499,1146,1233,1227,1206,1077,1477,1404,1203,1180,1302,1535,1106,1169,1421,1325,1484,1264,1370,1534,1154,1278,1179,1396,1652,1616,1680,1076,1128,1042,1517,1548,1564,1109,1485,1299,1201,1394,1128,1410,1287,1245,1309,1185,1701,1301,1158,1277,1262,1023,1224,1194,1321
75,56,True,1480,1412,1187,1156,1347,1150,1265,1280,1246,1142,1401,1205,1293,1331,1499,1257,1205,1361,1164,1073,1128,1535,1287,1308,1601,1481,1074,1657,1470,1513,1322,1225,1328,1297,1352,1453,1226,1311,1409,1435,1274,1186,1171,1129,1435,1184,1303,1549,1476,1461,1188,1467,1320,1090,1475,1280,1249,1322,1338,1148,1586,1146,1090,1322,1222,1253,1082,1262,1498,1346,1465,1061,1345,1070,1322,1401,1236
75,56,True,1180,1155,1168,1242,1155,1624,1208,1313,1635,1144,1366,1243,1174,1169,1296,1634,1285,1300,1486,1437,1197,1445,1164,1220,1113,1107,1162,1405,1562,1544,1532,1290,1207,1241,1161,1210,1160,1253,1336,1363,1626,1283,1121,1316,1178,1402,1138,1153,1284,1761,1128,1305,1109,1416,1209,1136,1569,1418,1418,1535,1572,1073,1246,1535,1314,1196,1309,1454,1566,1296,1641,1352,1182,1453,1086,1149,1331
75,56,True,1224,1202,1298,1513,1183,1622,1269,1171,1265,1259,1603,1330,1401,1809,1750,1642,1324,1161,1009,1490,1142,1236,1119,1197,1600,1494,1293,1313,1066,1245,1130,1350,1487,1419,1525,1421,1106,1243,1249,1451,1321,1156,1337,1547,1323,1466,1188,1022,1425,1186,1273,1209,1220,1120,1507,1194,1169,1176,1129,1334,1215,1467,1432,1272,1438,1298,1354,1264,1114,1067,1225,1333,1409,1418,1553,1093,1140
75,56,True,1518,1364,1412,1298,1293,1239,1073,1257,1137,1640,1243,1232,1652,1431,1648,1248,1361,1109,949,1466,1193,1632,1508,1423,1609,1144,1027,1430,1247,1315,1349,1404,1403,1466,1187,1341,1089,1221,1266,1189,1509,1348,1424,1456,1306,1220,1270,1451,1443,1425,1088,1123,1503,1100,1052,1482,1381,1482,1245,1291,1323,1732,1306,1424,1289,1210,1114,1178,1176,1267,1230,1590,1436,1358,1299,1085,1465
75,56,True,1510,1490,1149,1117,1203,1276,1332,1264,1155,1583,1501,1955,1365,1205,1435,1304,1234,1291,974,1235,1533,1388,1158,1124,1123,1321,1041,1484,1371,1269,1535,1536,1477,1130,1282,1137,1256,1366,1123,1259,1455,1551,1325,1118,1425,1176,1485,1116,1176,1414,1387,1498,1188,1224,1109,1195,1520,1149,1250,1598,1225,1137,1299,1336,1089,1056,1456,1307,1390,1278,1428,1611,1181,1269,1238,1289,1341
75,56,True,1236,1280,1131,1565,1304,1284,1145,1148,1206,1553,1213,1261,1637,1614,1331,1369,1305,987,1371,1080,1350,1363,1737,1651,1518,1209,1080,1203,1548,1460,1290,1321,1482,1387,1372,1233,1304,1215,1362,1221,1457,1122,1195,1476,1494,1296,1441,1251,1501,1352,1112,1255,1709,1234,1385,1360,1540,1120,1108,1089,1108,1481,1330,1340,1188,1390,1212,1123,1109,1185,1349,1315,1297,1172,1257,1242,1072
75,56,True,1184,1233,1146,1166,1180,1154,1534,1214,1620,1549,1497,1245,1190,1377,1290,1224,1267,1375,1261,1512,1197,1704,1410,1186,1203,1488,1197,1427,1252,1435,1202,1518,1382,1426,1275,1357,1153,1213,1160,1516,1277,1665,1130,1305,1126,1384,1241,1084,1423,1241,1419,1400,1114,1292,1312,1323,1410,1076,1109,1422,1537,1340,1272,1363,1416,1073,1019,1088,1269,1605,1355,1253,1103,1150,1286,1086,1181
75,56,True,1265,1333,1209,1241,1490,1012,1137,1285,1152,1643,1217,1780,1929,1156,1487,1409,1251,1196,1451,1244,1076,1365,1146,1253,1258,1295,1305,1195,1458,1162,1542,1238,1483,1522,1089,1377,1496,1209,1178,1301,1158,1356,1259,1342,1465,1336,1288,1258,1347,1130,1072,1204,1541,1563,1512,1285,1367,1058,1324,1195,1226,1253,1535,1403,1125,1325,1210,1100,1227,1249,1314,1312,1404,1514,1269,1076,1243
75,56,True,1208,1109,1299,1312,1209,1445,1312,1365,1176,1584,1168,1313,1372,1339,1217,1662,1684,1344,1131,1062,1012,1051,1123,1353,1530,1238,1589,1273,1388,1195,1465,1446,1314,1243,1535,1531,1494,1235,1472,1200,1217,1136,1255,1416,1703,1267,1701,1283,1348,1098,1192,1298,1195,1219,1408,1570,1253,1110,1359,1375,1490,1300,1428,1264,1305,1288,1309,1131,1186,1417,1184,1202,1253,1307,1537,1366,1352
75,56,True,1459,1189,1160,1221,1436,1834,1190,1130,1571,1212,1296,1647,1646,1459,1448,1760,1540,1302,1192,1061,1517,1123,1298,1290,1672,1668,1427,1110,1424,1227,1426,1249,1317,1524,1200,1323,1257,1521,1333,1233,1403,1529,1158,1333,1440,1738,1506,1188,1065,1135,1448,1262,1500,1283,1325,1372,1213,1193,1317,1311,1170,1277,1430,1217,1681,1502,1233,1104,1429,1157,1340,1112,1217,1292,1192,1219,1281
75,56,True,1178,1193,1502,1781,1706,1406,1198,1354,1606,1226,1196,1288,1535,1552,1902,1661,1235,1332,1426,1115,1102,1216,1136,1265,1622,1592,1276,1265,1429,1214,1222,1509,1427,1286,1364,1299,1036,1129,1297,1178,1174,1502,1417,1506,1660,1378,1301,1442,1105,1241,1514,1270,1259,1549,1540,1448,1075,1062,1326,1284,1261,1180,1565,1465,1291,1358,1426,1160,1193,1082,1220,1178,1433,1340,1286,1196,1368
75,56,True,1134,1082,1313,1182,1310,1306,1581,1460,1443,1617,1263,1260,1378,1417,1456,1610,1336,1161,1557,1054,1084,1107,1210,1532,1176,1109,1434,1347,1635,1378,1425,1216,1124,1208,1164,1256,1491,1389,1498,1277,1235,1340,1202,1140,1226,1122,1535,1193,1248,1081,1092,1349,1336,1050,1038,1150,1517,1273,1413,1062,1360,1216,1236,1285,1360,1396,1480,1593,1337,1126,1402,1061,1212,1345,1096,1293,1255
75,56,True,1181,1142,1215,1586,1256,1369,1144,1142,1282,1158,1170,1535,1420,1539,1229,1258,1276,1312,1033,1126,1252,1301,1466,1408,1473,1512,1040,1139,1069,1482,1161,1331,1524,1379,1333,1572,1259,1340,1173,1153,1316,1358,1429,1195,1539,1364,1220,1443,1106,1258,1369,1173,1258,1350,1432,1521,1278,1160,1147,1132,1574,1153,1267,1732,1639,1338,1205,1088,1241,1418,1351,1213,1256,1245,1265,1230,1244
75,56,True,1191,1285,1181,1260,1164,1577,1596,1599,1646,1364,1616,1387,1166,1385,1356,1244,1413,1355,1458,1658,1408,1641,1179,1392,1270,1222,1256,1091,1353,1285,1585,1354,1530,1266,1153,1284,1514,1189,1350,1539,1277,1520,1313,1188,1190,1160,1318,1187,1188,1589,1336,1222,1285,1262,1017,1504,1118,1314,1144,1216,1526,1595,1177,1334,1132,1154,1324,1453,1186,1304,1475,1198,1069,1174,1229,1232,1253
75,56,True,1262,1289,1393,1652,1107,1278,1224,1115,1309,1337,1161,1667,1477,1267,1192,1246,1352,1036,1324,1023,1518,1414,1637,1337,1108,1124,1213,1173,1198,1224,1317,1188,1604,1376,1285,1386,1381,1243,1339,1318,1187,1404,1636,1363,1157,1358,1401,1197,1205,1337,1258,1243,1369,1196,1060,1549,1419,1099,1191,1268,1363,1642,1198,1266,1440,1138,1222,1263,1101,1275,1338,1414,1342,1064,1269,1161,1002
75,56,True,1421,1209,1136,1074,1514,1171,1203,1249,1496,1213,1316,1284,1382,1195,1233,1269,1146,1232,1097,1470,1069,1185,1178,1150,1235,1243,1292,1180,1332,1233,1680,1452,1196,1512,1516,1338,1355,1290,1269,1315,1345,1390,1140,1235,1259,1385,1249,1258,1339,1187,1577,1389,1053,1040,1416,1491,1256,1468,1224,1740,1363,1059,1257,1197,1467,1098,1082,1578,1670,1393,1169,1090,1060,1459,1349,1240,1258
75,56,True,1481,1126,1162,1536,1267,1300,1347,1258,1257,1328,1178,1235,1442,1333,1772,1832,1436,1315,1388,1081,1286,1237,1270,1136,1592,1466,1396,1173,1414,1204,1539,1094,1298,1496,1632,1525,1561,1211,1316,1310,1123,1444,1269,1235,1525,1472,1545,1194,1245,1416,1191,1278,1517,1541,1249,1535,1219,1240,1050,1028,1179,1114,1268,1131,1328,1206,1420,1314,1121,1489,1158,1265,1248,1181,1418,1262,1259
75,56,True,1181,1344,1147,1187,1203,1198,1173,1359,1689,1643,1601,1284,1183,1197,1171,1219,1345,1360,1426,1108,1168,1112,1134,1132,1162,1548,1394,1284,1545,1284,1346,1268,1163,1148,1096,1394,1574,1361,1566,1305,1178,1102,1380,1205,1217,1350,1202,1352,1331,1236,1488,1202,1315,1274,1486,1164,1659,1620,1297,1070,1498,1085,1057,1289,1163,1216,1494,1535,1392,1211,1195,1302,1094,1186,1238,1163,1404
75,56,True,1183,1186,1192,1123,1728,1134,1210,1257,1162,1129,1161,1168,1328,1214,1418,1563,1504,1117,1058,1043,1259,1147,1227,1382,1726,1740,1276,1283,1433,1424,1535,1217,1424,1206,1324,1652,1555,1286,1252,1245,1475,1394,1127,1315,1600,1444,1220,1326,1098,1192,1051,1136,1274,1622,1306,1253,1199,1048,1386,1108,1550,1220,1318,1459,1536,1330,1482,1301,1427,1142,1282,1188,1294,1136,1205,1411,1212
75,56,True,1351,1211,1168,1651,1464,1173,1666,1258,1194,1141,1158,1181,1334,1632,1836,1624,1344,1308,1209,976,1322,1582,1240,1680,1353,1605,1118,1304,1157,1288,1245,1135,1350,1205,1260,1552,1309,1201,1225,1112,1141,1211,1101,1606,1120,1602,1564,1110,1331,1264,1365,1117,1224,1480,1204,1302,1211,1375,1324,1064,1184,1048,1214,1320,1313,1088,1194,1130,1478,1211,1330,1160,1361,1427,1474,1397,1136
75,56,True,1154,1090,1122,1254,1166,1240,1587,1234,1507,1107,1130,1290,1308,1177,1197,1268,1344,1226,1396,1128,1101,1283,1292,1501,1300,1172,1336,1486,1206,1322,1444,1473,1172,1141,1202,1200,1186,1699,1372,1418,1179,1568,1427,1478,1541,1371,1547,1348,1177,1378,1219,1255,1183,1170,1088,1608,1706,1122,1098,1065,1515,1064,1195,1208,1197,1312,1337,1377,1523,1208,1144,1082,1109,1286,1132,1323,1331
75,56,True,1206,1137,1537,1632,1184,1067,1560,1281,1291,1182,1636,1556,1289,1354,1417,1225,1312,1050,1003,1261,1177,1179,1512,1486,1296,1470,1089,1177,1282,1203,1356,1229,1660,1588,1405,1451,1120,1168,1120,1229,1260,1563,1204,1492,1429,1357,1400,1126,1242,1370,1187,1076,1338,1382,1101,1386,1314,1491,1318,1168,1241,1176,1354,1430,1186,1245,1297,1155,1065,1437,1137,1326,1306,1149,1318,1114,1196
75,56,True,1188,1240,1139,1178,1199,1222,1068,1292,1339,1571,1598,1158,1281,1282,1473,1576,1363,1535,1339,1179,1075,1272,1320,1173,1184,1481,1128,1352,1535,1485,1542,1386,1412,1257,1404,1155,1293,1340,1589,1634,1254,1243,1127,1280,1416,1236,1153,1299,1267,1578,1421,1259,1124,1115,1489,1418,1211,1519,1317,1308,1237,1408,1047,1570,1249,1044,1432,1202,1285,1286,1160,1130,1269,1258,1450,1313,1324
75,56,True,1535,1249,1474,1126,1373,1156,1228,1290,1225,1187,1370,1664,1605,1230,1184,1468,1233,1082,1076,1372,1447,1358,1374,1234,1297,1124,1212,1349,1145,1469,1366,1541,1575,1293,1217,1133,1201,1329,1356,1494,1718,1446,1485,1200,1300,1278,1522,1044,1189,1473,1426,1154,1037,1177,1393,1109,1231,1112,1080,1193,1588,1104,1138,1141,1497,1097,1092,1419,1278,1426,1342,1617,1077,1313,1233,1110,1169
75,56,True,1313,1132,1171,1208,1278,1142,1600,1205,1152,1325,1604,1334,1684,1264,1185,1595,1287,1266,1384,1620,1519,1157,1321,1188,1538,1248,1065,1755,1334,1603,1265,1541,1118,1184,1044,1180,1182,1352,1596,1391,1464,1410,1061,1488,1363,1452,1535,1252,1647,1342,1072,1429,1095,1067,1093,1315,1344,1538,1394,1508,1271,1298,1290,1176,1308,1388,1171,1362,1377,1535,1128,1055,1181,1300,1283,1192,1220
75,56,True,1466,1521,1144,1229,1166,1119,1238,1313,1549,1614,1724,1357,1241,1645,1209,1515,1346,1244,1283,1786,1212,1277,1161,1465,1521,1477,1116,1372,1576,1229,1141,1210,1183,1251,1426,1309,1082,1435,1476,1302,1256,1125,1448,1204,1413,1277,1469,1352,1266,1139,1132,1192,1242,1182,1126,1373,1384,1196,1748,1203,1274,1333,1248,1253,1174,1340,1457,1334,1469,1214,1206,1290,1318,1196,1136,1067,1423
75,56,True,1285,1320,1288,1251,1137,1535,1215,1135,1288,1274,1781,1341,1594,1274,1287,1357,1278,1046,1007,1253,1433,1156,1218,1512,1484,1296,1178,1183,1307,1152,1157,1214,1362,1355,1256,1417,1226,1276,1158,1300,1390,1550,1595,1185,1298,1209,1321,1078,1057,1198,1574,1373,1288,1252,1069,1160,1112,1132,1262,1194,1586,1290,1297,1343,1254,1066,1074,1094,1228,1193,1606,1573,1255,1170,1202,1195,1365
75,56,True,1514,1226,1130,1305,1212,1213,1250,1362,1279,1618,1525,1626,1341,1206,1586,1251,1259,905,1477,1528,1515,1304,1157,1269,1489,1167,1152,1186,1165,1714,1535,1433,1472,1427,1390,1490,1123,1227,1475,1582,1419,1472,1047,1267,1165,1567,1247,1147,1082,1204,1478,1083,1122,1357,1130,1210,1482,1489,1283,1437,1393,1334,1380,1433,1434,1068,1179,1236,1427,1535,1210,1256,1190,1152,1173,1062,1313
75,56,True,1402,1119,1170,1305,1182,1228,1282,1362,1776,1780,1574,1210,1292,1614,1202,1300,1452,1500,1581,1624,1246,1188,1274,1091,1157,1132,1088,1535,1452,1210,1232,1605,1421,1246,1225,1361,1480,1345,1391,1344,1222,1459,1220,1220,1260,1269,1374,1269,1411,1476,1158,1270,1336,1147,1437,1205,1536,1444,1611,1596,1173,1450,1057,1357,1177,1238,1200,1569,1422,1214,1337,1137,1317,1396,1493,1118,1193
75,56,True,1182,1326,1598,1318,1582,1237,1245,1060,1278,1266,1165,1396,1301,1335,1268,1325,1245,1000,1168,1468,1466,1225,1278,1366,1137,1221,1242,1183,1168,1148,1392,1243,1321,1176,1444,1171,1234,1254,1446,1508,1425,1272,1256,1118,1266,1112,1174,1275,1222,1452,1263,1377,1556,1090,1202,1358,1294,1100,1176,1475,1350,1186,1293,1382,1462,1397,1397,1290,1197,1378,1384,1488,1488,1253,1025,1374,1104
75,56,True,1163,1137,1285,1233,1226,1147,1404,1198,1508,1274,1215,1154,1338,1274,1213,1252,1235,1357,1558,1530,1182,1239,1291,1505,1392,1189,1430,1469,1611,1535,1057,1210,1266,1314,1446,1417,1187,1554,1275,1613,1132,1493,1283,1313,1259,1291,1331,1420,1418,1154,1449,1107,1320,1109,1418,1225,1234,1417,1345,1118,1207,1077,1459,1177,1530,1148,1363,1251,1556,1184,1173,1058,1195,1229,1201,1221,1266
75,56,True,1137,1222,1266,1489,1041,1486,1264,1201,1292,1203,1229,1554,1183,1468,1400,1262,1626,1387,1424,1216,1524,1114,1314,1259,1318,1157,1144,1369,1483,1373,1343,1352,1535,1537,1405,1262,1290,1290,1424,1546,1156,1507,1113,1197,1348,1152,1254,1130,1140,1397,1249,1040,1064,1267,1144,1592,1337,1470,1444,1274,1473,1537,1049,1529,1382,1206,1268,1433,1557,1238,1458,1266,1261,1278,1090,1376,1221
75,56,True,1652,1156,1008,1163,1202,1264,1261,1307,1592,1177,1137,1156,1180,1256,1458,1395,1219,855,1249,1488,1470,1476,1118,1229,1198,1212,1480,1261,1531,1649,1344,1524,1209,1134,1244,1314,1111,1574,1309,1658,1535,1387,1164,1426,1438,1384,1535,1286,1252,1315,1193,1176,1146,1108,1306,1466,1509,1126,1544,1297,1347,1359,1402,1317,1393,1067,1422,1257,1498,1235,1535,1188,1434,1130,1123,1354,1221
75,56,True,1155,1542,1140,1252,1169,1150,1280,1547,1276,1172,1185,1171,1256,1235,1246,1400,1438,1140,1240,1424,1459,1505,1192,1219,1550,1681,1219,1302,1135,1362,1174,1235,1500,1149,1320,1382,1699,1580,1321,1357,1466,1397,1261,1570,1457,1414,1446,1292,1043,1075,1169,1157,1204,1314,1560,1408,1299,1449,1393,1416,1486,1382,1270,1259,1354,1482,1519,1254,1285,1257,1224,1346,1140,1161,1257,1451,1307
75,56,True,1306,1456,1326,1116,1538,1609,1136,1255,1171,1637,1427,1774,1266,1393,1172,1269,1232,1276,1466,1071,1128,1162,1369,1310,1368,1225,1309,1145,1273,1377,1450,1515,1161,1101,1478,1468,1073,1237,1381,1331,1445,1412,1141,1288,1331,1125,1484,1238,1162,1523,1618,1350,1339,1142,1364,1140,1198,1194,1494,1134,1672,1510,1096,1240,1135,1204,1171,1212,1260,1362,1203,1323,1044,1185,1460,1369,1136
75,56,True,1105,1104,1126,1434,1248,1284,1369,1121,1117,1245,1152,1673,1302,1468,1826,1537,1276,982,1463,1108,1137,1116,1153,1214,1694,1540,1345,1062,1220,1254,1545,1240,1638,1251,1363,1465,1082,1169,1122,1148,1390,1363,1440,1552,1715,1222,1355,1162,1251,1381,1469,1141,1274,1262,1273,1248,1203,1232,1058,1179,1396,1220,1342,1440,1322,1430,1077,1346,1172,1181,1427,1068,1238,1697,1361,1110,1382
75,56,True,1169,1216,1312,1582,1453,1121,1587,1092,1145,1229,1435,1337,1713,1828,1480,1473,1350,1019,1211,1473,1354,1266,1408,1460,1249,1305,1442,1314,1134,1162,1369,1685,1224,1419,1243,1582,1222,1136,1542,1406,1298,1702,1312,1262,1256,1350,1240,1118,1277,1179,1264,1626,1342,1306,1061,1425,1171,1477,1403,1229,1099,1494,1614,1412,1480,1057,1318,1152,1290,1528,1494,1357,1597,1490,1309,1117,1066
75,56,True,1257,1301,1358,1321,1235,1579,1137,1564,1236,1204,1427,1310,1714,1405,1494,1338,1242,1184,970,1093,1686,1753,1664,1237,1321,1166,1507,1596,1278,1187,1573,1475,1322,1502,1510,1365,1510,1446,1163,1150,1261,1293,1222,1240,1476,1242,1381,1310,1169,1332,1374,1302,1591,1386,1246,1570,1272,1342,1270,1492,1225,1157,1204,1293,1044,1396,1261,1220,1340,1120,1566,1126,1310,1122,1251,1099,1105
75,56,True,1184,1128,1254,1244,1354,1243,1253,1517,1243,1158,1406,1285,1187,1326,1568,1824,1428,1302,1001,982,1285,1138,1077,1272,1542,1522,1041,1470,1497,1467,1290,1128,1354,1585,1574,1434,1250,1214,1388,1203,1163,1242,1161,1738,1368,1178,1106,1193,1278,1164,1193,1441,1292,1560,1634,1317,1235,1062,1275,1053,1109,1064,1125,1344,1533,1501,1058,1142,1353,1492,1174,1149,1176,1514,1568,1468,1466
75,56,True,1178,1308,1366,1893,1244,1141,1149,1178,1230,1545,1198,1701,1819,1830,1227,1283,1240,958,1429,1076,1094,1133,1214,1297,1264,1289,1225,1540,1454,1242,1380,1523,1254,1290,1329,1339,1046,1282,1269,1605,1381,1149,1310,1546,1256,1310,1160,1116,1344,1071,1424,1221,1350,1474,1374,1190,1417,1125,1052,1168,1243,1212,1337,1300,1391,1099,1082,1273,1264,1187,1221,1283,1299,1339,1390,1219,1243
75,56,True,1548,1141,1262,1238,1201,1430,1192,1389,1445,1226,1146,1571,1251,1270,1241,1310,1549,1594,1315,1264,1514,1145,1284,1096,1162,1243,1082,1535,1472,1535,1161,1280,1219,1530,1318,1478,1258,1549,1502,1335,1157,1210,1195,1324,1412,1233,1341,1097,1538,1570,1350,1142,1072,1065,1450,1297,1457,1681,1272,1265,1171,1202,1185,1326,1440,1114,1620,1408,1278,1322,1185,1218,1299,1484,1156,1300,1533
75,56,True,1229,1537,1162,1207,1098,1284,1240,1227,1197,1600,1179,1454,1520,1352,1217,1507,1357,1315,1440,1225,1164,1530,1720,1171,1142,1502,1046,1242,1603,1467,1562,1281,1649,1354,1429,1156,1085,1439,1298,1145,1456,1526,1489,1317,1296,1237,1110,1192,1108,1204,1514,1428,1084,1325,1101,1318,1200,1306,1528,1237,1611,1494,1510,1338,1444,1152,1338,1288,1155,1384,1507,1369,1254,1412,1226,1516,1124
75,56,True,1256,1171,1505,1202,1354,1465,1180,1235,1416,1252,1860,1459,1365,1387,1221,1659,1310,980,1156,1122,1342,1539,1477,1414,1089,1337,1045,1387,1557,1419,1487,1212,1282,1209,1202,1124,1106,1473,1473,1300,1541,1228,1461,1135,1296,1460,1114,1481,1230,1444,1530,1113,1259,1470,1168,1449,1248,1231,1369,1306,1522,1189,1363,1431,1064,1149,1189,1160,1686,1341,1450,1183,1285,1091,1236,1210,1046
75,56,True,1234,1283,1333,1073,1038,1284,1124,1205,1225,1219,1184,1417,1413,1262,1202,1320,1555,990,1403,1117,1629,1386,1413,1301,1147,1286,1531,1360,1348,1102,1627,1257,1394,1248,1266,1527,1148,1443,1560,1561,1608,1386,1516,1349,1340,1150,1586,1187,1242,1306,1680,1263,1243,1109,1097,1384,1328,1296,1282,1646,1833,1680,1397,1258,1275,1470,1440,1264,1150,1384,1634,1299,1148,1249,1229,1228,1130
75,56,True,1193,1210,1250,1602,1232,1613,1245,1132,1237,1242,1290,1243,1142,1601,1226,1411,1265,1174,1243,1081,1068,1564,1073,1444,1320,1333,1152,1195,1194,1531,1266,1242,1516,1565,1817,1401,1134,1518,1402,1173,1218,1223,1265,1245,1544,1217,1130,1225,1454,1093,1203,1324,1232,1445,1418,1302,1142,1171,1233,1155,1485,1678,1376,1754,1237,1160,1227,1094,1102,1061,1219,1212,1139,1373,1344,1422,1304
75,56,True,1164,1114,1535,1276,1270,1593,1658,1121,1177,1516,1260,1171,1474,1195,1258,1330,1275,965,1457,1076,1151,1250,1531,1469,1537,1123,1078,1219,1220,1233,1380,1677,1640,1725,1228,1275,1391,1143,1428,1219,1516,1162,1522,1305,1314,1290,1508,1300,1270,1251,1331,1149,1624,1269,1180,1120,1370,1102,1478,1443,1167,1266,1277,1427,1141,1309,1059,1370,1275,1501,1229,1246,1586,1455,1358,1144,1429
75,56,True,1129,1204,1209,1262,1161,1144,1498,1360,1275,1690,1148,1195,1169,1208,1458,1314,1326,1540,1245,1422,1060,1214,1166,1298,1174,1377,1453,1443,1280,1241,1409,1225,1315,1310,1442,1371,1552,1434,1157,1261,1345,1257,1065,1268,1253,1620,1753,1285,1085,1213,1470,1137,1083,1103,1277,1335,1438,1204,1092,1106,1121,1272,1454,1202,1165,1239,1420,1525,1156,1426,1369,1075,1269,1284,1496,1550,1176
75,56,True,1203,1529,1299,1234,1227,1221,1224,1154,1688,1294,1313,1502,1553,1641,1566,1301,1512,1396,1445,1474,1789,1721,1677,1311,1359,1468,1060,1348,1393,1448,1434,1486,1364,1292,1464,1208,1217,1418,1300,1291,1347,1232,1441,1443,1323,1244,1256,1426,1496,1329,1269,1323,1376,1347,1069,1452,1186,1092,1424,1570,1220,1334,1142,1227,1323,1251,1176,1162,1073,1222,1238,1441,1185,1148,1403,1081,1325
75,56,True,0,0,0,0,0,0,0,0,0,0,0,0,0,0,0,0,0,0,0,0,0,0,0,0,0,0,0,0,0,0,0,0,0,0,0,0,0,0,0,0,0,0,0,0,0,0,0,0,0,0,0,0,0,0,0,0,0,0,0,0,0,0,0,0,0,0,0,0,0,0,0,0,0,0,0,0,0,0,0
75,56,True,0,0,0,0,0,0,0,0,0,0,0,0,0,0,0,0,0,0,0,0,0,0,0,0,0,0,0,0,0,0,0,0,0,0,0,0,0,0,0,0,0,0,0,0,0,0,0,0,0,0,0,0,0,0,0,0,0,0,0,0,0,0,0,0,0,0,0,0,0,0,0,0,0,0,0,0,0,0,0
75,56,True,1574,1345,1390,1187,1146,1141,1243,1184,1134,1144,1378,1403,1354,1535,1241,1535,1224,1003,1032,1190,1751,1454,1486,1344,1398,1126,1082,1326,1341,1378,1606,1259,1182,1186,1331,1347,1076,1259,1217,1247,1840,1489,1305,1218,1162,1506,1179,1445,1280,1329,1602,1458,1488,1165,1098,1548,1550,1364,1485,1516,1614,1468,1216,1130,1443,1076,1283,1307,1301,1533,1535,1524,1064,1298,1241,1395,1377
75,56,True,1729,1192,1214,1208,1152,1573,1294,1219,1401,1826,1652,1410,1345,1269,1348,1535,1209,1349,1614,1418,1631,1148,1154,1196,1219,1159,1144,1566,1664,1346,1132,1272,1240,1301,1310,1180,1086,1365,1633,1385,1569,1192,1087,1438,1358,1234,1136,1209,1528,1782,1457,1219,1204,1226,1269,1220,1119,1659,1323,1444,1448,1296,1153,1170,1243,1077,1192,1536,1601,1280,1227,1068,1244,1053,1220,1229,1306
75,56,False,1257,1294,1325,1436,1249,1155,1206,1249,1165,1178,1293,1261,1290,1303,1535,1245,1472,1278,1176,1280,1095,1216,1462,1710,1230,1112,1369,1469,1459,1245,1425,1466,1443,1801,1105,1106,1138,1128,1256,1283,1333,1686,1358,1284,1501,1466,1191,1500,1169,1349,1283,1582,1462,1513,1315,1398,1202,1057,1170,1293,1167,1756,1204,1449,1328,1408,1373,1152,1486,1506,1225,1518,1500,1205,1108,1239,1126
75,56,False,1180,1116,1062,1227,1237,1535,1641,1362,1214,1285,1495,1564,1338,1248,1158,1236,1234,1273,1407,1077,1109,1131,1352,1513,1177,1153,1416,1415,1278,1373,1444,1215,1221,1523,1180,1488,1165,1145,1160,1188,1337,1379,1232,1158,1169,1214,1129,1348,1385,1389,1102,1059,1472,1393,1184,1080,1113,1213,1162,1262,1512,1144,1089,1269,1248,1267,1260,1145,1338,1206,1286,1172,1172,1164,1459,1235,1429
75,56,False,1535,1222,1163,1581,1181,1281,1537,1525,1278,1145,1637,1566,1616,1154,1283,1394,1240,1076,1040,1282,1515,1475,1462,1123,1290,1206,1250,1264,1389,1312,1487,1294,1124,1305,1491,1238,1419,1398,1286,1180,1204,1185,1349,1233,1407,1285,1411,1285,1157,1410,1272,1460,1061,1100,1488,1107,1126,1473,1160,1190,1498,1294,1413,1515,1199,1218,1270,1508,1477,1426,1125,1216,1097,1164,1316,1034,1117
75,56,False,1239,1141,1535,1438,1291,1158,1222,1173,1189,1339,1155,1300,1640,1373,1624,1309,1280,977,1045,1445,1056,1481,1166,1091,1535,1138,1274,1535,1355,1403,1037,1416,1489,1236,1221,1201,1268,1168,1115,1397,1302,1217,1150,1249,1146,1318,1137,1102,1346,1177,1247,1203,1117,1402,1037,1153,1229,1302,1227,1083,1385,1080,1218,1376,1148,1165,1075,1182,1232,1173,1301,1142,1048,1353,1131,1210,1236
75,56,False,1140,1217,1174,1138,1144,1146,1155,1634,1540,1312,1296,1168,1275,1711,1326,1447,1376,993,1390,1169,1508,1206,1069,1489,1203,1329,1043,1379,1313,1438,1157,1299,1302,1419,1230,1449,1460,1333,1350,1324,1381,1426,1466,1317,1152,1506,1131,1096,1489,1242,1168,1158,1142,1234,1408,1275,1384,1368,1212,1133,1312,1432,1248,1550,1397,1291,1504,1191,1344,1200,1288,1219,1168,1061,1380,1346,1166
75,56,False,1450,1137,1129,1120,1236,1272,1545,1144,1618,1122,1307,1188,1174,1135,1390,1344,1224,1000,979,1042,1093,1144,1220,1189,1100,1323,1139,1261,1449,1433,1275,1131,1138,1498,1119,1393,1275,1277,1476,1251,1206,1138,1072,1332,1538,1122,1133,1187,1126,1213,1112,1128,1342,1443,1257,1443,1512,1212,1485,1227,1344,1437,1154,1226,1515,1388,1192,1061,1224,1163,1065,1246,1206,1283,1323,1224,1282
75,56,False,1209,1082,1244,1131,1249,1584,1165,1531,1264,1149,1330,1291,1552,1344,1232,1573,1377,978,1240,1176,1309,1286,1141,1315,1210,1177,1357,1234,1302,1182,1138,1260,1145,1429,1419,1221,1297,1217,1217,1399,1456,1362,1145,1348,1130,1318,1129,1469,1264,1434,1077,1142,1511,1075,1237,1467,1110,1280,1410,1422,1508,1198,1332,1288,1312,1154,1230,1482,1230,1455,1256,1174,1124,1254,1135,1201,1371
75,56,False,1454,1212,1151,1331,1535,1314,1224,1067,1280,1225,1295,1664,1182,1574,1210,1715,1241,987,1033,1057,1280,1127,1042,1267,1278,1131,1404,1268,1413,1225,1433,1164,1161,1206,1430,1526,1275,1244,1234,1249,1220,1227,1153,1213,1390,1291,1184,1023,1433,1233,1150,1240,1370,1293,1044,1434,1315,1070,1361,1154,1233,1051,1039,1391,1154,1234,1168,1080,1323,1225,1120,1091,1394,1226,1238,1150,1176
75,56,False,1131,1204,1129,1089,1226,1535,1156,1193,1170,1656,1261,1165,1342,1217,1173,1245,1141,1321,1042,1197,1074,1138,1134,1125,1248,1228,1165,1267,1413,1345,1250,1155,1149,1300,1256,1166,1076,1221,1401,1534,1214,1336,1450,1294,1197,1163,1540,1337,1073,1438,1078,1477,1198,1110,1107,1422,1042,1284,1426,1149,1250,1425,1086,1285,1225,1097,1357,1325,1184,1492,1195,1316,1182,1088,1340,1262,1393
75,56,False,1177,1185,1237,1198,1161,1093,1308,1545,1126,1598,1276,1259,1355,1416,1574,1299,1398,1249,954,1228,1456,1291,1150,1250,1486,1365,1480,1347,1297,1245,1461,1248,1227,1401,1083,1549,1197,1323,1409,1163,1308,1395,1235,1415,1572,1122,1266,1204,1160,1106,1115,1153,1185,1096,1338,1286,1323,1402,1325,1082,1248,1088,1102,1306,1058,1179,1258,1372,1271,1041,1276,1185,1193,1465,1457,1275,1134
75,56,False,1428,1174,1219,1494,1174,1535,1226,1539,1119,1252,1337,1579,1296,1221,1452,1562,1414,873,1032,1217,1475,1142,1324,1174,1493,1234,1157,1216,1183,1099,1126,1141,1434,1182,1066,1162,1051,1254,1154,1160,1460,1258,1385,1192,1416,1107,1272,1129,1354,1101,1068,1091,1453,1212,1220,1468,1513,1390,1096,1169,1362,1290,1081,1125,1410,1082,1362,1028,1141,1049,1273,1100,1107,1316,1354,1086,1209
75,56,False,1165,1524,1249,1246,1530,1139,1243,1126,1540,1196,1296,1618,1684,1403,1450,1568,1246,1328,1398,1020,1147,1051,1254,1267,1317,1188,1179,1446,1192,1147,1260,1552,1221,1266,1339,1389,1124,1209,1381,1513,1145,1281,1030,1439,1342,1309,1326,1076,1154,1155,1085,1404,1283,1331,1043,1294,1211,1248,1468,1433,1475,1250,1494,1297,1412,1163,1513,1293,1186,1230,1257,1086,1277,1253,1212,1231,1184
75,56,False,1452,1046,1174,1230,1307,1268,1206,1070,1329,1290,1610,1174,1322,1386,1560,1254,1370,1310,1150,1244,1293,1541,1526,1551,1334,1114,1283,1139,1290,1167,1530,1252,1515,1160,1284,1302,1192,1227,1224,1366,1349,1184,1170,1466,1110,1202,1389,1490,1437,1298,1096,1298,1118,1486,1372,1314,1164,1119,1221,1497,1240,1096,1436,1539,1388,1118,1185,1238,1203,1075,1447,1136,1218,1363,1315,1185,1459
75,56,False,1184,1163,1508,1211,1232,1225,1592,1164,1602,1236,1137,1386,1363,1173,1216,1266,1405,1034,1022,1075,1138,1168,1144,1317,1521,1115,1398,1184,1193,1307,1568,1453,1365,1384,1388,1374,1222,1562,1302,1319,1224,1108,1064,1192,1288,1186,1276,1348,1266,1368,1229,1411,1068,1312,1064,1280,1435,1149,1244,1187,1422,1213,1248,1480,1052,1403,1250,1122,1486,1126,1291,1293,1166,1097,1443,1306,1352
75,56,False,1150,1210,1177,1153,1210,1557,1617,1140,1227,1624,1235,1196,1331,1304,1579,1489,1373,1348,1027,1249,1222,1131,1227,1369,1516,1184,1275,1499,1299,1349,1148,1260,1448,1203,1033,1291,1219,1152,1443,1379,1286,1267,1192,1304,1187,1144,1406,1345,1302,1214,1321,1470,1270,1113,1142,1188,1128,1224,1113,1337,1181,1537,1283,1668,1238,1309,1286,1308,1252,1443,1180,1389,1254,1060,1169,1333,1205
75,56,False,1211,1073,1217,1129,1231,1230,1109,1200,1252,1227,1148,1547,1269,1277,1329,1535,1222,1214,1411,1081,1501,1026,1237,1258,1173,1334,1517,1526,1510,1156,1271,1216,1455,1192,1168,1336,1332,1266,1160,1154,1473,1400,1198,1259,1448,1120,1493,1290,1485,1218,1278,1095,1148,1113,1341,1302,1104,1318,1133,1228,1248,1236,1411,1154,1412,1457,1154,1232,1500,1247,1524,1348,1156,1178,1322,1300,1212
75,56,False,1124,1222,1168,1152,1163,1212,1582,1198,1123,1554,1245,1569,1340,1502,1680,1242,1278,998,1041,1085,1476,1082,1228,1216,1318,1312,1012,1074,1568,1195,1194,1540,1277,1496,1169,1142,1184,1360,1273,1120,1515,1112,1225,1216,1188,1317,1134,1231,1285,1265,1296,1187,1177,1269,1195,1117,1110,1203,1264,1094,1384,1066,1132,1338,1086,1097,1126,1192,1398,1103,1352,1145,1150,1277,1372,1125,1366
75,56,False,1145,1203,1166,1117,1080,1346,1157,1245,1124,1393,1232,1307,1214,1271,1284,1250,1332,982,1286,1037,1106,1420,1326,1535,1176,1202,1205,1385,1317,1235,1211,1157,1124,1274,1297,1207,1219,1245,1281,1212,1442,1306,1161,1514,1418,1192,1487,1435,1036,1262,1432,1176,1053,1433,1440,1498,1265,1382,1454,1394,1373,1395,1163,1416,1508,1402,1382,1306,1208,1296,1120,1299,1264,1145,1226,1183,1171
75,56,False,1192,1132,1224,1259,1338,1235,1201,1169,1146,1267,1651,1262,1178,1156,1457,1296,1349,1260,1235,1161,1138,1214,1176,1160,1173,1339,1234,1242,1329,1230,1256,1320,1505,1502,1365,1153,1367,1478,1243,1191,1356,1195,1423,1405,1217,1188,1148,1177,1060,1129,1048,1463,1458,1130,1310,1282,1180,1234,1042,1312,1421,1059,1111,1137,1050,1383,1346,1414,1200,1291,1033,1406,1165,1235,1192,1259,1257
75,56,False,1512,1229,1158,1080,1190,1274,1246,1181,1272,1549,1600,1316,1231,1231,1674,1449,1332,969,1429,1082,1277,1153,1173,1456,1142,1214,1053,1459,1293,1317,1120,1270,1337,1241,1509,1139,1246,1302,1145,1172,1097,1242,1388,1350,1460,1315,1498,1099,1281,1159,1157,1283,1322,1298,1264,1219,1182,1308,1337,1197,1100,1237,1203,1158,1068,1158,1102,1280,1192,1283,1343,1139,1279,1189,1470,1084,1121
75,56,False,1180,1491,1150,1180,1212,1173,1085,1256,1110,1529,1305,1137,1248,1349,1225,1309,1571,985,1182,1370,1495,1330,1269,1115,1215,1274,1278,1428,1398,1376,1132,1172,1281,1393,1401,1211,1200,1269,1400,1220,1193,1483,1099,1604,1374,1475,1535,1160,1333,1345,1054,1402,1204,1152,1452,1315,1376,1289,1014,1366,1186,1199,1152,1509,1171,1490,1304,1188,1299,1091,1288,1195,1073,1277,1266,1131,1164
75,56,False,1170,1158,1261,1154,1095,1150,1224,1599,1141,1188,1193,1259,1285,1209,1162,1223,1223,1031,1230,1453,1068,1526,1308,1133,1209,1240,1421,1182,1166,1115,1139,1166,1102,1464,1217,1166,1411,1162,1252,1143,1162,1279,1090,1236,1535,1187,1310,1242,1152,1197,1192,1396,1312,1265,1300,1242,1169,1334,1164,1446,1098,1390,1084,1282,1312,1178,1401,1276,1138,1318,1194,1196,1100,1163,1115,1397,1218
75,56,False,1140,1146,1145,1176,1212,1107,1221,1187,1144,1240,1297,1145,1192,1390,1269,1278,1535,1258,1024,1427,1065,1126,1244,1195,1234,1321,1142,1122,1573,1176,1120,1147,1227,1452,1202,1203,1162,1227,1242,1283,1059,1138,1207,1425,1209,1136,1350,1417,1261,1185,1489,1501,1072,1156,1202,1353,1293,1317,1251,1182,1193,1158,1340,1155,1241,1324,1184,1275,1396,1078,1211,1203,1222,1215,1170,1257,1236
75,56,False,1152,1408,1230,1122,1224,1177,1132,1252,1141,1147,1240,1136,1211,1381,1572,1472,1334,971,1148,1069,1273,1405,1308,1185,1210,1213,1364,1437,1465,1413,1340,1160,1482,1386,1304,1216,1403,1173,1473,1131,1157,1202,1241,1561,1193,1299,1234,1129,1275,1261,1475,1080,1098,1187,1230,1505,1353,1209,1082,1242,1174,1356,1096,1077,1245,1461,1269,1275,1205,1052,1348,1272,1130,1158,1338,1154,1364
75,56,False,1147,1138,1077,1210,1166,1153,1179,1270,1617,1214,1150,1622,1264,1525,1437,1556,1401,1043,986,1210,1518,1225,1103,1220,1372,1546,1341,1291,1259,1182,1429,1209,1310,1251,1165,1475,1053,1250,1212,1451,1353,1338,1234,1344,1361,1164,1268,1283,1253,1167,1275,1353,1124,1221,1252,1386,1131,1372,1488,1139,1177,1026,1344,1514,1078,1320,1070,1448,1363,1102,1377,1101,1322,1476,1496,1405,1081
75,56,False,1171,1185,1212,1499,1187,1616,1251,1171,1293,1216,1256,1184,1275,1254,1515,1355,1368,1118,1035,1432,1115,1059,1532,1130,1170,1199,1333,1098,1187,1149,1133,1226,1437,1218,1384,1209,1482,1187,1472,1514,1422,1430,1254,1548,1521,1234,1209,1422,1128,1056,1106,1073,1162,1213,1211,1366,1123,1158,1277,1384,1100,1498,1102,1146,1492,1172,1473,1080,1110,1260,1226,1244,1150,1344,1409,1166,1347
75,56,False,1138,1184,1166,1057,1461,1566,1133,1244,1142,1561,1280,1172,1266,1277,1379,1332,1228,1106,1398,1267,1179,1118,1562,1170,1312,1488,1076,1144,1366,1410,1299,1513,1309,1218,1113,1310,1156,1142,1394,1400,1205,1220,1386,1438,1406,1155,1313,1153,1498,1142,1371,1049,1190,1174,1432,1187,1366,1289,1260,1188,1415,1090,1045,1256,1359,1088,1171,1281,1249,1211,1300,1235,1083,1110,1128,1163,1188
75,56,False,1160,1545,1242,1097,1169,1552,1182,1248,1073,1209,1222,1233,1230,1532,1460,1258,1260,1297,1027,1228,1174,1220,1348,1112,1268,1248,1225,1314,1177,1256,1140,1413,1312,1519,1086,1426,1275,1291,1507,1326,1136,1539,1165,1238,1440,1234,1491,1353,1257,1142,1251,1217,1365,1104,1212,1136,1310,1314,1467,1229,1153,1225,1315,1396,1387,1077,1270,1266,1088,1389,1422,1161,1208,1405,1154,1073,1145
75,56,False,1125,1180,1482,1181,1147,1316,1161,1254,1304,1261,1400,1154,1556,1294,1492,1580,1285,963,1141,1469,1041,1283,1553,1243,1564,1202,1066,1312,1322,1353,1458,1136,1540,1363,1242,1508,1077,1146,1408,1231,1317,1429,1467,1140,1421,1113,1403,1169,1196,1315,1328,1176,1089,1437,1238,1326,1117,1161,1061,1273,1460,1184,1105,1516,1105,1416,1423,1226,1153,1044,1436,1216,1164,1152,1304,1369,1062
75,56,False,1163,1208,1535,1166,1529,1241,1196,1297,1228,1123,1280,1258,1187,1348,1284,1281,1292,1237,1282,1089,1234,1147,1348,1253,1161,1459,1365,1317,1347,1523,1264,1334,1252,1402,1314,1268,1234,1537,1257,1198,1204,1127,1469,1483,1221,1228,1355,1313,1344,1110,1315,1266,1113,1480,1397,1117,1188,1137,1265,1104,1505,1088,1099,1264,1107,1217,1275,1396,1250,1309,1317,1025,1224,1113,1017,1460,1312
75,56,False,1141,1529,1212,1230,1192,1157,1130,1164,1187,1568,1221,1163,1265,1332,1187,1485,1357,1065,960,1050,1102,1141,1462,1328,1307,1153,1004,1361,1377,1419,1413,1224,1388,1154,1406,1488,1268,1402,1157,1427,1425,1121,1144,1263,1256,1209,1177,1329,1254,1366,1093,1222,1440,1168,1102,1510,1326,1225,1215,1408,1133,1497,1426,1212,1173,1180,1325,1202,1291,1142,1480,1189,1171,1122,1214,1200,1130
75,56,False,1278,1220,1220,1162,1441,1397,1578,1164,1410,1160,1622,1254,1166,1264,1232,1285,1242,1276,1436,1067,1097,1140,1533,1138,1123,1140,1192,1138,1334,1110,1118,1247,1155,1114,1489,1230,1248,1374,1208,1226,1372,1195,1219,1211,1355,1140,1209,1242,1212,1147,1426,1460,1098,1132,1022,1264,1489,1456,1517,1459,1398,1200,1448,1358,1078,1114,1243,1077,1086,1412,1118,1142,1208,1153,1144,1116,1242
75,56,False,1136,1221,1225,1238,1203,1136,1205,1230,1205,1268,1267,1256,1165,1656,1281,1578,1433,1273,1366,1081,1288,1192,1244,1346,1180,1260,1178,1380,1267,1450,1522,1326,1300,1350,1173,1420,1505,1122,1251,1305,1169,1241,1489,1266,1419,1153,1306,1076,1215,1336,1093,1366,1224,1064,1507,1444,1169,1209,1189,1238,1190,1098,1512,1354,1249,1092,1131,1054,1207,1373,1182,1050,1173,1476,1060,1214,1468
75,56,False,1321,1201,1226,1212,1532,1194,1117,1568,1228,1291,1152,1192,1193,1413,1345,1266,1244,1058,1164,1070,1241,1465,1181,1262,1102,1198,1378,1348,1322,1406,1242,1535,1289,1293,1310,1507,1227,1381,1346,1535,1136,1323,1476,1213,1348,1263,1452,1091,1371,1323,1122,1230,1402,1081,1214,1112,1301,1236,1260,1122,1309,1045,1326,1123,1402,1145,1193,1217,1120,1073,1530,1348,1251,1069,1272,1371,1037
75,56,False,1286,1348,1520,1222,1153,1491,1317,1481,1140,1510,1140,1386,1258,1204,1281,1444,1459,1234,1349,1076,1320,1273,1064,1169,1202,1490,1077,1535,1470,1169,1461,1472,1445,1237,1521,1298,1473,1177,1291,1085,1241,1164,1147,1132,1291,1456,1154,1116,1105,1423,1397,1064,1057,1150,1094,1124,1523,1224,1314,1065,1548,1212,1109,1093,1017,1246,1116,1193,1307,1057,1291,1080,1120,1235,1500,1258,1130
75,56,False,1146,1408,1130,1144,1182,1155,1560,1228,1161,1157,1222,1334,1196,1386,1574,1318,1232,978,1253,1046,1023,1210,1455,1225,1370,1248,1049,1133,1227,1464,1163,1534,1132,1213,1185,1109,1272,1400,1284,1273,1439,1178,1140,1146,1225,1173,1496,1089,1034,1041,1176,1201,1215,1348,1279,1142,1094,1203,1086,1336,1322,1275,1196,1242,1449,1357,1486,1093,1301,1168,1225,1372,1228,1201,1164,1403,1323
75,56,False,1048,1152,1152,1217,1365,1137,1600,1227,1144,1240,1535,1600,1577,1273,1472,1476,1344,1331,1262,1100,973,1204,1140,1250,1097,1092,1372,1131,1222,1152,1353,1252,1254,1136,1145,1285,1146,1544,1153,1137,1267,1242,1150,1214,1132,1190,1249,1045,1094,1125,1147,1137,1172,1056,1296,1341,1532,1250,1091,1168,1211,1168,1211,1453,1281,1097,1336,1157,1320,1068,1184,1035,1389,1157,1146,1421,1216
75,56,False,1125,1112,1112,1382,1188,1195,1174,1212,1302,1144,1308,1195,1277,1650,1185,1316,1301,997,1214,1418,1139,1326,1201,1096,1486,1142,1280,1431,1301,1419,1468,1257,1409,1094,1224,1299,1182,1220,1467,1292,1126,1400,1152,1205,1364,1186,1120,1178,1290,1066,1302,1107,1193,1176,1366,1123,1309,1501,1182,1054,1411,1378,1406,1284,1378,1450,1262,1283,1210,1172,1125,1224,1165,1200,1109,1211,1284
75,56,False,1050,1139,1208,1215,1207,1136,1261,1216,1204,1253,1598,1185,1336,1408,1221,1577,1538,955,984,1206,1022,1160,1513,1208,1100,1324,1264,1118,1522,1123,1207,1325,1444,1503,1125,1182,1157,1232,1461,1426,1378,1305,1148,1409,1536,1288,1213,1089,1315,1209,1244,1498,1154,1272,1453,1332,1329,1492,1154,1115,1477,1470,1144,1336,1390,1296,1381,1264,1382,1086,1060,1249,1113,1321,1042,1188,1265
75,56,False,1129,1184,1090,1144,1225,1238,1614,1122,1135,1305,1331,1225,1177,1205,1272,1714,1250,1096,1409,1096,1173,1011,1117,1134,1327,1457,1425,1224,1256,1126,1194,1147,1230,1342,1238,1270,1273,1363,1262,1303,1338,1210,1130,1461,1262,1485,1217,1214,1428,1095,1330,1076,1096,1122,1261,1206,1362,1426,1201,1348,1188,1414,1307,1490,1482,1070,1501,1210,1565,1104,1301,1320,1261,1210,1273,1282,1170
75,56,False,1488,1160,1248,1509,1488,1161,1098,1130,1211,1601,1284,1165,1130,1179,1556,1326,1456,964,1154,1414,1141,1170,1442,1535,1273,1488,1146,1489,1336,1377,1312,1329,1237,1268,1152,1490,1155,1243,1186,1142,1084,1342,1271,1406,1133,1403,1385,1186,1169,1241,1456,1245,1465,1131,1149,1186,1076,1075,1125,1266,1211,1348,1057,1500,1167,1071,1274,1113,1466,1299,1210,1376,1137,1191,1183,1171,1284
75,56,False,1208,1534,1162,1228,1225,1209,1254,1307,1643,1165,1262,1170,1333,1277,1436,1249,1272,1045,1034,1171,1283,1152,1473,1257,1098,1250,1258,1165,1544,1130,1189,1370,1345,1094,1253,1212,1349,1469,1112,1387,1276,1568,1158,1472,1126,1310,1274,1402,1249,1175,1075,1068,1298,1194,1140,1392,1087,1258,1427,1424,1196,1280,1273,1464,1206,1057,1313,1405,1111,1178,1435,1257,1150,1352,1438,1394,1081
75,56,False,1180,1118,1238,1105,1156,1185,1169,1312,1187,1158,1164,1242,1577,1225,1460,1479,1230,995,1010,1106,1100,1336,1443,1171,1189,1489,1041,1262,1369,1115,1320,1179,1281,1178,1122,1174,1352,1399,1150,1352,1170,1216,1336,1106,1535,1281,1186,1292,1406,1367,1122,1389,1120,1253,1466,1140,1224,1133,1050,1210,1532,1313,1219,1109,1252,1134,1313,1320,1183,1424,1228,1275,1259,1331,1209,1082,1082
75,56,False,1214,1141,1140,1194,1251,1552,1449,1272,1149,1577,1535,1628,1148,1261,1180,1490,1272,1264,1016,1069,1098,1332,1441,1166,1461,1291,1408,1218,1044,1490,1392,1540,1282,1313,1264,1261,1428,1158,1112,1101,1042,1421,1071,1212,1451,1147,1449,1186,1122,1176,1061,1268,1332,1363,1425,1196,1432,1133,1259,1395,1127,1318,1091,1141,1041,1357,1133,1200,1259,1103,1172,1248,1161,1076,1141,1286,1059
75,56,False,1094,1214,1166,1546,1129,1206,1184,1140,1547,1244,1546,1257,1348,1284,1176,1573,1293,1326,982,1076,1139,1137,1336,1548,1184,1192,1397,1147,1171,1491,1176,1202,1213,1144,1285,1341,1466,1165,1305,1277,1248,1535,1053,1371,1142,1254,1328,1136,1347,1096,1186,1147,1308,1066,1162,1116,1304,1479,1120,1092,1197,1176,1426,1288,1461,1330,1254,1182,1510,1188,1300,1121,1358,1090,1480,1225,1265
75,56,False,1181,1096,1232,1522,1174,1236,1378,1374,1290,1140,1328,1237,1286,1656,1178,1496,1235,1279,1190,1264,1052,1090,1317,1513,1137,1352,1283,1401,1296,1382,1272,1357,1364,1516,1146,1147,1081,1442,1165,1123,1280,1152,1104,1358,1212,1165,1422,1240,1102,1118,1278,1133,1470,1100,1129,1339,1435,1061,1297,1331,1070,1121,1155,1309,1220,1293,1520,1222,1266,1220,1172,1191,1082,1401,1169,1082,1222
75,56,False,1428,1052,1137,1138,1088,1476,1253,1535,1228,1251,1177,1146,1185,1234,1229,1539,1242,1153,1354,1193,1117,1458,1314,1386,1104,1352,1298,1334,1149,1366,1324,1412,1272,1357,1182,1156,1440,1157,1250,1212,1339,1177,1196,1210,1296,1205,1323,1483,1083,1250,1090,1073,1302,1496,1253,1324,1374,1074,1378,1277,1222,1163,1209,1400,1264,1433,1497,1275,1473,1162,1163,1381,1286,1459,1080,1241,1110
75,56,False,1488,1131,1460,1243,1305,1104,1190,1622,1268,1142,1269,1441,1675,1572,1284,1535,1325,1060,1181,1171,1079,1233,1080,1192,1298,1101,1432,1325,1318,1155,1464,1437,1276,1462,1180,1155,1512,1365,1539,1214,1176,1123,1203,1258,1160,1126,1216,1185,1470,1296,1057,1233,1222,1333,1217,1492,1146,1249,1429,1176,1130,1236,1067,1184,1080,1473,1310,1206,1535,1232,1157,1409,1339,1061,1080,1334,1253
75,56,False,1130,1168,1217,1220,1200,1229,1641,1659,1112,1176,1276,1161,1553,1288,1182,1318,1349,1033,1212,1435,1107,1032,1055,1138,1464,1138,1047,1252,1317,1158,1350,1213,1376,1160,1395,1378,1320,1229,1537,1338,1389,1548,1355,1236,1364,1435,1313,1263,1093,1266,1131,1426,1075,1285,1120,1380,1323,1462,1306,1080,1213,1129,1060,1233,1169,1401,1267,1077,1272,1313,1196,1162,1221,1071,1067,1164,1358
75,56,False,1082,1227,1154,1144,1142,1155,1232,1122,1553,1257,1161,1434,1314,1317,1224,1545,1265,986,1021,1102,1530,1126,1203,1230,1213,1246,1133,1131,1471,1329,1242,1426,1308,1204,1090,1226,1089,1200,1161,1162,1141,1265,1186,1373,1167,1356,1421,1388,1086,1224,1504,1152,1051,1382,1185,1133,1105,1513,1153,1297,1170,1121,1105,1426,1032,1350,1102,1347,1328,1053,1072,1312,1285,1043,1403,1152,1160
75,56,False,1185,1088,1552,1137,1173,1501,1210,1112,1540,1169,1500,1156,1250,1307,1250,1288,1264,1086,1215,1276,1106,1180,1340,1129,1329,1548,1084,1341,1425,1318,1211,1080,1301,1398,1080,1414,1237,1187,1394,1132,1218,1546,1292,1210,1292,1144,1386,1459,1155,1471,1113,1205,1114,1195,1467,1467,1155,1082,1123,1347,1436,1402,1112,1217,1117,1443,1224,1417,1535,1024,1236,1163,1245,1258,1252,1109,1370
75,56,False,1145,1188,1269,1330,1214,1162,1312,1262,1212,1261,1408,1148,1612,1260,1434,1313,1231,998,1046,1222,1241,1110,1134,1178,1507,1137,1052,1486,1377,1272,1340,1363,1373,1302,1343,1421,1351,1296,1163,1439,1145,1152,1433,1359,1483,1106,1273,1156,1369,1267,1077,1125,1188,1225,1051,1310,1374,1242,1229,1385,1395,1324,1275,1240,1156,1240,1434,1097,1238,1156,1192,1203,1220,1138,1237,1401,1331
75,56,False,1140,1198,1142,1206,1338,1589,1268,1212,1606,1245,1281,1270,1330,1601,1158,1510,1264,1092,984,1059,1069,1260,1264,1136,1120,1128,1408,1138,1342,1418,1297,1213,1432,1166,1232,1503,1349,1113,1141,1052,1374,1217,1088,1171,1485,1339,1157,1136,1363,1278,1313,1309,1157,1139,1215,1392,1329,1226,1163,1330,1238,1323,1349,1249,1315,1453,1421,1417,1307,1066,1344,1226,1248,1282,1440,1106,1144
75,56,False,1209,1139,1161,1218,1232,1179,1598,1258,1195,1210,1232,1579,1204,1408,1376,1247,1328,1136,1217,1205,1508,1148,1112,1123,1194,1537,1230,1107,1467,1391,1485,1308,1201,1180,1104,1280,1326,1177,1148,1119,1163,1237,1430,1182,1253,1133,1198,1110,1137,1448,1139,1485,1057,1182,1080,1168,1555,1401,1088,1374,1516,1417,1156,1568,1353,1214,1146,1152,1424,1120,1324,1304,1033,1206,1218,1097,1206
75,56,False,1165,1194,1138,1207,1522,1117,1564,1146,1202,1211,1148,1515,1248,1196,1245,1326,1432,978,1188,1383,1098,1489,1428,1153,1121,1192,1429,1163,1192,1201,1606,1229,1127,1239,1292,1498,1115,1256,1104,1227,1180,1361,1265,1224,1253,1316,1173,1070,1104,1052,1313,1359,1110,1108,1248,1313,1236,1038,1081,1338,1219,1238,1141,1344,1104,1246,1316,1277,1486,1365,1281,1326,1376,1206,1269,1123,1388
75,56,False,1478,1133,1145,1152,1101,1228,1182,1573,1264,1390,1133,1280,1184,1356,1278,1428,1401,1281,1048,1199,1325,1122,1144,1178,1535,1132,1056,1220,1163,1195,1225,1446,1352,1254,1387,1378,1288,1147,1213,1136,1289,1108,1157,1170,1246,1354,1318,1471,1180,1122,1133,1116,1282,1349,1318,1180,1276,1094,1488,1516,1465,1119,1301,1548,1160,1414,1519,1105,1282,1276,1110,1289,1022,1355,1107,1337,1004
75,56,False,1145,1141,1185,1212,1189,1152,1195,1248,1280,1187,1545,1238,1246,1258,1436,1328,1235,981,1137,1092,1064,1064,1132,1198,1276,1385,1326,1223,1198,1253,1344,1202,1401,1133,1401,1255,1123,1468,1468,1252,1421,1280,1101,1233,1422,1350,1171,1417,1309,1259,1090,1176,1053,1265,1121,1314,1427,1219,1069,1081,1094,1184,1278,1104,1040,1074,1321,1510,1494,1150,1199,1258,1102,1339,1319,1074,1197
75,56,False,1212,1144,1464,1136,1236,1220,1219,1123,1288,1206,1172,1234,1277,1379,1307,1234,1328,1266,1025,1081,1094,1286,1243,1129,1137,1138,1390,1112,1457,1146,1535,1336,1286,1188,1300,1147,1202,1412,1164,1238,1160,1457,1065,1116,1499,1177,1493,1198,1076,1086,1268,1067,1090,1162,1191,1169,1149,1273,1120,1536,1323,1194,1115,1437,1118,1053,1285,1328,1334,1216,1278,1195,1234,1093,1366,1140,1213
75,56,False,1138,1485,1177,1508,1169,1188,1187,1136,1302,1171,1139,1261,1168,1296,1421,1308,1229,1100,1197,1256,1029,1261,1207,1138,1243,1230,1292,1214,1262,1213,1316,1233,1210,1237,1153,1314,1525,1206,1301,1127,1234,1278,1147,1537,1216,1259,1281,1076,1342,1323,1144,1486,1296,1147,1147,1177,1533,1198,1202,1291,1481,1045,1071,1350,1501,1182,1077,1204,1341,1459,1464,1141,1337,1085,1277,1238,1307
75,56,False,1162,1180,1156,1507,1214,1589,1190,1075,1121,1248,1129,1537,1211,1661,1184,1252,1243,1261,1244,1029,1300,1281,1123,1187,1261,1485,1276,1531,1321,1240,1332,1322,1508,1228,1437,1217,1064,1378,1173,1114,1250,1224,1114,1444,1549,1341,1283,1076,1181,1273,1337,1426,1056,1505,1347,1160,1182,1498,1259,1277,1227,1376,1058,1296,1332,1248,1257,1114,1499,1219,1152,1208,1104,1099,1073,1138,1193
75,56,False,1122,1197,1201,1156,1234,1183,1228,1408,1106,1268,1164,1364,1197,1352,1228,1294,1294,1033,964,1411,1126,1233,1536,1130,1114,1212,1173,1324,1475,1554,1165,1074,1449,1336,1132,1133,1097,1189,1451,1294,1169,1498,1114,1190,1486,1504,1281,1132,1419,1165,1464,1104,1069,1059,1292,1557,1406,1168,1122,1227,1289,1388,1228,1089,1082,1174,1380,1073,1253,1345,1147,1312,1117,1288,1105,1190,1171
75,56,False,1298,1082,1155,1168,1177,1131,1321,1248,1197,1244,1553,1156,1336,1269,1178,1296,1350,1322,1384,1088,1284,1421,1164,1275,1514,1123,1144,1428,1272,1180,1224,1310,1314,1140,1026,1264,1224,1448,1236,1494,1175,1203,1403,1258,1440,1188,1102,1168,1472,1142,1272,1073,1208,1034,1520,1545,1173,1050,1112,1448,1322,1327,1072,1453,1213,1121,1046,1072,1323,1308,1333,1027,1173,1168,1427,1382,1299
75,56,False,1146,1149,1146,1074,1202,1517,1234,1208,1198,1251,1417,1250,1374,1210,1574,1574,1548,1253,1363,1070,1258,1026,1476,1264,1195,1315,1073,1381,1556,1285,1166,1193,1526,1145,1134,1441,1503,1131,1414,1252,1493,1262,1445,1255,1169,1139,1275,1396,1253,1209,1240,1162,1428,1283,1513,1449,1104,1342,1364,1389,1496,1102,1072,1264,1220,1157,1116,1263,1317,1122,1465,1232,1122,1464,1080,1379,1190
75,56,False,1164,1483,1107,1214,1098,1267,1200,1181,1189,1264,1561,1193,1353,1248,1466,1251,1282,1044,1032,1161,1109,1041,1282,1318,1140,1513,1222,1316,1444,1130,1124,1404,1124,1250,1432,1149,1088,1217,1210,1326,1205,1324,1130,1434,1201,1286,1132,1297,1131,1103,1224,1307,1028,1130,1132,1176,1389,1146,1215,1122,1521,1232,1246,1091,1137,1084,1449,1164,1224,1108,1478,1099,1251,1208,1234,1068,1405
75,56,False,1219,1221,1216,1308,1132,1291,1204,1240,1186,1266,1243,1250,1156,1347,1211,1249,1229,1124,1236,1109,1068,1545,1370,1108,1124,1147,1499,1373,1559,1222,1237,1224,1087,1154,1184,1197,1340,1165,1285,1269,1493,1518,1394,1180,1145,1405,1402,1265,1099,1325,1160,1072,1061,1138,1084,1422,1162,1483,1252,1036,1259,1083,1232,1161,1063,1399,1108,1093,1149,1448,1285,1158,1210,1064,1088,1278,1213
75,56,False,1120,1115,1049,1171,1214,1544,1072,1060,1579,1533,1661,1270,1181,1250,1267,1361,1314,981,1204,1489,1292,1224,1163,1124,1334,1326,1322,1153,1072,1428,1161,1538,1133,1218,1409,1366,1075,1472,1213,1400,1454,1224,1329,1312,1520,1345,1282,1101,1198,1184,1470,1268,1066,1152,1344,1503,1125,1498,1142,1253,1298,1226,1050,1610,1297,1111,1051,1454,1274,1098,1172,1200,1166,1115,1147,1221,1169
75,56,False,1367,1150,1275,1210,1124,1246,1337,1537,1180,1632,1242,1167,1318,1168,1209,1483,1242,1236,1365,1076,1170,1530,1515,1149,1328,1483,1411,1249,1426,1331,1472,1136,1094,1405,1531,1206,1216,1570,1411,1267,1572,1539,1062,1324,1253,1387,1242,1303,1476,1123,1024,1083,1280,1057,1407,1448,1127,1286,1234,1233,1124,1189,1225,1357,1297,1198,1306,1365,1234,1333,1350,1196,1194,1153,1088,1164,1318
75,56,False,1513,1097,1535,1235,1161,1293,1236,1258,1277,1588,1171,1309,1467,1203,1333,1474,1533,1210,1402,1072,1274,1361,1073,1180,1269,1244,1091,1235,1173,1309,1304,1420,1349,1269,1544,1243,1467,1145,1144,1173,1404,1333,1434,1305,1342,1196,1161,1292,1218,1205,1197,1204,1109,1077,1216,1378,1099,1195,1419,1413,1523,1380,1250,1236,1246,1044,1260,1396,1171,1085,1204,1190,1325,1390,1158,1200,1035
75,56,False,1152,1112,1232,1118,1395,1268,1536,1109,1228,1129,1304,1131,1149,1275,1291,1307,1237,902,972,1066,1502,1123,1301,1338,1535,1522,1392,1121,1434,1221,1270,1240,1263,1213,1459,1137,1198,1233,1244,1342,1535,1132,1299,1397,1199,1188,1240,1161,1195,1208,1205,1468,1366,1266,1207,1347,1283,1238,1382,1224,1581,1168,1228,1338,1040,1296,1191,1411,1226,1403,1235,1189,1101,1066,1411,1312,1224
75,56,False,1482,1135,1214,1236,1235,1193,1152,1385,1243,1260,1173,1648,1608,1294,1184,1490,1222,980,1040,1085,1044,1531,1158,1178,1202,1519,1262,1259,1389,1110,1381,1338,1182,1222,1202,1154,1269,1170,1128,1353,1564,1227,1075,1336,1300,1410,1222,1147,1310,1203,1234,1065,1139,1241,1145,1130,1202,1389,1420,1442,1133,1331,1079,1256,1364,1244,1089,1112,1246,1165,1258,1115,1382,1186,1133,1155,1033
75,56,False,1173,1137,1119,1115,1145,1187,1113,1589,1245,1135,1222,1240,1293,1313,1184,1374,1248,997,1053,1437,1019,1535,1163,1338,1213,1210,1041,1153,1392,1264,1306,1123,1222,1279,1316,1244,1289,1239,1245,1249,1161,1117,1107,1200,1185,1473,1290,1469,1160,1105,1224,1320,1284,1344,1107,1116,1173,1174,1098,1161,1332,1118,1096,1137,1165,1296,1201,1141,1472,1025,1220,1432,1271,1113,1208,1241,1142
75,56,False,1185,1152,1152,1172,1253,1588,1220,1229,1198,1240,1305,1268,1209,1388,1608,1249,1425,1128,1022,1286,1519,1174,1110,1468,1298,1100,1350,1393,1105,1318,1512,1266,1318,1264,1234,1198,1280,1234,1457,1123,1137,1285,1506,1468,1256,1285,1134,1309,1051,1092,1058,1422,1197,1184,1310,1268,1145,1163,1041,1237,1296,1200,1253,1277,1081,1197,1168,1326,1192,1288,1320,1131,1237,1065,1088,1289,1160
75,56,False,1110,1208,1169,1522,1220,1220,1300,1104,1240,1082,1395,1146,1262,1611,1417,1576,1282,982,1238,1254,1037,1150,1310,1457,1169,1344,1256,1316,1228,1150,1330,1385,1270,1369,1146,1140,1416,1425,1401,1364,1218,1549,1071,1396,1188,1237,1253,1368,1288,1420,1182,1371,1226,1021,1323,1547,1134,1277,1070,1278,1315,1087,1218,1153,1163,1115,1337,1350,1178,1349,1363,1194,1461,1293,1088,1196,1066
75,56,False,1123,1085,1148,1201,1562,1219,1137,1261,1517,1626,1633,1244,1172,1536,1252,1304,1329,1312,1252,1072,1270,1137,1558,1301,1275,1479,1357,1078,1258,1526,1566,1142,1318,1161,1536,1148,1440,1535,1432,1439,1131,1486,1094,1231,1358,1416,1206,1111,1062,1178,1114,1257,1390,1091,1352,1281,1204,1286,1190,1234,1433,1064,1189,1355,1437,1181,1133,1114,1509,1291,1190,1297,1181,1116,1161,1137,1211
75,56,False,1174,1202,1124,1215,1146,1222,1600,1052,1239,1340,1189,1309,1176,1619,1284,1684,1244,1242,1420,1024,1117,1210,1346,1156,1354,1476,1402,1277,1228,1098,1272,1288,1198,1181,1529,1148,1100,1315,1147,1508,1427,1386,1161,1400,1407,1388,1214,1146,1034,1230,1197,1114,1234,1142,1363,1400,1182,1410,1276,1162,1202,1203,1378,1448,1206,1088,1176,1205,1322,1236,1171,1145,1202,1107,1033,1388,1124
75,56,False,1158,1136,1178,1242,1153,1317,1193,1560,1133,1201,1225,1155,1313,1249,1216,1270,1270,1115,1028,1261,1512,1118,1518,1318,1344,1309,1008,1465,1319,1135,1296,1088,1145,1166,1179,1241,1442,1292,1280,1340,1306,1500,1153,1371,1305,1440,1128,1313,1258,1184,1336,1429,1096,1261,1185,1425,1304,1066,1441,1304,1162,1218,1130,1201,1215,1148,1332,1374,1347,1219,1271,1124,1268,1283,1216,1241,1454
75,56,False,1168,1126,1249,1155,1114,1145,1188,1258,1140,1598,1387,1337,1326,1170,1197,1222,1296,979,981,1024,1086,1149,1263,1310,1468,1109,1505,1278,1119,1305,1354,1268,1213,1240,1135,1220,1369,1108,1546,1328,1295,1102,1217,1130,1508,1193,1525,1422,1410,1324,1190,1297,1060,1399,1268,1189,1171,1137,1452,1025,1163,1248,1202,1525,1289,1189,1323,1080,1301,1212,1208,1145,1160,1211,1280,1269,1144
75,56,False,1051,1204,1182,1228,1269,1156,1238,1187,1255,1244,1621,1167,1178,1377,1316,1240,1583,1115,1181,1116,1120,1364,1376,1163,1501,1291,1251,1322,1286,1382,1034,1228,1098,1147,1224,1240,1149,1131,1122,1130,1256,1388,1092,1462,1386,1149,1275,1142,1180,1262,1240,1269,1153,1352,1446,1535,1441,1144,1036,1182,1512,1021,1099,1101,1124,1091,1439,1336,1509,1172,1373,1312,1333,1111,1465,1169,1197
75,56,False,1233,1225,1133,1178,1184,1233,1606,1154,1245,1141,1469,1269,1336,1200,1260,1362,1277,954,1417,1106,1133,1273,1245,1129,1264,1491,1078,1311,1393,1275,1226,1117,1482,1401,1201,1202,1176,1280,1192,1136,1388,1285,1363,1468,1469,1214,1130,1162,1161,1044,1136,1249,1229,1446,1270,1274,1152,1186,1443,1361,1184,1196,1147,1200,1186,1070,1189,1109,1064,1362,1109,1250,1250,1156,1138,1160,1283
75,56,False,1197,1075,1196,1345,1140,1116,1579,1542,1573,1158,1255,1281,1646,1202,1609,1486,1285,982,1395,1444,1209,1172,1201,1304,1310,1136,1264,1291,1482,1392,1233,1261,1193,1173,1065,1453,1249,1225,1400,1260,1292,1291,1395,1371,1565,1193,1440,1252,1237,1301,1182,1432,1338,1297,1000,1144,1355,1372,1214,1160,1124,1162,1310,1399,1535,1147,1059,1325,1200,1184,1158,1065,1498,1203,1429,1100,1258
75,56,False,1149,1213,1186,1226,1224,1041,1059,1379,1488,1130,1202,1205,1250,1640,1286,1443,1336,980,1379,1354,1100,1228,1118,1340,1535,1456,1350,1273,1546,1251,1318,1252,1277,1190,1164,1468,1072,1344,1206,1395,1198,1265,1090,1590,1366,1346,1114,1082,1353,1307,1360,1094,1150,1166,1420,1197,1286,1145,1263,1273,1380,1386,1418,1300,1280,1244,1371,1308,1321,1059,1422,1205,1075,1177,1186,1282,1229
75,56,False,1147,1171,1258,1181,1135,1063,1079,1542,1198,1331,1621,1297,1660,1269,1170,1542,1228,1005,1391,1059,1226,1500,1078,1188,1516,1506,1156,1395,1581,1224,1418,1416,1210,1144,1074,1245,1313,1229,1155,1096,1390,1178,1227,1539,1316,1202,1294,1408,1273,1301,1264,1224,1292,1250,1419,1308,1261,1076,1481,1274,1093,1152,1088,1577,1333,1065,1272,1293,1535,1460,1375,1243,1139,1046,1203,1267,1168
75,56,False,1137,1177,1204,1120,1243,1103,1189,1257,1328,1316,1330,1329,1168,1387,1412,1581,1254,1294,1039,995,1494,1071,1146,1186,1202,1345,1535,1170,1198,1433,1274,1189,1221,1445,1304,1286,1226,1169,1113,1145,1329,1143,1130,1140,1225,1377,1325,1360,1107,1073,1036,1373,1318,1424,1273,1541,1475,1149,1149,1030,1420,1082,1492,1397,1344,1194,1096,1081,1252,1104,1307,1216,1393,1441,1262,1134,1182
75,56,False,1189,1096,1072,1123,1564,1264,1217,1556,1186,1197,1398,1172,1363,1386,1158,1314,1529,1324,1020,1172,1048,1144,1163,1121,1305,1229,1116,1361,1282,1497,1144,1094,1278,1282,1306,1294,1390,1412,1294,1458,1223,1345,1358,1212,1328,1200,1296,1144,1338,1442,1174,1184,1361,1250,1147,1288,1161,1491,1074,1408,1378,1195,1144,1273,1078,1290,1163,1449,1192,1253,1255,1354,1239,1256,1269,1186,1137
75,56,False,1138,1317,1297,1470,1168,1230,1171,1583,1221,1578,1297,1150,1343,1299,1174,1540,1381,1256,1061,1153,1482,1149,1298,1181,1535,1244,1036,1574,1166,1121,1305,1178,1464,1138,1461,1440,1295,1414,1420,1105,1306,1297,1468,1269,1424,1479,1270,1373,1042,1292,1155,1215,1400,1163,1058,1274,1216,1155,1414,1160,1141,1246,1166,1088,1203,1306,1321,1236,1190,1320,1326,1137,1325,1302,1092,1282,1219
75,56,False,1197,1245,1113,1231,1179,1569,1161,1276,1228,1244,1152,1298,1196,1172,1190,1299,1483,1020,970,1264,1106,1276,1537,1529,1247,1369,1338,1273,1353,1208,1314,1257,1359,1134,1348,1402,1071,1403,1464,1294,1082,1388,1353,1339,1535,1362,1099,1284,1198,1102,1283,1467,1425,1312,1417,1420,1331,1350,1430,1481,1137,1227,1144,1262,1466,1105,1076,1386,1154,1458,1392,1156,1178,1106,1372,1320,1061
75,56,False,1232,1137,1072,1529,1230,1069,1620,1139,1149,1154,1124,1144,1259,1164,1640,1334,1249,1275,1047,1441,1168,1206,1398,1454,1220,1086,1090,1179,1243,1216,1334,1401,1361,1276,1510,1530,1450,1390,1199,1268,1298,1179,1187,1101,1448,1304,1556,1280,1211,1222,1314,1237,1150,1308,1313,1213,1473,1202,1203,1230,1294,1132,1226,1337,1342,1259,1262,1066,1218,1240,1265,1054,1180,1122,1290,1302,1206
75,56,False,1109,1125,1197,1070,1235,1198,1174,1173,1148,1252,1235,1202,1370,1364,1281,1483,1535,1001,1201,1433,1109,1219,1121,1180,1288,1208,1075,1289,1284,1244,1048,1189,1579,1202,1345,1247,1299,1330,1288,1260,1403,1138,1168,1177,1314,1263,1156,1145,1356,1121,1132,1049,1057,1202,1097,1561,1402,1380,1256,1118,1485,1260,1392,1367,1120,1048,1148,1238,1181,1109,1203,1222,1189,1114,1029,1469,1336
75,56,False,1169,1136,1218,1077,1155,1149,1108,1129,1256,1256,1324,1653,1200,1624,1283,1239,1309,878,1005,1083,1109,1262,1160,1124,1146,1234,1126,1403,1331,1308,1388,1508,1322,1096,1484,1417,1206,1250,1452,1322,1135,1123,1035,1440,1226,1498,1225,1241,1074,1192,1247,1197,1441,1481,1222,1232,1132,1198,1236,1075,1426,1226,1268,1203,1017,1164,1155,1299,1196,1070,1378,1101,1093,1045,1074,1408,1082
75,56,False,1184,1128,1250,1146,1185,1245,1220,1154,1375,1208,1157,1165,1254,1380,1265,1649,1165,1267,1265,1081,1099,1103,1222,1368,1180,1222,1485,1128,1244,1243,1166,1243,1133,1557,1196,1211,1384,1337,1148,1125,1173,1220,1124,1459,1228,1403,1204,1136,1336,1237,1165,1324,1244,1058,1156,1515,1245,1210,1410,1055,1259,1140,1192,1219,1104,1056,1203,1160,1477,1071,1164,1163,1411,1140,1022,1110,1254
75,56,False,1249,1166,1525,1252,1268,1535,1139,1293,1172,1120,1502,1173,1281,1320,1309,1306,1597,1310,1427,1218,1050,1213,1360,1197,1178,1259,1300,1213,1268,1236,1276,1237,1231,1113,1353,1272,1310,1126,1233,1136,1445,1194,1088,1291,1513,1379,1227,1186,1121,1353,1086,1425,1212,1056,1296,1334,1409,1204,1290,1571,1369,1152,1374,1099,1205,1121,1305,1322,1092,1220,1168,1352,1313,1206,1286,1237,1444
75,56,False,1192,1246,1237,1167,1334,1253,1598,1186,1204,1634,1248,1148,1626,1182,1284,1365,1334,969,1076,1433,1131,1097,1112,1473,1101,1260,1490,1381,1238,1201,1318,1274,1324,1368,1429,1504,1459,1242,1435,1334,1130,1374,1220,1474,1312,1168,1258,1348,1054,1253,1134,1332,1195,1440,1467,1244,1564,1050,1248,1074,1274,1090,1106,1328,1133,1403,1210,1289,1240,1152,1299,1149,1147,1416,1176,1350,1257
75,56,False,1088,1176,1254,1533,1535,1249,1165,1130,1101,1131,1249,1606,1280,1163,1203,1259,1186,1075,1444,1262,1274,1280,1366,1166,1245,1141,1213,1491,1238,1248,1251,1456,1222,1317,1231,1182,1315,1143,1208,1430,1304,1222,1222,1473,1197,1354,1189,1080,1216,1317,1302,1337,1156,1460,1102,1355,1416,1273,1387,1075,1221,1281,1044,1490,1126,1113,1264,1313,1221,1298,1397,1206,1173,1285,1475,1116,1240
75,56,False,1555,1208,1228,1521,1164,1258,1192,1104,1243,1508,1318,1308,1627,1245,1171,1572,1524,978,1050,1290,1481,1177,1106,1431,1253,1309,1092,1132,1533,1210,1314,1332,1301,1202,1061,1296,1350,1257,1342,1427,1290,1210,1186,1389,1450,1420,1452,1130,1098,1126,1177,1115,1186,1309,1127,1216,1249,1457,1418,1214,1306,1137,1250,1307,1486,1207,1432,1019,1089,1206,1378,1109,1405,1193,1394,1133,1365
75,56,False,1091,1187,1122,1211,1502,1542,1281,1196,1130,1160,1162,1237,1581,1207,1179,1268,1390,1272,1043,1073,1265,1363,1115,1278,1273,1384,1422,1158,1247,1477,1348,1236,1137,1177,1076,1556,1157,1183,1232,1333,1180,1242,1238,1312,1140,1438,1436,1059,1050,1417,1118,1325,1317,1253,1213,1283,1377,1164,1214,1270,1129,1093,1363,1380,1535,1203,1182,1262,1261,1257,1206,1355,1262,1173,1120,1258,1179
75,56,False,1191,1192,1283,1181,1212,1608,1265,1187,1268,1276,1276,1157,1157,1354,1499,1342,1274,1341,1205,1115,1269,1152,1244,1358,1123,1387,1067,1452,1337,1364,1247,1162,1425,1140,1245,1366,1068,1178,1347,1105,1187,1160,1446,1392,1232,1320,1305,1184,1091,1158,1392,1197,1087,1334,1260,1320,1274,1287,1258,1168,1097,1108,1241,1260,1354,1517,1093,1290,1101,1440,1212,1065,1453,1114,1154,1295,1053
75,56,False,1179,1131,1278,1181,1162,1148,1153,1136,1404,1184,1136,1136,1158,1221,1668,1281,1222,1322,1022,1115,1520,1535,1145,1260,1234,1211,1037,1249,1547,1437,1243,1182,1230,1427,1180,1245,1235,1262,1156,1203,1133,1370,1189,1363,1108,1332,1358,1386,1065,1210,1171,1084,1296,1473,1032,1289,1163,1020,1266,1168,1117,1165,1208,1097,1044,1234,1158,1170,1283,1200,1193,1200,1106,1205,1148,1358,1349
75,56,False,1142,1146,1153,1093,1220,1155,1163,1154,1172,1296,1282,1572,1248,1251,1265,1506,1387,1290,1097,1212,1233,1123,1465,1125,1133,1330,1044,1452,1164,1397,1200,1204,1343,1128,1490,1245,1240,1417,1106,1379,1416,1317,1441,1137,1147,1141,1271,1131,1352,1168,1466,1129,1319,1078,1504,1232,1276,1112,1225,1408,1480,1331,1535,1240,1403,1488,1218,1244,1190,1208,1121,1130,1372,1420,1218,1110,1267
75,56,False,1152,1228,1144,1061,1204,1038,1130,1197,1168,1583,1229,1158,1338,1408,1201,1331,1231,1184,1116,1277,1113,1182,1299,1172,1290,1459,1164,1257,1190,1269,1354,1357,1123,1394,1234,1374,1370,1160,1212,1281,1346,1471,1154,1326,1535,1164,1242,1068,1474,1250,1289,1310,1126,1094,1186,1137,1130,1361,1187,1160,1134,1184,1200,1160,1134,1197,1332,1144,1101,1073,1276,1326,1215,1317,1434,1370,1275
75,56,False,1518,1333,1282,1192,1132,1171,1113,1099,1137,1238,1247,1606,1686,1261,1594,1232,1261,979,1148,1112,1021,1064,1142,1462,1088,1541,1128,1395,1513,1336,1364,1185,1133,1570,1337,1196,1419,1237,1188,1212,1292,1277,1113,1322,1435,1306,1187,1471,1222,1113,1211,1441,1035,1176,1286,1124,1397,1468,1235,1059,1449,1387,1106,1466,1344,1088,1112,1426,1182,1089,1329,1126,1160,1346,1236,1174,1121
75,56,False,1516,1216,1172,1541,1259,1274,1528,1110,1240,1115,1535,1187,1556,1256,1278,1295,1195,1292,1053,1102,1298,1224,1149,1266,1521,1126,1217,1198,1341,1339,1388,1130,1503,1257,1521,1158,1341,1261,1388,1237,1078,1224,1273,1274,1200,1492,1301,1269,1258,1198,1166,1045,1304,1242,1155,1186,1176,1345,1339,1056,1535,1403,1084,1381,1059,1334,1124,1060,1171,1338,1216,1056,1241,1173,1332,1214,1276
75,56,False,1090,1171,1452,1144,1232,1302,1265,1253,1560,1122,1362,1211,1153,1400,1592,1269,1316,1304,1408,1285,1146,1488,1136,1078,1141,1473,1061,1246,1512,1353,1328,1272,1119,1131,1077,1283,1158,1174,1317,1484,1421,1354,1071,1164,1164,1390,1539,1172,1432,1325,1322,1358,1510,1078,1101,1083,1049,1049,1378,1334,1108,1305,1187,1456,1364,1124,1108,1314,1304,1147,1185,1435,1129,1464,1146,1160,1299
75,56,False,1434,1201,1296,1027,1215,1305,1245,1579,1260,1644,1281,1182,1251,1323,1213,1535,1352,1033,1236,1160,1084,1183,1379,1139,1226,1121,1187,1249,1408,1448,1118,1272,1290,1149,1169,1120,1405,1348,1398,1442,1094,1173,1082,1486,1178,1115,1099,1261,1221,1267,1209,1116,1139,1350,1252,1308,1388,1268,1472,1148,1355,1181,1369,1152,1368,1315,1169,1361,1541,1241,1288,1219,1378,1116,1044,1194,1256
75,56,False,1533,1204,1168,1113,1124,1165,1221,1088,1102,1288,1233,1200,1232,1369,1446,1608,1296,996,963,1026,1122,1261,1163,1125,1266,1491,1248,1449,1222,1468,1163,1050,1525,1526,1483,1294,1138,1232,1118,1177,1185,1184,1360,1412,1350,1224,1487,1384,1457,1208,1232,1131,1049,1474,1066,1228,1260,1258,1062,1328,1620,1535,1059,1348,1443,1123,1276,1389,1196,1358,1221,1098,1104,1194,1156,1260,1337
75,56,False,1099,1168,1215,1217,1141,1535,1224,1188,1198,1257,1602,1209,1156,1644,1222,1483,1498,883,1040,1000,1444,1505,1312,1169,1460,1140,1024,1524,1294,1277,1281,1354,1151,1150,1124,1148,1233,1432,1330,1206,1246,1169,1224,1122,1350,1292,1287,1398,1291,1045,1437,1124,1264,1176,1182,1444,1434,1117,1204,1412,1416,1188,1330,1155,1006,1166,1089,1253,1072,1380,1296,1062,1283,1124,1114,1108,1294
75,56,False,1130,1132,1198,1365,1216,1156,1633,1262,1623,1142,1159,1184,1618,1301,1491,1556,1298,901,1163,1124,1208,1178,1130,1138,1233,1124,1078,1619,1212,1293,1166,1207,1547,1352,1533,1257,1284,1221,1400,1537,1291,1273,1433,1445,1361,1154,1235,1089,1456,1331,1094,1405,1219,1034,1470,1373,1217,1072,1227,1184,1442,1061,1329,1414,1085,1142,1371,1248,1126,1274,1382,1196,1154,1292,1230,1153,1313
75,56,False,1448,1305,1112,1217,1172,1579,1214,1560,1137,1205,1186,1309,1280,1242,1276,1364,1342,966,1213,1155,1486,1024,1258,1240,1356,1270,1128,1459,1224,1339,1154,1489,1305,1358,1134,1185,1126,1244,1307,1414,1296,1127,1066,1201,1344,1337,1106,1331,1183,1128,1131,1417,1083,1131,1328,1274,1393,1222,1067,1112,1106,1400,1533,1390,1420,1344,1535,1134,1177,1201,1339,1252,1102,1324,1208,1153,1069
75,56,False,1150,1130,1323,1207,1298,1057,1225,1100,1522,1232,1153,1245,1650,1392,1700,1360,1258,996,1249,1466,1012,1435,1116,1329,1471,1313,1196,1426,1187,1419,1627,1448,1181,1233,1113,1410,1254,1581,1186,1297,1400,1471,1333,1204,1313,1227,1304,1200,1257,1073,1325,1370,1342,1368,1028,1234,1075,1230,1064,1526,1212,1184,1059,1298,1187,1201,1290,1164,1216,1217,1052,1193,1080,1294,1360,1197,1240
75,56,False,1535,1134,1201,1115,1364,1166,1544,1158,1250,1256,1232,1165,1573,1328,1434,1529,1234,1176,945,1313,1252,1500,1153,1211,1115,1105,1308,1302,1202,1225,1448,1157,1221,1141,1267,1154,1242,1133,1297,1150,1261,1318,1152,1403,1270,1277,1254,1353,1162,1076,1290,1253,1251,1430,1358,1160,1129,1425,1078,1212,1292,1243,1165,1208,1123,1089,1170,1316,1221,1501,1343,1386,1441,1273,1445,1090,1256
75,56,False,1161,1498,1149,1535,1214,1173,1443,1118,1146,1158,1141,1333,1195,1182,1308,1358,1427,987,1232,1421,1085,1146,1342,1137,1124,1350,1012,1453,1417,1177,1204,1301,1296,1280,1300,1417,1090,1237,1254,1287,1296,1309,1124,1471,1203,1144,1226,1172,1161,1042,1376,1230,1074,1472,1174,1270,1291,1152,1369,1021,1407,1354,1184,1535,1197,1329,1486,1172,1420,1133,1338,1101,1231,1068,1309,1074,1245
75,56,False,1168,1459,1082,1216,1193,1174,1195,1298,1137,1404,1260,1165,1647,1184,1292,1334,1254,1263,1424,1468,1135,1138,1114,1091,1234,1123,1233,1352,1509,1358,1284,1379,1291,1530,1382,1132,1117,1550,1426,1302,1331,1215,1313,1301,1284,1521,1162,1073,1085,1115,1400,1194,1299,1353,1121,1260,1124,1412,1388,1172,1227,1261,1030,1077,1074,1225,1174,1057,1338,1152,1490,1165,1162,1238,1168,1208,1008
75,56,False,1513,1218,1085,1169,1059,1131,1240,1174,1138,1252,1581,1148,1305,1356,1229,1535,1557,969,1040,1189,1162,1129,1238,1124,1368,1516,987,1424,1371,1145,1102,1128,1334,1218,1282,1158,1238,1448,1157,1409,1538,1513,1144,1288,1286,1244,1476,1178,1354,1333,1248,1068,1142,1302,1213,1300,1393,1318,1050,1350,1189,1249,1089,1363,1382,1136,1440,1324,1465,1077,1092,1074,1472,1156,1423,1031,1288
75,56,False,1219,1181,1230,1153,1131,1180,1321,1200,1142,1593,1208,1168,1202,1362,1484,1471,1244,956,1018,1090,1478,1128,1258,1474,1174,1250,1124,1190,1236,1274,1321,1555,1290,1537,1086,1312,1276,1141,1236,1355,1467,1116,1054,1522,1214,1313,1346,1299,1126,1132,1132,1293,1045,1429,1126,1350,1372,1220,1238,1461,1128,1291,1193,1467,1230,1202,1340,1316,1505,1254,1325,1334,1091,1372,1323,1286,1305
75,56,False,1099,1172,1213,1216,1177,1488,1299,1308,1554,1114,1188,1252,1204,1355,1259,1699,1326,949,977,1116,1515,1537,1590,1358,1213,1291,1455,1433,1289,1282,1461,1260,1344,1384,1086,1232,1277,1222,1243,1437,1434,1382,1165,1329,1357,1236,1227,1272,1083,1134,1038,1205,1330,1161,1156,1196,1302,1190,1091,1098,1170,1262,1554,1478,1274,1220,1468,1096,1449,1258,1187,1142,1370,1134,1261,1354,1210
75,56,False,1508,1577,1147,1099,1131,1179,1144,1243,1109,1181,1253,1252,1259,1248,1553,1225,1310,898,1413,1088,1054,1246,1130,1448,1234,1315,1102,1114,1125,1100,1139,1177,1136,1291,1158,1129,1245,1368,1160,1346,1373,1129,1254,1456,1411,1194,1418,1224,1064,1394,1157,1152,1180,1249,1207,1350,1405,1317,1147,1096,1138,1166,1221,1311,1200,1229,1083,1073,1048,1198,1141,1171,1030,1082,1308,1439,1289
75,56,False,1160,1129,1513,1339,1138,1201,1234,1212,1144,1314,1258,1271,1631,1152,1514,1293,1227,989,1419,1252,1055,1030,1158,1280,1189,1177,1184,1138,1457,1291,1234,1448,1235,1235,1146,1349,1202,1278,1167,1173,1267,1166,1144,1230,1307,1397,1118,1369,1158,1310,1188,1180,1171,1098,1157,1316,1347,1280,1451,1385,1316,1173,1389,1475,1389,1395,1048,1464,1408,1030,1356,1291,1186,1154,1342,1141,1096
75,56,False,1155,1201,1268,1161,1046,1390,1196,1416,1185,1256,1222,1280,1190,1175,1462,1242,1275,1268,1058,1028,1228,1140,1253,1364,1141,1349,1470,1430,1398,1249,1169,1332,1243,1405,1102,1322,1124,1281,1205,1414,1144,1394,1276,1257,1326,1128,1422,1232,1171,1278,1208,1297,1411,1145,1178,1322,1299,1482,1055,1343,1523,1342,1136,1549,1256,1232,1344,1040,1506,1214,1174,1082,1287,1149,1214,1416,1291
75,56,False,1577,1217,1181,1540,1182,1262,1395,1288,1190,1179,1213,1268,1622,1249,1188,1554,1385,1001,1178,1072,1118,1119,1254,1292,1258,1317,1241,1160,1484,1197,1547,1191,1325,1322,1187,1116,1170,1342,1241,1254,1235,1391,1131,1285,1228,1214,1128,1316,1477,1192,1144,1129,1053,1145,1165,1139,1236,1057,1224,1049,1507,1115,1196,1513,1028,1061,1472,1192,1236,1054,1162,1468,1352,1120,1170,1161,1205
75,56,False,1197,1501,1426,1424,1228,1171,1167,1173,1281,1628,1278,1172,1492,1305,1436,1231,1235,982,1156,1196,1120,1131,1482,1362,1426,1117,1257,1533,1246,1494,1416,1380,1302,1368,1217,1259,1293,1243,1177,1266,1294,1140,1266,1272,1244,1332,1326,1098,1265,1139,1275,1451,1258,1434,1243,1354,1102,1363,1381,1226,1504,1190,1082,1372,1306,1185,1277,1330,1232,1221,1140,1402,1217,1070,1140,1180,1121
75,56,False,1493,1216,1253,1567,1178,1198,1216,1202,1108,1403,1307,1628,1196,1309,1171,1537,1361,977,1174,1280,1364,1157,1124,1174,1113,1182,1225,1291,1423,1320,1137,1488,1286,1158,1143,1405,1114,1534,1242,1232,1248,1182,1117,1295,1164,1208,1119,1272,1294,1327,1306,1168,1149,1154,1363,1242,1276,1450,1104,1165,1487,1012,1182,1342,1202,1344,1152,1105,1084,1118,1148,1068,1164,1142,1186,1136,1373
75,56,False,1165,1129,1163,1203,1171,1209,1258,1110,1296,1217,1158,1321,1258,1580,1477,1579,1470,1070,1038,1117,1101,1077,1439,1108,1282,1408,1067,1488,1328,1147,1285,1065,1137,1176,1432,1148,1220,1344,1203,1184,1188,1278,1273,1221,1535,1453,1285,1259,1057,1182,1064,1265,1316,1121,1044,1220,1126,1033,1314,1208,1265,1338,1326,1430,1470,1176,1444,1106,1114,1074,1198,1245,1392,1236,1066,1432,1425
75,56,False,1124,1107,1517,1210,1165,1133,1142,1290,1629,1210,1152,1602,1211,1377,1616,1570,1393,1030,941,1166,1190,1310,1145,1525,1149,1349,1130,1366,1248,1535,1534,1230,1112,1190,1281,1337,1155,1181,1237,1401,1143,1272,1166,1269,1173,1515,1410,1226,1046,1152,1364,1204,1378,1408,1132,1416,1171,1157,1429,1405,1350,1068,1112,1245,1107,1401,1232,1190,1425,1195,1248,1129,1154,1194,1219,1216,1221
75,56,False,1417,1177,1132,1213,1515,1133,1141,1605,1257,1190,1131,1168,1276,1306,1252,1232,1409,1049,1136,1259,1038,1364,1548,1171,1120,1113,1428,1084,1430,1322,1226,1233,1213,1205,1356,1513,1400,1280,1553,1107,1333,1123,1492,1429,1118,1315,1428,1231,1129,1279,1250,1181,1062,1210,1051,1456,1568,1090,1054,1313,1392,1334,1064,1379,1180,1302,1172,1301,1312,1155,1314,1158,1029,1189,1296,1451,1208
75,56,False,1181,1173,1140,1273,1236,1277,1048,1181,1584,1251,1254,1280,1323,1217,1249,1240,1401,1040,1003,1058,1117,1538,1124,1275,1535,1189,1172,1201,1398,1220,1237,1200,1209,1433,1077,1168,1434,1275,1097,1525,1432,1269,1307,1400,1419,1252,1192,1091,1056,1268,1168,1187,1150,1507,1352,1524,1078,1301,1072,1187,1146,1284,1049,1299,1218,1306,1253,1064,1214,1152,1283,1400,1457,1213,1112,1118,1102
75,56,False,1133,1117,1218,1060,1229,1203,1136,1220,1269,1150,1153,1304,1270,1201,1469,1238,1292,1237,1042,1078,1241,1184,1254,1111,1117,1106,1252,1537,1242,1505,1233,1348,1137,1149,1244,1187,1511,1298,1355,1092,1417,1213,1075,1268,1328,1160,1262,1329,1289,1056,1216,1067,1206,1120,1104,1128,1446,1476,1531,1252,1221,1086,1205,1332,1145,1147,1068,1072,1072,1394,1228,1088,1315,1154,1058,1177,1195
75,56,False,1191,1218,1172,1501,1173,1129,1117,1120,1200,1353,1193,1160,1195,1146,1229,1317,1260,937,1340,1099,1113,1160,1209,1097,1198,1492,1351,1275,1355,1350,1443,1357,1227,1336,1375,1450,1219,1269,1293,1330,1118,1132,1186,1483,1499,1483,1421,1373,1376,1388,1377,1068,1213,1206,1061,1438,1193,1203,1194,1045,1229,1110,1260,1234,1123,1246,1193,1211,1122,1443,1198,1172,1469,1293,1360,1238,1401
75,56,False,1139,1139,1189,1125,1294,1232,1171,1299,1121,1129,1178,1133,1192,1395,1673,1474,1230,1100,994,1257,1493,1124,1452,1289,1362,1282,1520,1468,1194,1174,1304,1121,1314,1260,1264,1258,1386,1538,1147,1253,1221,1203,1269,1517,1476,1173,1496,1224,1244,1356,1252,1308,1195,1155,1397,1282,1480,1475,1292,1153,1409,1246,1169,1452,1258,1462,1093,1261,1147,1136,1417,1419,1483,1194,1234,1146,1097
75,56,False,1117,1298,1220,1179,1200,1268,1149,1477,1249,1261,1378,1172,1294,1296,1269,1271,1405,1289,1109,1027,1129,1432,1493,1488,1474,1112,1154,1364,1288,1225,1139,1108,1238,1177,1531,1168,1289,1137,1235,1091,1118,1310,1273,1204,1144,1240,1112,1062,1114,1208,1112,1057,1193,1435,1138,1400,1395,1222,1225,1073,1320,1129,1254,1148,1497,1251,1332,1117,1146,1048,1113,1170,1058,1409,1226,1219,1293
75,56,False,1144,1403,1251,1236,1226,1581,1196,1266,1356,1132,1315,1256,1179,1594,1193,1316,1340,1108,1016,1261,1476,1173,1350,1468,1551,1280,1507,1409,1091,1378,1397,1421,1366,1141,1396,1291,1178,1136,1314,1107,1403,1440,1090,1149,1441,1422,1347,1168,1219,1176,1320,1275,1056,1445,1228,1174,1189,1332,1042,1073,1321,1053,1176,1233,1081,1238,1243,1196,1456,1371,1277,1184,1196,1253,1307,1112,1256
75,56,False,1140,1193,1084,1208,1195,1231,1171,1088,1396,1188,1506,1322,1324,1329,1454,1256,1401,1026,956,1246,1331,1523,1073,1531,1231,1117,1030,1502,1263,1361,1419,1248,1255,1209,1378,1155,1240,1314,1233,1371,1225,1264,1440,1418,1312,1205,1483,1462,1347,1226,1368,1103,1245,1165,1195,1140,1472,1277,1201,1406,1100,1191,1245,1107,1257,1254,1243,1443,1377,1236,1168,1357,1212,1110,1441,1094,1147
75,56,False,1177,1222,1527,1171,1082,1307,1209,1359,1198,1306,1318,1590,1292,1177,1440,1250,1235,1307,1005,1211,1502,1131,1504,1244,1525,1125,1233,1522,1500,1200,1286,1306,1471,1163,1229,1243,1237,1272,1307,1293,1343,1199,1166,1504,1129,1168,1536,1380,1083,1491,1210,1135,1361,1165,1317,1261,1190,1357,1225,1336,1292,1277,1113,1535,1142,1440,1251,1075,1274,1216,1215,1178,1316,1222,1042,1147,1229
75,56,False,1081,1504,1212,1185,1194,1219,1434,1195,1386,1433,1290,1329,1187,1273,1350,1309,1298,1315,1036,1097,1466,1355,1464,1172,1123,1524,1157,1334,1344,1477,1286,1304,1205,1138,1197,1523,1070,1296,1220,1322,1140,1193,1147,1208,1339,1489,1312,1113,1287,1172,1232,1267,1304,1043,1155,1147,1395,1122,1152,1181,1275,1431,1240,1611,1108,1177,1195,1301,1176,1300,1107,1361,1332,1123,1046,1443,1173
75,56,False,1166,1177,1205,1148,1570,1243,1593,1120,1137,1264,1270,1212,1177,1156,1200,1317,1226,1109,1240,1026,1428,1295,1120,1372,1288,1185,1365,1173,1266,1545,1184,1147,1243,1257,1188,1163,1331,1133,1219,1377,1321,1120,1241,1305,1325,1291,1156,1196,1327,1118,1212,1141,1332,1054,1106,1421,1126,1077,1442,1088,1616,1408,1064,1302,1036,1245,1230,1428,1202,1162,1264,1156,1274,1140,1052,1204,1302
75,56,False,1230,1115,1164,1218,1222,1157,1581,1406,1360,1205,1226,1165,1568,1243,1186,1260,1309,1361,1476,1410,1068,1213,1228,1220,1104,1547,1414,1365,1261,1402,1317,1408,1429,1181,1235,1318,1238,1569,1323,1198,1180,1241,1053,1307,1169,1333,1278,1199,1222,1447,1326,1229,1206,1144,1189,1545,1439,1062,1067,1187,1248,1269,1198,1316,1512,1166,1192,1114,1230,1093,1230,1034,1186,1208,1198,1118,1062
75,56,False,1129,1500,1171,1106,1467,1211,1165,1269,1305,1403,1256,1145,1373,1387,1196,1281,1586,973,1219,1063,1196,1096,1319,1488,1382,1127,1128,1136,1269,1237,1258,1140,1513,1196,1230,1302,1185,1312,1142,1261,1186,1280,1069,1365,1285,1159,1193,1354,1190,1445,1106,1267,1265,1070,1446,1513,1506,1064,1252,1237,1404,1403,1121,1304,1164,1108,1237,1084,1230,1049,1321,1378,1068,1140,1200,1029,1448
75,56,False,1341,1040,1104,1178,1544,1103,1562,1230,1170,1131,1141,1179,1282,1163,1535,1320,1561,1014,1389,1165,1474,1132,1299,1497,1439,1462,1212,1184,1222,1317,1138,1492,1125,1378,1222,1333,1141,1250,1563,1134,1354,1278,1173,1318,1472,1233,1414,1056,1266,1145,1157,1240,1408,1152,1104,1300,1201,1122,1192,1429,1098,1107,1186,1421,1302,1066,1409,1393,1341,1094,1195,1184,1094,1106,1261,1205,1167
75,56,False,1148,1011,1101,1130,1360,1216,1244,1282,1243,1207,1313,1308,1189,1208,1535,1579,1233,1325,1398,1146,1112,1178,1473,1369,1444,1156,1233,1424,1294,1171,1210,1197,1403,1101,1323,1378,1083,1350,1445,1166,1155,1162,1349,1158,1316,1322,1350,1106,1425,1363,1216,1110,1165,1265,1038,1293,1316,1128,1466,1172,1101,1257,1420,1237,1155,1236,1309,1254,1224,1328,1157,1269,1184,1185,1213,1209,1281
75,56,False,1177,1510,1221,1171,1176,1176,1176,1139,1235,1173,1184,1210,1235,1212,1357,1234,1345,963,1225,1472,1459,1495,1524,1263,1340,1229,1137,1156,1404,1379,1198,1429,1190,1170,1317,1331,1184,1276,1466,1432,1252,1304,1092,1142,1230,1202,1164,1102,1307,1069,1201,1083,1185,1176,1245,1389,1285,1227,1480,1225,1446,1131,1093,1490,1105,1459,1242,1194,1267,1290,1243,1136,1367,1380,1342,1110,1081
75,56,False,1137,1115,1249,1137,1210,1548,1609,1267,1199,1161,1150,1182,1288,1652,1273,1368,1362,905,1028,1035,1074,1334,1503,1157,1102,1134,1294,1130,1608,1297,1117,1217,1493,1146,1205,1153,1064,1350,1200,1426,1180,1246,1168,1234,1173,1126,1184,1184,1041,1178,1081,1177,1229,1113,1122,1395,1136,1446,1404,1059,1513,1055,1072,1190,1062,1465,1331,1045,1475,1210,1147,1321,1162,1250,1421,1163,1184
75,56,False,1123,1229,1152,1440,1212,1188,1248,1230,1193,1195,1248,1366,1565,1177,1347,1274,1188,1329,1040,1130,1477,1480,1144,1296,1181,1192,1043,1157,1521,1249,1128,1627,1166,1269,1085,1258,1052,1484,1175,1198,1269,1408,1142,1178,1378,1117,1256,1072,1083,1318,1109,1254,1066,1144,1286,1326,1530,1471,1448,1023,1535,1234,1169,1081,1044,1221,1164,1106,1131,1209,1294,1178,1453,1058,1504,1211,1459
75,56,False,1180,1132,1134,1236,1080,1272,1187,1196,1200,1153,1173,1332,1164,1129,1580,1616,1426,936,992,1016,1477,1219,1506,1196,1267,1116,1157,1257,1197,1209,1134,1281,1280,1393,1080,1376,1255,1304,1115,1345,1210,1474,1413,1234,1286,1278,1124,1296,1429,1051,1068,1403,1274,1473,1218,1230,1176,1166,1382,1218,1564,1254,1342,1417,1262,1211,1482,1429,1169,1178,1294,1362,1125,1161,1472,1172,1109
75,56,False,1156,1227,1075,1521,1286,1091,1164,1196,1293,1669,1286,1656,1437,1210,1181,1251,1344,1260,1030,1227,1488,1137,1138,1118,1204,1533,1040,1203,1549,1419,1142,1341,1252,1228,1429,1330,1009,1505,1304,1329,1497,1260,1209,1186,1357,1254,1135,1444,1251,1054,1373,1046,1242,1148,1221,1385,1218,1188,1337,1098,1455,1336,1330,1170,1122,1096,1434,1532,1115,1158,1531,1455,1201,1200,1312,1160,1126
75,56,False,1170,1033,1266,1144,1232,1265,1285,1248,1205,1280,1575,1625,1156,1258,1144,1676,1328,958,1360,1250,1269,1292,1535,1177,1150,1158,1179,1149,1390,1326,1326,1184,1398,1547,1233,1171,1428,1365,1335,1336,1115,1273,1195,1273,1565,1439,1274,1300,1369,1214,1234,1398,1312,1227,1273,1394,1069,1399,1106,1146,1388,1021,1313,1469,1280,1362,1102,1048,1254,1333,1237,1165,1475,1252,1188,1296,1174
75,56,False,1138,1171,1279,1177,1131,1603,1238,1254,1174,1253,1357,1508,1521,1629,1186,1337,1554,963,1158,1276,1253,1528,1216,1115,1125,1362,994,1272,1216,1500,1125,1374,1302,1196,1357,1130,1231,1418,1250,1529,1192,1297,1071,1312,1434,1132,1251,1051,1174,1406,1131,1130,1101,1352,1213,1094,1493,1185,1144,1328,1265,1357,1073,1483,1081,1118,1427,1401,1188,1190,1187,1017,1107,1156,1178,1395,1269
75,56,False,1523,1176,1261,1085,1136,1040,1198,1221,1186,1217,1315,1139,1498,1294,1183,1497,1216,996,1058,1028,1150,1114,1075,1123,1203,1213,1360,1270,1186,1460,1297,1373,1278,1294,1163,1258,1077,1330,1344,1553,1174,1117,1475,1424,1137,1281,1382,1159,1164,1207,1084,1419,1200,1194,1061,1317,1297,1447,1388,1214,1289,1558,1171,1370,1072,1465,1513,1086,1214,1080,1392,1313,1219,1123,1435,1054,1024
75,56,False,1157,1211,1530,1186,1108,1238,1159,1066,1122,1124,1255,1178,1312,1254,1193,1289,1372,1116,1402,1080,1048,1330,1348,1123,1477,1154,1217,1274,1238,1341,1316,1345,1347,1221,1110,1181,1440,1273,1440,1234,1105,1163,1160,1110,1195,1197,1297,1260,1230,1272,1468,1205,1248,1154,1102,1089,1414,1256,1448,1380,1390,1072,1066,1229,1164,1257,1214,1137,1276,1312,1212,1268,1159,1260,1318,1061,1166
75,56,False,1164,1404,1235,1154,1212,1541,1049,1545,1250,1202,1142,1176,1192,1302,1168,1562,1282,982,1225,1172,1478,1525,1280,1123,1309,1253,1242,1376,1355,1433,1360,1130,1481,1266,1088,1462,1217,1324,1235,1093,1173,1557,1144,1146,1339,1339,1221,1179,1471,1174,1196,1122,1224,1165,1212,1166,1350,1225,1405,1216,1173,1443,1070,1177,1298,1126,1034,1349,1413,1386,1174,1121,1196,1065,1375,1081,1109
75,56,False,1182,1190,1169,1118,1267,1210,1225,1254,1055,1249,1149,1267,1290,1155,1251,1329,1296,1004,1234,1438,1501,1211,1329,1286,1114,1239,1242,1161,1187,1504,1311,1196,1497,1136,1286,1169,1369,1125,1237,1368,1309,1108,1205,1169,1218,1166,1426,1078,1100,1284,1366,1093,1200,1118,1286,1468,1300,1129,1208,1201,1337,1266,1187,1085,1120,1321,1041,1201,1327,1206,1385,1177,1187,1209,1274,1121,1138
75,56,False,1032,1177,1141,1192,1535,1535,1381,1186,1612,1233,1620,1185,1252,1697,1316,1243,1342,955,1036,1377,1420,1148,1342,1268,1250,1320,1166,1118,1481,1172,1162,1225,1355,1280,1432,1400,1265,1491,1378,1170,1274,1193,1093,1240,1450,1147,1333,1149,1061,1187,1450,1232,1154,1316,1123,1092,1361,1050,1209,1081,1524,1138,1176,1275,1498,1487,1488,1084,1214,1065,1386,1089,1508,1337,1145,1153,1173
75,56,False,1114,1122,1204,1146,1089,1259,1172,1249,1580,1656,1540,1253,1142,1376,1169,1305,1408,1089,1188,1077,1185,1123,1306,1520,1465,1166,1110,1067,1310,1339,1360,1148,1226,1440,1102,1473,1096,1144,1290,1462,1492,1140,1369,1369,1328,1161,1248,1240,1181,1344,1236,1136,1186,1081,1092,1062,1116,1390,1412,1253,1474,1432,1356,1154,1155,1464,1181,1155,1240,1209,1102,1169,1196,1203,1412,1131,1218
75,56,False,1204,1061,1158,1213,1253,1225,1185,1639,1561,1584,1292,1173,1622,1259,1190,1602,1242,1066,1422,1437,1107,1327,1608,1240,1328,1129,1173,1306,1254,1302,1387,1179,1357,1174,1104,1489,1418,1138,1324,1405,1221,1406,1299,1327,1122,1221,1341,1374,1046,1170,1328,1350,1118,1237,1113,1233,1179,1259,1377,1117,1216,1363,1356,1146,1036,1417,1280,1337,1244,1360,1109,1413,1064,1302,1444,1194,1201
75,56,False,1127,1279,1243,1535,1145,1253,1141,1547,1257,1229,1228,1307,1502,1141,1208,1545,1344,1308,1195,1026,1453,1140,1346,1220,1264,1122,1500,1214,1424,1372,1274,1421,1254,1193,1428,1190,1358,1424,1268,1206,1416,1149,1141,1141,1331,1324,1372,1254,1232,1300,1095,1285,1196,1087,1073,1156,1136,1240,1496,1145,1214,1053,1461,1242,1368,1217,1483,1184,1122,1145,1117,1356,1160,1254,1222,1078,1232
75,56,False,1142,1137,1122,1285,1188,1187,1196,1272,1113,1237,1171,1324,1294,1645,1468,1553,1435,1044,1286,1218,1221,1192,1186,1108,1198,1237,1242,1458,1208,1262,1252,1518,1224,1128,1069,1352,1153,1265,1436,1177,1480,1418,1099,1228,1396,1337,1226,1402,1224,1357,1053,1284,1492,1144,1072,1260,1296,1391,1140,1369,1188,1170,1203,1297,1390,1206,1363,1092,1042,1136,1189,1299,1416,1171,1137,1122,1134
75,56,False,1144,1137,1322,1214,1163,1300,1162,1165,1148,1602,1225,1201,1196,1260,1685,1248,1402,1166,1040,1480,1361,1092,1086,1297,1438,1132,1216,1280,1465,1106,1216,1305,1217,1189,1225,1267,1193,1490,1368,1123,1195,1336,1399,1323,1268,1259,1370,1323,1341,1107,1091,1341,1180,1054,1098,1108,1485,1325,1090,1203,1215,1106,1188,1215,1216,1421,1248,1131,1220,1349,1236,1016,1320,1461,1025,1249,1168
75,56,False,1123,1151,1223,1146,1118,1264,1173,1242,1352,1278,1156,1294,1546,1294,1282,1659,1257,1283,1042,1006,1483,1046,1138,1253,1168,1376,1043,1535,1121,1266,1428,1232,1458,1368,1192,1240,1234,1224,1488,1308,1129,1550,1338,1169,1156,1464,1194,1058,1214,1290,1391,1062,1217,1477,1361,1229,1103,1202,1382,1224,1441,1254,1278,1118,1107,1380,1134,1156,1094,1405,1188,1137,1137,1181,1118,1053,1186
75,56,False,1274,1201,1184,1178,1234,1535,1216,1122,1280,1148,1583,1182,1284,1545,1193,1544,1254,1053,1100,1366,1334,1089,1487,1201,1220,1473,1251,1096,1507,1117,1524,1221,1347,1529,1260,1197,1301,1226,1381,1204,1169,1137,1250,1557,1181,1353,1092,1081,1101,1043,1105,1194,1054,1073,1083,1253,1195,1301,1087,1272,1457,1386,1169,1348,1196,1426,1152,1172,1408,1106,1152,1325,1203,1192,1513,1234,1090
75,56,False,1117,1533,1148,1120,1216,1193,1195,1237,1625,1213,1297,1539,1240,1686,1192,1289,1294,973,1392,1069,1084,1140,1486,1308,1266,1148,1062,1225,1241,1267,1285,1289,1391,1589,1458,1193,1105,1260,1262,1243,1119,1282,1473,1217,1490,1452,1213,1232,1124,1190,1280,1371,1167,1453,1110,1283,1416,1500,1096,1252,1580,1245,1227,1069,1246,1066,1240,1213,1250,1390,1258,1345,1440,1465,1251,1205,1066
75,56,False,1122,1204,1202,1085,1172,1242,1217,1213,1113,1277,1290,1170,1185,1301,1154,1636,1301,888,1090,1409,1233,1535,1154,1156,1242,1227,1034,1206,1535,1457,1356,1259,1254,1275,1192,1252,1278,1172,1186,1107,1243,1308,1089,1160,1472,1349,1323,1241,1305,1304,1228,1211,1229,1336,1155,1448,1265,1325,1069,1289,1342,1238,1074,1135,1336,1261,1092,1077,1261,1099,1257,1078,1259,1329,1124,1372,1046
75,56,False,1169,1524,1208,1147,1470,1600,1202,1243,1129,1141,1644,1272,1202,1200,1289,1580,1250,1285,1032,1212,1233,1040,1145,1218,1509,1138,1301,1128,1373,1268,1163,1454,1177,1114,1362,1286,1496,1153,1477,1385,1168,1508,1177,1145,1300,1269,1398,1411,1282,1186,1053,1116,1102,1298,1195,1091,1097,1265,1381,1154,1315,1303,1051,1428,1446,1516,1274,1368,1131,1521,1465,1205,1142,1208,1426,1348,1081
75,56,False,1532,1110,1116,1506,1229,1161,1169,1193,1233,1267,1242,1161,1354,1270,1426,1243,1234,943,1441,1097,1085,1318,1125,1425,1277,1228,1070,1524,1264,1226,1424,1214,1307,1260,1373,1145,1172,1238,1238,1401,1308,1321,1225,1148,1258,1336,1241,1188,1280,1226,1117,1069,1267,1237,1472,1177,1573,1264,1112,1139,1114,1256,1075,1333,1081,1342,1436,1258,1329,1145,1485,1231,1290,1308,1226,1418,1281
75,56,False,1203,1128,1135,1136,1196,1240,1199,1064,1328,1309,1188,1194,1481,1175,1452,1502,1240,1340,1150,1168,1122,1567,1155,1143,1176,1256,1050,1167,1128,1500,1237,1474,1198,1260,1091,1244,1112,1311,1272,1117,1368,1514,1308,1117,1246,1260,1141,1094,1258,1040,1269,1254,1123,1074,1414,1244,1451,1033,1144,1059,1180,1294,1166,1516,1085,1040,1227,1405,1140,1281,1496,1146,1232,1229,1178,1240,1066
75,56,False,1123,1210,1172,1121,1227,1588,1131,1130,1542,1199,1120,1316,1356,1186,1274,1222,1326,1213,1282,1180,1526,1509,1199,1119,1500,1232,1404,1358,1212,1389,1307,1535,1211,1508,1077,1298,1204,1147,1245,1480,1269,1568,1227,1288,1149,1257,1301,1280,1389,1448,1236,1344,1248,1235,1443,1444,1546,1481,1468,1210,1156,1142,1208,1093,1067,1512,1205,1062,1476,1433,1218,1171,1301,1186,1267,1102,1083
75,56,False,1172,1152,1132,1518,1535,1056,1147,1412,1206,1122,1589,1219,1592,1173,1200,1280,1277,1023,1421,1272,1129,1229,1158,1099,1256,1489,1132,1253,1196,1140,1114,1437,1217,1438,1409,1218,1460,1278,1321,1265,1361,1302,1176,1223,1479,1349,1150,1109,1076,1275,1140,1122,1321,1047,1433,1286,1198,1182,1123,1100,1542,1129,1435,1243,1265,1025,1288,1140,1139,1339,1433,1184,1112,1448,1142,1264,1268
75,56,False,1153,1136,1468,1209,1190,1091,1574,1150,1555,1260,1189,1673,1185,1273,1310,1296,1475,1110,1038,1105,1456,1267,1167,1124,1197,1121,1476,1076,1149,1278,1197,1113,1250,1459,1264,1384,1088,1306,1412,1323,1030,1377,1430,1128,1197,1211,1117,1131,1160,1251,1313,1077,1128,1387,1185,1509,1245,1060,1337,1213,1174,1114,1241,1343,1121,1225,1308,1309,1535,1300,1346,1481,1272,1110,1312,1224,1260
75,56,False,1147,1144,1146,1069,1220,1182,1179,1212,1252,1158,1333,1238,1266,1305,1218,1317,1295,978,1136,1197,1128,1142,1472,1329,1312,1145,1165,1252,1132,1225,1380,1369,1223,1255,1422,1373,1262,1098,1197,1122,1474,1139,1397,1531,1161,1560,1452,1302,1088,1040,1227,1178,1436,1210,1398,1233,1378,1229,1132,1398,1413,1205,1472,1453,1264,1076,1452,1314,1244,1313,1212,1213,1164,1064,1162,1162,1218
75,56,False,1188,1481,1181,1141,1341,1142,1253,1291,1258,1209,1312,1269,1189,1182,1277,1516,1304,966,1211,1209,1264,1168,1264,1114,1108,1301,1273,1382,1470,1460,1160,1174,1160,1420,1466,1273,1309,1362,1107,1189,1307,1129,1304,1451,1190,1470,1170,1178,1196,1179,1280,1267,1152,1285,1121,1369,1161,1177,1334,1197,1108,1183,1113,1248,1070,1217,1140,1229,1086,1056,1101,1139,1417,1349,1166,1216,1146
75,56,False,1179,1136,1498,1264,1496,1086,1649,1192,1284,1245,1145,1291,1348,1457,1288,1269,1357,1013,1029,1425,1276,1161,1119,1293,1490,1126,1331,1490,1448,1180,1069,1493,1414,1234,1282,1276,1372,1145,1216,1352,1448,1226,1275,1389,1189,1488,1440,1172,1487,1056,1188,1202,1234,1258,1243,1233,1488,1227,1170,1176,1144,1041,1052,1376,1223,1254,1104,1187,1137,1301,1259,1288,1534,1106,1181,1173,1133
75,56,False,1153,1195,1148,1497,1272,1324,1092,1195,1605,1230,1206,1314,1238,1153,1413,1246,1404,1065,1036,1050,1088,1439,1340,1458,1101,1278,1218,1406,1152,1193,1266,1206,1141,1474,1083,1430,1470,1155,1104,1244,1150,1305,1139,1125,1556,1196,1165,1218,1218,1084,1194,1254,1126,1146,1055,1451,1520,1196,1113,1241,1402,1312,1307,1376,1466,1258,1456,1173,1089,1180,1365,1339,1385,1185,1059,1448,1217
75,56,False,1168,1109,1218,1120,1180,1224,1225,1212,1259,1251,1227,1266,1326,1348,1262,1252,1406,1046,1139,1136,1040,1297,1514,1148,1123,1125,1359,1514,1144,1272,1250,1253,1332,1482,1226,1266,1210,1252,1145,1337,1252,1469,1252,1311,1128,1334,1101,1335,1430,1451,1146,1155,1131,1160,1025,1399,1328,1228,1188,1189,1216,1100,1177,1301,1114,1165,1132,1148,1173,1171,1489,1284,1041,1369,1227,1336,1385
75,56,False,1098,1100,1132,1256,1181,1133,1145,1235,1357,1162,1657,1285,1172,1264,1224,1571,1381,1051,977,1212,1253,1032,1145,1213,1196,1138,1086,1241,1501,1248,1256,1236,1457,1350,1294,1158,1320,1539,1186,1220,1425,1357,1161,1205,1174,1434,1369,1205,1184,1149,1074,1073,1501,1378,1172,1385,1442,1062,1111,1034,1357,1131,1280,1255,1488,1234,1371,1137,1245,1226,1105,1257,1338,1440,1380,1233,1156
75,56,False,1130,1214,1196,1230,1218,1558,1193,1126,1280,1158,1237,1259,1268,1211,1692,1325,1244,965,1040,1451,1091,1157,1491,1360,1278,1135,1415,1301,1601,1188,1320,1377,1178,1292,1393,1315,1269,1380,1174,1360,1397,1406,1323,1137,1478,1191,1485,1178,1311,1137,1428,1108,1038,1089,1203,1195,1180,1360,1041,1474,1497,1224,1100,1226,1210,1336,1210,1101,1257,1172,1369,1222,1184,1152,1104,1180,1427
75,56,False,1172,1100,1137,1133,1140,1194,1240,1180,1138,1153,1196,1352,1185,1720,1330,1332,1393,1227,1184,1273,1114,1076,1324,1143,1152,1496,1055,1097,1197,1115,1380,1413,1257,1137,1323,1266,1102,1198,1362,1467,1138,1489,1334,1124,1374,1214,1506,1365,1361,1232,1445,1483,1053,1104,1083,1465,1157,1117,1283,1417,1219,1194,1117,1167,1498,1473,1211,1147,1256,1092,1037,1393,1150,1378,1403,1411,1366
75,56,False,1136,1220,1125,1204,1220,1129,1601,1256,1612,1137,1152,1171,1558,1255,1172,1232,1250,1140,1158,1477,1129,1325,1160,1545,1209,1528,1420,1328,1305,1341,1468,1178,1187,1526,1122,1237,1401,1426,1126,1142,1033,1460,1112,1136,1194,1374,1457,1148,1177,1409,1059,1200,1433,1069,1384,1187,1509,1071,1305,1114,1624,1266,1069,1535,1296,1069,1110,1345,1200,1094,1236,1313,1216,1293,1188,1275,1036
75,56,False,1121,1024,1133,1189,1515,1236,1192,1044,1298,1121,1236,1248,1260,1197,1461,1565,1405,1344,1008,1326,1280,1130,1309,1448,1268,1123,1172,1147,1535,1431,1244,1128,1275,1120,1100,1125,996,1211,1374,1340,1194,1308,1130,1420,1447,1138,1179,1161,1114,1156,1148,1473,1301,1460,1096,1305,1258,1454,1428,1385,1315,1060,1152,1248,1266,1298,1326,1169,1206,1070,1225,1109,1089,1082,1227,1362,1044
75,56,False,1146,1141,1149,1491,1228,1173,1162,1218,1318,1116,1286,1286,1644,1308,1182,1518,1258,1225,1041,1060,1323,1344,1129,1477,1122,1266,1230,1125,1195,1316,1123,1491,1403,1149,1069,1124,1080,1224,1165,1282,1370,1156,1144,1450,1284,1366,1362,1140,1338,1294,1056,1082,1326,1073,1067,1534,1148,1123,1356,1311,1181,1449,1370,1269,1305,1139,1291,1096,1057,1179,1222,1041,1117,1194,1469,1443,1292
75,56,False,1508,1134,1224,1244,1187,1186,1597,1378,1193,1537,1235,1180,1354,1620,1268,1542,1249,1021,1040,1070,1233,1305,1163,1301,1187,1129,1001,1212,1329,1369,1144,1316,1310,1372,1042,1274,1090,1347,1216,1318,1278,1121,1412,1332,1202,1106,1305,1196,1115,1094,1290,1291,1347,1185,1236,1182,1408,1110,1428,1510,1121,1088,1296,1406,1123,1208,1128,1276,1300,1301,1234,1183,1100,1414,1186,1358,1285
75,56,False,1129,1125,1126,1291,1164,1314,1256,1537,1142,1252,1160,1609,1210,1596,1262,1522,1286,1302,996,1236,1498,1097,1170,1249,1194,1120,1029,1139,1477,1379,1558,1464,1220,1575,1182,1281,1262,1355,1368,1403,1407,1352,1042,1400,1368,1177,1117,1459,1477,1194,1292,1349,1092,1370,1130,1440,1098,1320,1164,1337,1306,1373,1152,1176,1090,1252,1332,1245,1474,1154,1124,1036,1098,1185,1196,1358,1077
75,56,False,1142,1157,1202,1216,1277,1226,1137,1531,1275,1283,1598,1177,1542,1245,1185,1381,1522,989,1030,1037,1245,1192,1144,1110,1203,1532,1273,1078,1225,1371,1269,1286,1155,1164,1082,1352,1197,1192,1483,1236,1195,1265,1232,1327,1494,1270,1326,1177,1114,1476,1133,1070,1342,1160,1121,1261,1417,1062,1469,1097,1398,1204,1332,1140,1261,1200,1131,1165,1455,1300,1078,1203,1310,1306,1110,1088,1056
75,56,False,1132,1193,1516,1066,1106,1380,1137,1531,1246,1246,1535,1230,1598,1275,1178,1258,1466,1004,1444,1266,1323,1133,1149,1519,1200,1326,1364,1280,1497,1388,1284,1139,1397,1161,1161,1448,1080,1144,1269,1179,1325,1235,1291,1229,1304,1189,1304,1065,1098,1464,1325,1075,1035,1145,1397,1163,1261,1144,1348,1348,1166,1266,1057,1228,1165,1209,1041,1066,1200,1156,1137,1194,1290,1060,1280,1374,1216
75,56,False,1134,1170,1176,1184,1123,1457,1220,1188,1192,1240,1577,1170,1360,1326,1174,1288,1358,1312,1132,1069,1003,1259,1277,1345,1164,1178,1347,1333,1506,1131,1534,1283,1262,1412,1238,1238,1482,1152,1383,1425,1315,1298,1405,1166,1363,1227,1427,1104,1176,1110,1233,1170,1321,1322,1061,1624,1411,1079,1099,1339,1386,1315,1186,1392,1379,1145,1148,1069,1161,1258,1213,1169,1182,1161,1491,1438,1212
75,56,False,1141,1217,1463,1243,1269,1209,1171,1156,1204,1278,1148,1305,1241,1241,1228,1231,1392,1004,1412,1280,1179,1282,1490,1293,1451,1192,1249,1496,1444,1125,1192,1157,1183,1229,1426,1145,1082,1211,1285,1341,1348,1430,1108,1175,1216,1312,1256,1338,1220,1186,1245,1248,1071,1105,1134,1398,1569,1441,1228,1338,1470,1243,1349,1286,1398,1237,1069,1243,1323,1162,1288,1178,1187,1262,1069,1070,1163
75,56,False,1129,1137,1229,1128,1142,1551,1216,1121,1205,1318,1367,1262,1202,1196,1274,1714,1256,1166,1378,1410,1024,1198,1144,1192,1504,1209,1065,1474,1112,1214,1535,1161,1353,1311,1258,1100,1076,1153,1125,1513,1388,1242,1373,1281,1138,1147,1480,1278,1113,1184,1202,1057,1144,1251,1478,1566,1163,1139,1118,1148,1301,1231,1146,1387,1195,1297,1350,1332,1124,1482,1379,1104,1148,1412,1109,1315,1246
75,56,False,1140,1312,1200,1164,1534,1138,1218,1280,1204,1157,1535,1263,1342,1668,1175,1550,1321,972,1387,1041,1072,1229,1249,1435,1121,1312,1068,1130,1150,1366,1305,1238,1269,1364,1043,1114,1508,1422,1099,1420,1308,1168,1157,1150,1242,1245,1366,1092,1246,1089,1171,1237,1394,1396,1444,1169,1292,1270,1187,1048,1472,1371,1206,1356,1256,1114,1072,1288,1380,1353,1177,1344,1171,1246,1209,1099,1234
75,56,False,1163,1124,1114,1160,1227,1151,1120,1552,1566,1580,1318,1194,1280,1609,1657,1578,1361,1025,1039,1367,1241,1120,1289,1476,1137,1526,1144,1360,1160,1241,1193,1404,1237,1380,1474,1310,1177,1280,1121,1372,1236,1535,1262,1272,1529,1382,1145,1083,1281,1260,1044,1435,1044,1442,1210,1214,1278,1282,1072,1366,1371,1429,1275,1172,1078,1346,1190,1227,1163,1414,1270,1471,1368,1063,1493,1449,1066
75,56,False,1081,1123,1240,1099,1355,1200,1454,1182,1194,1226,1186,1179,1670,1349,1564,1540,1238,1234,1371,1098,1245,1136,1449,1498,1412,1134,1053,1140,1115,1110,1192,1276,1227,1435,1092,1358,1155,1204,1036,1226,1320,1146,1176,1314,1174,1200,1177,1160,1301,1099,1209,1273,1338,1094,1427,1184,1335,1195,1491,1490,1538,1178,1216,1512,1082,1186,1345,1072,1083,1158,1244,1173,1177,1040,1162,1217,1468
75,56,False,1174,1377,1104,1237,1188,1139,1245,1103,1206,1265,1252,1150,1634,1291,1299,1381,1390,994,956,1115,1437,1061,1161,1483,1530,1152,1182,1178,1329,1416,1262,1130,1311,1356,1133,1305,1083,1235,1166,1162,1177,1436,1133,1203,1302,1288,1458,1275,1046,1094,1066,1078,1282,1084,1196,1251,1443,1450,1423,1267,1379,1133,1225,1506,1275,1116,1195,1226,1394,1292,1378,1180,1080,1380,1094,1317,1116
75,56,False,1117,1075,1134,1164,1262,1283,1609,1170,1273,1157,1300,1309,1181,1244,1281,1343,1246,1170,1277,1080,1305,1180,1105,1158,1251,1141,1064,1197,1314,1411,1384,1139,1202,1148,1354,1453,1224,1160,1262,1091,1299,1227,1252,1167,1403,1267,1304,1277,1100,1172,1330,1070,1203,1071,1184,1535,1377,1194,1232,1086,1339,1196,1293,1341,1369,1428,1096,1179,1205,1424,1237,1256,1275,1162,1224,1077,1480
75,56,False,1157,1157,1099,1212,1520,1140,1172,1126,1322,1198,1155,1177,1183,1303,1429,1352,1237,1276,1003,1106,1140,1118,1325,1282,1106,1385,1166,1161,1515,1326,1250,1520,1266,1395,1241,1432,1102,1181,1119,1132,1157,1309,1414,1264,1189,1290,1138,1075,1501,1118,1192,1093,1104,1312,1173,1497,1077,1102,1203,1453,1219,1349,1080,1110,1036,1202,1129,1277,1115,1245,1328,1454,1139,1152,1491,1236,1299
75,56,False,1130,1240,1207,1113,1178,1150,1344,1214,1262,1258,1290,1243,1572,1172,1404,1260,1208,1289,986,1065,1123,1106,1234,1170,1197,1308,1181,1246,1163,1566,1443,1298,1440,1357,1165,1508,1130,1273,1225,1428,1464,1140,1306,1110,1216,1138,1465,1037,1221,1336,1252,1097,1253,1323,1234,1594,1131,1203,1372,1193,1093,1108,1468,1283,1377,1361,1077,1429,1306,1214,1338,1268,1144,1323,1226,1410,1045
75,56,False,1160,1116,1115,1173,1565,1182,1158,1568,1235,1176,1654,1201,1289,1275,1274,1225,1301,1048,1046,1442,1261,1148,1300,1277,1535,1135,1291,1486,1391,1163,1240,1388,1509,1533,1213,1369,1204,1284,1353,1224,1113,1245,1128,1540,1417,1141,1329,1170,1164,1242,1177,1213,1345,1040,1312,1442,1201,1185,1116,1049,1285,1482,1137,1422,1221,1146,1103,1441,1253,1239,1316,1170,1420,1125,1203,1185,1313
75,56,False,1289,1150,1025,1170,1236,1135,1181,1205,1194,1161,1262,1228,1251,1246,1668,1249,1412,1170,1042,1470,1282,1344,1301,1535,1354,1499,1424,1550,1292,1309,1206,1173,1134,1153,1107,1233,1214,1220,1481,1145,1217,1318,1121,1467,1225,1182,1324,1194,1322,1165,1294,1243,1405,1470,1065,1275,1300,1100,1546,1395,1309,1181,1222,1397,1354,1113,1132,1380,1362,1329,1386,1026,1141,1208,1133,1420,1249
75,56,False,1120,1504,1203,1098,1226,1244,1366,1247,1195,1636,1274,1291,1344,1329,1252,1242,1245,966,1350,1084,1102,1124,1120,1314,1255,1248,1064,1202,1174,1121,1463,1286,1296,1515,1058,1563,1133,1248,1249,1339,1148,1488,1216,1312,1194,1446,1106,1092,1168,1068,1453,1141,1208,1161,1202,1128,1147,1547,1363,1170,1422,1217,1260,1209,1345,1208,1416,1277,1270,1380,1241,1088,1469,1219,1078,1416,1233
75,56,False,1184,1224,1124,1521,1240,1212,1222,1232,1294,1289,1217,1211,1196,1552,1264,1368,1535,1048,1042,1097,1066,1069,1285,1281,1204,1256,1295,1203,1150,1419,1518,1163,1112,1279,1211,1436,1014,1275,1565,1188,1289,1402,1234,1532,1432,1439,1555,1244,1056,1082,1421,1146,1156,1357,1244,1339,1428,1385,1497,1325,1354,1445,1310,1372,1275,1179,1096,1316,1165,1348,1408,1360,1382,1072,1164,1206,1217
75,56,False,1158,1132,1508,1118,1486,1234,1173,1194,1202,1300,1325,1173,1669,1283,1224,1237,1246,1316,953,1453,1171,1090,1354,1200,1260,1269,1074,1305,1402,1183,1495,1083,1218,1305,1520,1233,1222,1408,1483,1379,1296,1426,1158,1249,1261,1171,1427,1073,1468,1122,1204,1109,1153,1309,1372,1219,1230,1195,1302,1016,1305,1398,1140,1161,1260,1280,1360,1270,1106,1330,1325,1092,1083,1117,1130,1212,1386
75,56,False,1088,1426,1458,1149,1232,1148,1366,1286,1637,1614,1328,1632,1635,1270,1214,1602,1529,956,1048,1184,1155,1112,1205,1162,1465,1221,1092,1535,1231,1310,1115,1130,1358,1408,1160,1358,1166,1473,1116,1337,1276,1260,1049,1228,1450,1283,1297,1458,1306,1302,1096,1196,1437,1046,1230,1355,1240,1252,1124,1072,1393,1033,1181,1124,1177,1164,1102,1264,1089,1307,1144,1073,1090,1131,1405,1166,1309
75,56,False,1229,1163,1114,1253,1108,1145,1536,1278,1309,1590,1612,1150,1210,1252,1172,1550,1393,1009,1123,1488,1296,1486,1436,1302,1308,1269,1059,1178,1451,1178,1283,1594,1259,1260,1098,1140,1216,1220,1421,1110,1478,1187,1104,1377,1478,1257,1260,1226,1146,1190,1041,1245,1140,1489,1114,1138,1507,1144,1172,1386,1409,1172,1173,1242,1098,1230,1120,1391,1093,1308,1265,1201,1141,1232,1221,1365,1255
75,56,False,1170,1244,1168,1132,1388,1174,1366,1062,1144,1646,1222,1134,1354,1395,1190,1311,1522,1154,1038,1469,1365,1050,1380,1544,1108,1457,1205,1121,1125,1338,1413,1107,1289,1176,1491,1180,996,1217,1401,1281,1280,1498,1332,1101,1290,1107,1290,1357,1136,1221,1317,1299,1062,1044,1421,1422,1478,1066,1155,1486,1225,1077,1328,1094,1264,1173,1268,1183,1353,1267,1292,1102,1166,1108,1067,1117,1289
75,56,False,1150,1163,1024,1244,1192,1050,1216,1258,1470,1136,1545,1243,1187,1164,1219,1353,1490,1073,988,1475,1277,1124,1144,1102,1569,1131,1224,1546,1285,1152,1202,1244,1183,1296,1339,1482,1226,1469,1434,1245,1263,1220,1120,1330,1445,1188,1261,1378,1245,1038,1045,1051,1305,1309,1046,1560,1557,1060,1385,1049,1445,1221,1039,1395,1405,1440,1198,1326,1094,1218,1516,1154,1111,1298,1278,1096,1224
75,56,False,1172,1144,1269,1205,1245,1555,1172,1410,1244,1108,1235,1653,1352,1385,1185,1510,1269,1264,1220,1020,1113,1153,1100,1222,1221,1266,1083,1331,1224,1273,1074,1246,1163,1558,1340,1129,1125,1476,1377,1390,1301,1360,1308,1299,1420,1390,1413,1370,1443,1180,1128,1174,1306,1059,1305,1443,1219,1267,1272,1549,1229,1130,1069,1479,1270,1034,1341,1157,1404,1028,1088,1068,1458,1331,1124,1210,1278
75,56,False,1104,1101,1163,1044,1292,1198,1242,1178,1131,1509,1168,1259,1254,1284,1166,1297,1364,1309,1000,1486,1183,1085,1535,1126,1168,1231,1016,1116,1133,1272,1148,1160,1355,1283,1381,1227,1072,1253,1179,1160,1107,1301,1122,1292,1275,1322,1315,1130,1093,1489,1109,1108,1348,1162,1302,1233,1110,1045,1257,1523,1117,1192,1513,1416,1249,1210,1219,1236,1270,1071,1219,1304,1090,1189,1267,1161,1278
75,56,False,1155,1086,1196,1208,1374,1167,1200,1570,1278,1216,1585,1142,1191,1205,1465,1657,1389,1232,1028,1450,1094,1310,1460,1344,1166,1329,1276,1184,1241,1347,1517,1432,1269,1456,1280,1532,1147,1205,1274,1438,1513,1161,1198,1203,1144,1208,1300,1341,1085,1209,1380,1105,1195,1436,1242,1505,1369,1172,1521,1250,1318,1265,1469,1301,1085,1115,1121,1156,1473,1332,1325,1022,1243,1126,1173,1114,1221
75,56,False,1181,1494,1150,1128,1090,1247,1392,1197,1110,1152,1198,1290,1179,1555,1276,1232,1342,1230,980,982,1256,1468,1152,1460,1106,1398,1378,1203,1211,1353,1504,1214,1255,1417,1104,1106,1438,1433,1442,1475,1182,1420,1059,1129,1410,1402,1278,1140,1246,1481,1332,1098,1213,1213,1043,1546,1220,1372,1229,1470,1368,1437,1227,1404,1308,1446,1064,1331,1178,1449,1180,1154,1478,1124,1136,1134,1425
75,56,False,1192,1134,1276,1213,1144,1254,1133,1259,1536,1280,1224,1313,1632,1650,1173,1326,1568,1314,1055,1030,1131,1453,1512,1174,1136,1526,1194,1432,1153,1186,1291,1308,1251,1416,1140,1298,1285,1153,1313,1233,1315,1155,1113,1547,1346,1544,1235,1258,1485,1229,1262,1245,1330,1264,1219,1117,1224,1218,1196,1518,1507,1498,1228,1209,1256,1257,1446,1235,1280,1417,1312,1202,1187,1224,1110,1104,1061
75,56,False,1171,1177,1219,1325,1157,1571,1241,1156,1309,1627,1157,1281,1298,1170,1189,1304,1376,1139,1245,1108,1385,1485,1344,1129,1183,1198,1088,1250,1182,1163,1251,1435,1091,1425,1084,1310,1197,1314,1408,1436,1229,1369,1194,1260,1301,1149,1140,1186,1090,1253,1468,1255,1357,1448,1470,1256,1170,1062,1048,1062,1354,1329,1101,1137,1425,1240,1378,1275,1093,1226,1139,1145,1131,1203,1084,1152,1081
75,56,False,1510,1125,1213,1232,1219,1187,1082,1546,1598,1220,1204,1537,1269,1174,1682,1245,1275,1299,1386,1114,1034,1538,1508,1535,1281,1110,1053,1396,1274,1458,1124,1133,1193,1414,1161,1340,1080,1330,1418,1189,1405,1337,1105,1193,1348,1307,1270,1341,1062,1438,1373,1192,1131,1236,1478,1147,1293,1230,1130,1216,1506,1504,1134,1355,1254,1382,1198,1273,1293,1167,1110,1389,1072,1148,1365,1195,1112
75,56,False,1451,1512,1145,1223,1084,1361,1180,1582,1135,1162,1209,1258,1327,1314,1285,1289,1349,1275,1129,1029,1468,1112,1159,1466,1137,1227,1385,1149,1371,1249,1481,1286,1349,1156,1097,1192,1062,1139,1235,1050,1475,1310,1090,1164,1254,1140,1188,1137,1449,1188,1462,1116,1205,1164,1312,1373,1126,1115,1238,1042,1230,1535,1379,1164,1241,1168,1290,1330,1165,1302,1344,1204,1136,1434,1109,1168,1257
75,56,False,1235,1235,1206,1230,1535,1131,1263,1195,1619,1260,1133,1266,1548,1637,1562,1328,1237,1304,1049,1077,1210,1146,1076,1510,1117,1173,1449,1196,1373,1249,1449,1401,1264,1316,1246,1184,981,1269,1104,1307,1266,1253,1205,1165,1136,1133,1114,1262,1176,1264,1024,1148,1103,1196,1469,1565,1232,1124,1102,1224,1317,1483,1211,1423,1113,1068,1354,1068,1188,1205,1241,1221,1080,1343,1336,1421,1086
75,56,False,1147,1202,1485,1078,1375,1198,1154,1057,1133,1180,1251,1141,1165,1278,1308,1331,1288,953,1368,1230,1100,1485,1114,1322,1256,1281,1040,1471,1213,1443,1226,1379,1426,1199,1091,1174,1292,1564,1194,1261,1304,1378,1437,1533,1568,1473,1358,1181,1280,1341,1440,1054,1290,1440,1467,1343,1181,1093,1242,1554,1301,1500,1104,1380,1314,1322,1249,1177,1433,1173,1102,1254,1129,1148,1066,1076,1054
75,56,False,1486,1489,1188,1156,1536,1184,1134,1480,1182,1161,1152,1168,1177,1192,1444,1380,1250,1227,1024,1126,1475,1146,1045,1242,1506,1187,1267,1378,1187,1276,1504,1376,1474,1187,1220,1130,1205,1289,1168,1167,1428,1397,1276,1208,1389,1304,1235,1266,1296,1341,1300,1043,1180,1170,1090,1274,1116,1019,1194,1066,1460,1248,1223,1380,1141,1173,1418,1361,1296,1069,1386,1067,1500,1205,1274,1123,1083
75,56,False,1448,1221,1158,1515,1109,1562,1169,1220,1280,1269,1199,1274,1662,1251,1220,1573,1270,1059,1037,1003,1104,1144,1466,1469,1202,1122,1008,1160,1149,1221,1211,1396,1488,1395,1461,1369,1250,1158,1304,1524,1228,1284,1361,1403,1139,1105,1101,1199,1038,1210,1104,1077,1088,1245,1222,1473,1468,1486,1443,1252,1560,1196,1268,1529,1277,1189,1267,1416,1100,1188,1457,1164,1133,1276,1318,1075,1217
75,56,False,1106,1145,1149,1141,1258,1178,1098,1120,1122,1247,1542,1237,1196,1651,1196,1300,1338,1058,1014,1248,1519,1488,1535,1334,1244,1340,1089,1522,1460,1221,1454,1252,1174,1211,1203,1335,1061,1220,1181,1403,1199,1329,1213,1295,1175,1421,1246,1216,1196,1138,1218,1272,1242,1181,1065,1094,1171,1227,1358,1456,1452,1283,1302,1280,1218,1158,1485,1266,1184,1370,1130,1208,1215,1105,1125,1098,1201
75,56,False,1133,1212,1111,1305,1178,1558,1148,1142,1121,1249,1125,1309,1342,1156,1200,1501,1265,950,1192,1458,1012,1142,1545,1586,1461,1185,1304,1352,1145,1218,1308,1219,1367,1297,1154,1433,1088,1136,1171,1465,1144,1231,1483,1358,1124,1112,1254,1048,1489,1228,1092,1167,1193,1202,1203,1193,1220,1221,1096,1048,1120,1034,1522,1316,1082,1139,1456,1212,1436,1209,1115,1323,1077,1110,1417,1132,1098
75,56,False,1242,1473,1174,1113,1278,1153,1195,1412,1253,1177,1626,1252,1264,1544,1168,1365,1356,982,1052,1040,1495,1045,1150,1166,1178,1370,1522,1294,1392,1260,1158,1394,1261,1365,1137,1142,1170,1337,1152,1280,1462,1387,1228,1138,1194,1147,1390,1049,1485,1273,1248,1296,1298,1117,1196,1238,1309,1408,1026,1236,1405,1374,1308,1224,1085,1155,1323,1333,1253,1453,1146,1170,1131,1208,1305,1457,1134
75,56,False,1205,1170,1246,1193,1152,1564,1552,1355,1138,1239,1155,1598,1200,1357,1699,1514,1410,1024,1074,1152,1321,1334,1143,1358,1153,1300,1057,1169,1243,1157,1160,1443,1450,1139,1165,1190,1317,1257,1426,1145,1269,1426,1062,1318,1342,1123,1476,1360,1212,1322,1366,1310,1224,1078,1409,1161,1208,1211,1145,1125,1285,1264,1102,1328,1475,1134,1144,1041,1077,1174,1441,1176,1401,1162,1067,1249,1116
75,56,False,1140,1176,1130,1022,1193,1274,1563,1555,1240,1148,1294,1255,1276,1163,1184,1535,1290,922,1366,1228,1080,1133,1115,1245,1369,1167,1093,1411,1084,1227,1125,1306,1173,1536,1227,1363,1250,1229,1165,1312,1144,1334,1361,1138,1384,1373,1261,1370,1278,1115,1178,1144,1314,1085,1120,1297,1322,1313,1157,1294,1204,1099,1269,1261,1214,1170,1324,1472,1197,1198,1198,1225,1174,1219,1297,1167,1205
75,56,False,1368,1098,1325,1211,1109,1167,1100,1132,1572,1293,1318,1269,1279,1335,1484,1325,1180,1297,1021,1255,1133,1405,1162,1487,1112,1112,1408,1178,1156,1258,1213,1134,1241,1270,1358,1438,1177,1252,1350,1370,1187,1240,1229,1360,1132,1217,1270,1045,1316,1135,1502,1197,1089,1048,1069,1099,1158,1169,1058,1266,1341,1156,1151,1216,1060,1065,1265,1099,1077,1050,1229,1316,1363,1304,1360,1088,1275
75,56,False,1291,1137,1196,1221,1117,1160,1138,1598,1242,1297,1320,1616,1578,1619,1273,1212,1417,1130,1246,1072,1485,1149,1320,1475,1291,1102,1384,1421,1122,1474,1186,1134,1192,1473,1193,1441,1229,1535,1368,1210,1218,1185,1101,1453,1309,1210,1230,1261,1164,1285,1072,1314,1328,1164,1098,1307,1561,1370,1230,1065,1107,1136,1301,1119,1245,1236,1385,1096,1163,1268,1163,1032,1169,1258,1225,1073,1175
75,56,False,1176,1206,1301,1112,1354,1224,1169,1608,1249,1535,1132,1342,1541,1206,1193,1263,1258,1302,960,1427,1281,1085,1462,1317,1109,1139,1256,1574,1208,1516,1273,1148,1462,1305,1502,1405,1174,1317,1282,1236,1180,1448,1250,1130,1243,1146,1363,1478,1366,1258,1251,1125,1332,1077,1313,1250,1339,1405,1377,1242,1274,1326,1120,1197,1182,1348,1257,1048,1506,1403,1289,1204,1064,1246,1227,1061,1262
75,56,False,1189,1475,1252,1466,1157,1213,1144,1246,1292,1144,1259,1623,1355,1597,1289,1240,1444,1218,941,1091,1200,1267,1410,1319,1197,1500,1204,1237,1484,1225,1100,1276,1121,1136,1361,1161,1301,1177,1377,1226,1318,1157,1282,1225,1422,1298,1124,1458,1130,1093,1425,1090,1086,1300,1226,1226,1262,1164,1480,1296,1318,1195,1231,1228,1180,1374,1075,1140,1542,1070,1241,1229,1173,1240,1369,1242,1061
75,56,True,1224,1148,1067,1211,1269,1535,1524,1253,1153,1598,1540,1600,1180,1274,1339,1229,1374,988,1392,1181,1175,1457,1132,1218,1497,1176,1240,1226,1197,1372,1466,1172,1204,1496,1093,1476,1208,1288,1326,1290,1267,1178,1121,1436,1317,1466,1329,1139,1363,1085,1228,1178,1372,1376,1220,1258,1488,1284,1064,1363,1092,1094,1200,1222,1205,1442,1232,1130,1147,1484,1322,1259,1231,1322,1208,1179,1172
75,56,True,1483,1212,1521,1133,1214,1179,1100,1188,1168,1196,1284,1430,1292,1205,1437,1604,1373,1004,1046,1282,1533,1170,1385,1205,1163,1251,1237,1305,1401,1344,1283,1198,1257,1138,1504,1182,1074,1386,1141,1290,1034,1445,1284,1157,1221,1100,1312,1297,1286,1036,1380,1040,1376,1061,1452,1192,1211,1098,1470,1196,1289,1148,1044,1390,1134,1195,1189,1148,1490,1234,1329,1213,1225,1461,1061,1258,1418
75,56,True,1173,1113,1067,1203,1161,1204,1251,1525,1161,1622,1246,1189,1308,1173,1430,1308,1516,1072,997,1264,1111,1107,1369,1258,1483,1161,1187,1134,1177,1215,1203,1184,1516,1256,1215,1273,1064,1444,1138,1112,1217,1496,1268,1335,1250,1353,1202,1050,1101,1135,1106,1081,1215,1139,1112,1161,1484,1493,1147,1125,1311,1055,1041,1337,1166,1400,1182,1185,1212,1144,1241,1056,1052,1397,1260,1186,1499
75,56,True,1148,1182,1552,1209,1244,1353,1254,1230,1074,1252,1377,1509,1320,1298,1466,1243,1518,1282,1120,1254,1101,1560,1121,1126,1161,1121,1180,1370,1444,1476,1310,1453,1219,1435,1078,1267,1212,1227,1275,1308,1522,1264,1338,1194,1515,1242,1540,1275,1112,1163,1210,1181,1475,1206,1376,1170,1083,1280,1276,1204,1305,1182,1401,1227,1415,1147,1238,1234,1212,1249,1345,1299,1243,1179,1087,1141,1109
75,56,True,1491,1110,1176,1182,1173,1577,1200,1379,1252,1316,1162,1260,1162,1386,1318,1622,1556,986,1222,1459,1082,1368,1327,1093,1202,1242,1202,1384,1305,1197,1504,1271,1243,1413,1154,1290,1241,1260,1270,1528,1249,1292,1500,1157,1374,1233,1194,1302,1039,1416,1376,1324,1381,1189,1130,1173,1396,1085,1070,1332,1225,1090,1169,1241,1157,1328,1254,1142,1090,1021,1096,1050,1438,1188,1304,1123,1226
75,56,True,1193,1186,1168,1081,1326,1535,1504,1537,1149,1228,1326,1420,1571,1354,1228,1563,1434,1276,1372,1428,1072,1554,1324,1200,1122,1264,1228,1502,1086,1129,1165,1316,1281,1385,1058,1348,1030,1323,1275,1296,1476,1267,1496,1330,1341,1281,1137,1361,1179,1142,1055,1436,1450,1143,1214,1419,1478,1331,1129,1169,1550,1153,1248,1412,1177,1344,1418,1252,1514,1093,1520,1157,1278,1301,1206,1113,1253
75,56,True,1193,1232,1517,1166,1534,1238,1169,1356,1049,1194,1138,1334,1281,1210,1188,1267,1322,1141,1232,1121,1462,1112,1493,1148,1372,1194,1242,1162,1348,1321,1149,1492,1157,1310,1552,1396,1453,1238,1450,1342,1149,1124,1345,1488,1273,1163,1507,1123,1200,1334,1488,1050,1099,1164,1426,1291,1515,1323,1034,1225,1339,1104,1187,1404,1302,1129,1190,1228,1360,1216,1193,1093,1220,1157,1108,1259,1201
75,56,True,1412,1116,1156,1286,1308,1141,1521,1170,1285,1626,1523,1334,1204,1342,1546,1614,1491,982,1174,1024,1502,1144,1157,1376,1432,1361,1406,1288,1308,1252,1173,1246,1133,1293,1171,1477,1195,1166,1243,1526,1161,1376,1275,1294,1277,1192,1412,1213,1464,1074,1448,1086,1077,1307,1478,1402,1146,1425,1164,1048,1497,1255,1091,1245,1169,1180,1198,1132,1160,1482,1190,1305,1209,1160,1283,1280,1048
75,56,True,1154,1130,1136,1205,1110,1217,1172,1020,1258,1642,1144,1174,1306,1339,1236,1458,1225,1001,982,1072,1088,1198,1165,1509,1275,1314,1210,1322,1129,1554,1286,1406,1271,1458,1341,1523,1116,1432,1418,1218,1242,1129,1221,1446,1429,1196,1145,1302,1318,1047,1449,1288,1356,1046,1050,1170,1294,1320,1308,1414,1201,1469,1390,1198,1260,1334,1147,1236,1464,1130,1214,1361,1291,1100,1070,1146,1213
75,56,True,1482,1132,1233,1229,1163,1057,1240,1128,1539,1150,1638,1348,1328,1571,1690,1535,1364,1272,1043,1455,1075,1137,1476,1524,1145,1157,1232,1188,1264,1092,1124,1357,1286,1158,1406,1288,1121,1220,1182,1126,1379,1482,1144,1149,1241,1511,1407,1293,1246,1079,1394,1146,1216,1156,1416,1260,1526,1439,1142,1429,1116,1475,1310,1380,1245,1284,1158,1154,1344,1153,1222,1072,1492,1345,1286,1269,1308
75,56,True,1218,1223,1142,1115,1225,1139,1218,1270,1152,1598,1449,1603,1177,1386,1230,1226,1374,1130,1397,1115,1315,1550,1174,1085,1342,1332,1350,1451,1302,1219,1449,1338,1493,1122,1190,1343,1197,1277,1364,1290,1201,1506,1266,1280,1388,1300,1502,1128,1157,1324,1126,1170,1130,1115,1123,1465,1486,1267,1040,1202,1564,1146,1440,1260,1154,1222,1342,1209,1297,1361,1461,1278,1148,1168,1096,1422,1317
75,56,True,1162,1146,1281,1068,1228,1132,1222,1381,1209,1148,1614,1238,1255,1290,1541,1233,1488,1120,1253,1237,1139,1128,1521,1461,1163,1198,1309,1488,1376,1123,1392,1279,1350,1389,1248,1161,1186,1212,1315,1198,1213,1427,1189,1515,1237,1476,1372,1203,1376,1180,1453,1445,1369,1103,1437,1442,1358,1389,1070,1458,1342,1096,1411,1293,1198,1136,1283,1195,1229,1190,1183,1236,1089,1438,1153,1285,1352
75,56,True,1201,1221,1176,1138,1313,1312,1565,1118,1274,1110,1421,1257,1331,1204,1309,1362,1292,1001,1165,1409,1443,1288,1162,1268,1427,1126,1192,1220,1535,1176,1379,1393,1305,1300,1085,1152,1428,1320,1130,1185,1240,1502,1145,1539,1158,1321,1254,1174,1256,1110,1084,1338,1107,1508,1328,1119,1201,1048,1060,1203,1297,1379,1265,1139,1104,1267,1240,1428,1353,1254,1259,1247,1362,1161,1275,1470,1384
75,56,True,1307,1204,1108,1232,1200,1092,1222,1232,1193,1117,1112,1577,1529,1251,1566,1337,1430,1273,1209,1025,1130,1325,1289,1347,1090,1342,1389,1109,1489,1162,1296,1538,1308,1221,1346,1330,1405,1229,1317,1150,1187,1309,1163,1126,1285,1501,1148,1150,1460,1473,1145,1090,1450,1372,1268,1372,1444,1028,1059,1177,1142,1416,1525,1243,1260,1184,1275,1368,1196,1155,1170,1224,1212,1232,1114,1140,1176
75,56,True,1153,1141,1502,1312,1092,1559,1054,1104,1268,1153,1333,1228,1363,1236,1510,1292,1300,1147,1252,1222,1260,1083,1285,1384,1194,1469,1344,1092,1142,1478,1192,1418,1558,1274,1308,1474,1189,1323,1485,1361,1146,1354,1276,1426,1357,1262,1114,1458,1387,1490,1298,1035,1158,1036,1034,1203,1105,1367,1189,1139,1369,1072,1082,1258,1098,1266,1116,1459,1210,1265,1442,1181,1425,1265,1262,1248,1067
75,56,True,1501,1115,1311,1227,1538,1267,1177,1033,1232,1131,1225,1225,1192,1387,1514,1314,1321,1264,967,1315,1107,1345,1407,1378,1198,1211,1250,1300,1486,1256,1424,1416,1177,1421,1217,1508,1267,1281,1438,1240,1330,1246,1278,1202,1121,1286,1380,1171,1157,1171,1322,1257,1326,1406,1156,1336,1424,1470,1042,1085,1150,1283,1333,1219,1387,1253,1387,1130,1157,1195,1161,1281,1067,1194,1145,1321,1261
75,56,False,1150,1109,1178,1191,1186,1177,1224,1366,1297,1269,1553,1341,1652,1245,1204,1565,1209,1040,1409,1202,1106,1520,1189,1140,1270,1424,1044,1521,1330,1169,1422,1250,1444,1273,1202,1349,1090,1262,1253,1115,1155,1227,1140,1259,1298,1313,1507,1216,1120,1143,1060,1061,1190,1214,1230,1164,1123,1165,1494,1247,1294,1096,1330,1243,1264,1297,1260,1128,1300,1490,1174,1107,1486,1227,1281,1412,1214
75,56,False,1126,1158,1088,1253,1160,1390,1100,1139,1180,1214,1281,1275,1348,1194,1248,1457,1252,1283,1387,1080,1289,1178,1237,1334,1437,1113,1168,1211,1126,1251,1154,1168,1179,1345,1185,1290,1208,1602,1434,1276,1423,1410,1212,1130,1389,1183,1501,1178,1216,1328,1341,1376,1285,1197,1440,1464,1520,1041,1319,1091,1237,1115,1290,1301,1258,1267,1049,1147,1125,1044,1064,1113,1144,1256,1484,1220,1430
75,56,False,1205,1196,1142,1525,1091,1229,1197,1289,1099,1252,1276,1244,1642,1246,1195,1675,1329,1028,979,1270,1072,1156,1254,1195,1133,1275,1260,1129,1416,1181,1203,1275,1273,1188,1116,1402,1284,1133,1259,1126,1290,1292,1042,1339,1141,1373,1278,1454,1462,1144,1129,1164,1314,1021,1176,1171,1467,1117,1110,1130,1294,1322,1386,1326,1343,1275,1216,1342,1262,1504,1138,1163,1416,1205,1180,1069,1233
75,56,False,1156,1078,1498,1220,1142,1172,1193,1189,1118,1567,1252,1272,1675,1194,1753,1364,1282,968,1116,1071,1460,1184,1204,1226,1108,1254,1282,1277,1152,1142,1256,1545,1346,1242,1430,1228,1146,1220,1381,1356,1112,1246,1392,1171,1509,1112,1352,1230,1144,1213,1096,1070,1109,1205,1202,1128,1202,1237,1289,1282,1229,1114,1203,1157,1081,1106,1225,1116,1212,1396,1192,1219,1392,1242,1146,1232,1179
75,56,False,1158,1190,1108,1205,1178,1142,1266,1107,1175,1202,1166,1601,1284,1237,1232,1323,1377,989,1194,1438,1084,1500,1290,1340,1334,1516,1113,1365,1334,1164,1526,1186,1261,1430,1245,1433,1437,1270,1286,1504,1163,1225,1142,1245,1535,1249,1516,1396,1324,1107,1212,1387,1246,1371,1224,1474,1459,1369,1038,1302,1262,1192,1386,1156,1171,1082,1179,1056,1417,1305,1245,1072,1220,1297,1241,1283,1180
75,56,False,1118,1215,1110,1163,1260,1124,1562,1097,1195,1368,1312,1290,1157,1266,1676,1557,1521,1291,1029,1045,1084,1166,1158,1184,1303,1163,1444,1562,1305,1287,1272,1482,1237,1139,1466,1221,1118,1122,1289,1267,1105,1322,1392,1470,1384,1178,1117,1120,1421,1041,1442,1136,1188,1134,1172,1501,1409,1162,1126,1044,1317,1269,1297,1228,1236,1130,1275,1043,1403,1146,1257,1272,1316,1041,1201,1244,1047
75,56,False,1115,1203,1130,1233,1138,1117,1272,1214,1137,1282,1288,1273,1283,1243,1468,1333,1249,989,1028,1416,1086,1210,1173,1258,1112,1261,1500,1378,1154,1038,1443,1266,1300,1398,1012,1465,1213,1112,1235,1214,1297,1472,1105,1203,1362,1227,1404,1089,1333,1060,1264,1153,1304,1184,1220,1469,1454,1065,1280,1088,1136,1362,1170,1349,1452,1168,1432,1124,1534,1171,1169,1264,1525,1269,1460,1181,1126
75,56,False,1128,1124,1043,1252,1182,1153,1125,1163,1209,1550,1219,1316,1297,1376,1203,1281,1297,1218,1208,1456,1485,1168,1333,1245,1130,1284,1453,1390,1517,1383,1498,1192,1275,1337,1323,1235,1172,1208,1536,1198,1361,1131,1272,1188,1503,1342,1388,1070,1300,1298,1149,1128,1253,1157,1152,1508,1332,1361,1338,1450,1205,1055,1545,1268,1056,1300,1228,1161,1124,1287,1201,1123,1164,1121,1033,1374,1281
75,56,False,1170,1457,1248,1221,1136,1224,1274,1193,1485,1152,1142,1192,1270,1692,1507,1474,1404,985,1348,1046,1334,1477,1342,1164,1201,1197,1058,1617,1193,1341,1279,1290,1442,1325,1157,1469,1406,1173,1320,1178,1233,1247,1389,1197,1451,1214,1384,1227,1158,1376,1124,1356,1326,1101,1473,1394,1277,1206,1048,1122,1438,1218,1166,1322,1148,1128,1430,1458,1217,1304,1272,1450,1322,1106,1118,1313,1289
75,56,False,1144,1210,1492,1288,1233,1162,1595,1569,1115,1198,1393,1173,1139,1196,1252,1529,1240,973,1153,1134,1106,1078,1149,1339,1324,1496,1257,1357,1547,1334,1248,1162,1211,1166,1216,1471,1221,1139,1202,1101,1376,1164,1059,1437,1298,1228,1138,1418,1185,1168,1210,1389,1154,1296,1212,1305,1504,1228,1485,1304,1219,1194,1145,1440,1364,1314,1312,1113,1051,1153,1136,1354,1100,1276,1139,1294,1205
75,56,False,1193,1149,1104,1229,1065,1140,1185,1163,1644,1233,1197,1182,1289,1548,1168,1683,1298,978,1377,1228,1091,1109,1337,1498,1178,1108,1398,1228,1440,1198,1178,1421,1135,1221,1477,1130,1520,1161,1188,1388,1355,1274,1063,1225,1293,1306,1391,1161,1107,1384,1406,1100,1120,1268,1166,1357,1089,1179,1226,1176,1181,1419,1230,1371,1168,1125,1489,1336,1409,1413,1448,1240,1210,1147,1175,1157,1136
75,56,False,1190,1261,1282,1226,1187,1177,1211,1278,1118,1389,1294,1143,1348,1317,1552,1508,1461,1330,1011,1458,1467,1240,1083,1535,1200,1121,1154,1149,1090,1444,1268,1337,1254,1259,1198,1224,1182,1236,1221,1385,1507,1114,1171,1482,1429,1230,1441,1160,1225,1179,1358,1426,1169,1269,1181,1333,1244,1412,1148,1082,1450,1438,1373,1356,1452,1245,1388,1228,1207,1269,1250,1126,1188,1248,1134,1053,1238
75,56,False,1166,1129,1281,1142,1225,1160,1553,1249,1170,1193,1318,1157,1312,1609,1542,1593,1345,957,1393,1069,1121,1152,1161,1144,1165,1430,1256,1201,1251,1128,1522,1225,1257,1385,1473,1476,1157,1220,1123,1112,1222,1544,1325,1280,1535,1141,1195,1048,1251,1049,1194,1476,1300,1325,1121,1358,1105,1392,1154,1078,1199,1053,1209,1169,1123,1117,1087,1162,1342,1322,1181,1335,1122,1046,1174,1057,1117
75,56,False,1107,1377,1537,1136,1209,1150,1540,1266,1117,1276,1473,1186,1537,1592,1293,1250,1251,1044,1398,1080,1275,1493,1158,1233,1388,1136,1088,1331,1510,1283,1366,1252,1212,1392,1219,1173,1171,1261,1258,1108,1161,1451,1195,1365,1140,1390,1356,1118,1387,1252,1205,1255,1235,1114,1308,1177,1121,1403,1408,1392,1268,1032,1266,1281,1450,1360,1392,1233,1236,1032,1462,1145,1125,1269,1435,1236,1119
75,56,False,1166,1073,1225,1110,1110,1110,1129,1260,1612,1087,1136,1647,1294,1163,1464,1558,1241,1066,934,1137,1155,1222,1160,1525,1201,1130,1288,1446,1245,1273,1341,1298,1145,1195,1081,1229,1213,1172,1225,1269,1296,1229,1124,1211,1446,1261,1235,1259,1062,1183,1257,1375,1400,1306,1276,1224,1235,1064,1028,1386,1487,1086,1075,1510,1166,1248,1227,1290,1096,1510,1285,1291,1312,1290,1034,1354,1237
75,56,False,1152,1205,1204,1206,1545,1140,1422,1260,1189,1624,1224,1324,1340,1213,1447,1305,1252,1013,1224,1251,1155,1032,1094,1109,1104,1181,1325,1228,1214,1294,1142,1104,1321,1212,1194,1444,1174,1233,1418,1350,1320,1326,1470,1534,1490,1124,1204,1106,1404,1165,1067,1140,1416,1333,1437,1423,1422,1184,1087,1203,1256,1198,1032,1388,1226,1133,1378,1082,1227,1240,1348,1397,1323,1082,1169,1161,1308
75,56,False,1134,1099,1185,1088,1092,1269,1137,1158,1188,1138,1554,1224,1156,1669,1682,1309,1331,1275,1042,1306,1290,1134,1240,1094,1113,1140,1194,1132,1534,1221,1297,1250,1202,1371,1437,1478,1105,1309,1178,1516,1278,1139,1143,1234,1534,1301,1116,1285,1269,1411,1046,1114,1182,1107,1280,1452,1419,1314,1163,1092,1254,1265,1446,1480,1203,1371,1514,1235,1357,1132,1152,1295,1344,1136,1126,1254,1060
75,56,False,1153,1139,1131,1155,1542,1539,1528,1240,1147,1273,1147,1161,1201,1211,1410,1317,1268,1025,1238,1251,1110,1028,1284,1437,1336,1163,1163,1246,1422,1115,1111,1188,1166,1205,1262,1290,1365,1156,1221,1538,1184,1397,1079,1141,1335,1149,1290,1425,1108,1386,1196,1114,1273,1153,1437,1190,1289,1231,1327,1312,1315,1086,1178,1402,1198,1393,1085,1108,1147,1084,1478,1201,1257,1236,1224,1307,1249
75,56,False,1217,1222,1257,1162,1094,1510,1214,1146,1316,1149,1232,1245,1166,1611,1333,1483,1398,981,1132,1443,1485,1457,1177,1288,1184,1154,1208,1392,1232,1309,1140,1233,1368,1394,1325,1163,1261,1251,1297,1366,1396,1202,1052,1500,1452,1245,1328,1451,1354,1200,1054,1196,1156,1200,1307,1339,1535,1166,1405,1248,1375,1196,1196,1385,1058,1129,1369,1452,1197,1148,1284,1042,1453,1101,1280,1134,1112
75,56,False,1549,1494,1222,1160,1123,1113,1186,1229,1148,1339,1286,1160,1541,1187,1470,1409,1373,1012,1254,1182,1206,1023,1179,1312,1496,1160,1076,1138,1154,1411,1186,1145,1259,1403,1211,1252,1281,1524,1425,1308,1199,1203,1191,1204,1475,1434,1157,1164,1108,1049,1269,1154,1160,1033,1370,1129,1333,1545,1210,1506,1442,1124,1266,1244,1216,1060,1233,1170,1089,1408,1210,1139,1310,1092,1070,1246,1142
75,56,False,1497,1120,1272,1147,1098,1246,1130,1227,1574,1233,1566,1162,1179,1630,1250,1263,1247,998,1237,1198,1176,1085,1310,1493,1077,1330,990,1219,1291,1451,1136,1222,1216,1146,1248,1295,1096,1289,1120,1222,1188,1457,1206,1435,1299,1166,1397,1242,1039,1048,1080,1056,1386,1213,1098,1217,1127,1162,1128,1326,1347,1176,1500,1265,1073,1217,1221,1072,1125,1185,1208,1467,1172,1186,1186,1365,1207
75,56,False,1486,1138,1216,1277,1506,1619,1154,1238,1174,1189,1248,1557,1181,1671,1268,1234,1315,1158,1206,1245,1481,1131,1348,1314,1331,1150,1127,1218,1264,1196,1158,1461,1512,1488,1358,1190,1421,1419,1390,1485,1012,1328,1238,1123,1414,1121,1267,1148,1196,1236,1094,1059,1035,1314,1401,1401,1125,1090,1241,1482,1236,1185,1240,1301,1394,1181,1316,1201,1216,1107,1119,1114,1205,1080,1154,1376,1373
75,56,False,1539,1200,1149,1225,1380,1387,1201,1196,1172,1244,1317,1240,1357,1506,1220,1668,1245,1006,1004,1248,1510,1408,1137,1110,1178,1518,1166,1202,1179,1176,1334,1445,1428,1192,1242,1482,1176,1228,1318,1264,1241,1149,1155,1394,1508,1163,1257,1219,1404,1290,1248,1097,1154,1171,1088,1086,1080,1350,1205,1136,1456,1089,1066,1451,1090,1060,1106,1050,1210,1411,1292,1064,1164,1246,1275,1184,1341
75,56,False,1186,1203,1501,1139,1445,1222,1156,1582,1161,1243,1271,1270,1181,1603,1274,1320,1355,1138,1043,1182,1166,1070,1293,1244,1274,1253,1501,1209,1118,1226,1312,1222,1182,1506,1086,1476,1266,1507,1254,1122,1259,1385,1088,1249,1352,1300,1229,1272,1282,1021,1211,1070,1141,1161,1168,1209,1256,1364,1512,1269,1147,1325,1215,1218,1384,1172,1232,1365,1312,1134,1275,1162,1067,1246,1369,1148,1384
75,56,False,1196,1101,1264,1186,1269,1535,1073,1618,1277,1148,1535,1305,1535,1359,1281,1541,1353,990,1401,1221,1298,1313,1347,1114,1186,1194,1424,1603,1152,1217,1452,1156,1513,1283,1107,1166,1239,1155,1226,1356,1508,1262,1482,1124,1373,1246,1275,1128,1177,1466,1410,1125,1142,1104,1253,1147,1440,1036,1130,1157,1565,1092,1402,1256,1169,1346,1061,1253,1424,1166,1155,1396,1170,1158,1146,1090,1174
75,56,False,1154,1193,1532,1521,1095,1601,1224,1137,1266,1336,1509,1374,1234,1397,1411,1625,1539,985,1185,1467,1119,1342,1187,1253,1357,1291,1022,1182,1184,1154,1204,1555,1226,1293,1200,1244,1064,1205,1212,1315,1128,1496,1356,1340,1344,1134,1187,1166,1440,1253,1464,1048,1262,1276,1249,1519,1421,1134,1379,1506,1326,1162,1350,1241,1524,1290,1185,1286,1440,1225,1250,1298,1476,1200,1121,1325,1148
75,56,False,1136,1140,1269,1153,1200,1232,1232,1168,1640,1602,1310,1160,1564,1209,1436,1564,1280,1134,981,1068,1109,1289,1535,1195,1428,1195,1168,1159,1430,1499,1216,1212,1354,1413,1155,1389,1066,1278,1258,1245,1234,1475,1276,1269,1292,1160,1192,1390,1307,1357,1329,1253,1176,1104,1262,1541,1134,1041,1401,1328,1301,1418,1477,1548,1096,1073,1517,1030,1106,1198,1153,1322,1174,1154,1206,1086,1094
75,56,False,1075,1182,1125,1242,1099,1535,1201,1201,1267,1395,1430,1377,1186,1352,1216,1262,1424,997,1391,1233,1210,1371,1525,1168,1344,1197,1050,1233,1163,1178,1253,1332,1522,1109,1238,1097,1420,1209,1272,1312,1204,1333,1458,1162,1354,1122,1305,1142,1248,1306,1341,1253,1232,1206,1238,1469,1210,1315,1209,1084,1485,1012,1068,1122,1506,1302,1092,1188,1110,1278,1333,1098,1499,1348,1179,1269,1120
75,56,False,1114,1081,1183,1152,1099,1212,1117,1210,1260,1242,1170,1582,1258,1192,1227,1318,1403,1002,1224,1422,1088,1443,1229,1301,1232,1208,1072,1305,1464,1562,1381,1587,1197,1394,1171,1362,1286,1481,1337,1254,1115,1381,1310,1228,1148,1197,1091,1145,1084,1095,1110,1068,1057,1438,1339,1320,1134,1317,1428,1144,1465,1174,1076,1244,1056,1085,1441,1100,1130,1436,1370,1320,1453,1218,1152,1116,1304
75,56,False,1200,1219,1508,1481,1229,1155,1617,1276,1279,1577,1131,1168,1220,1284,1451,1285,1440,1282,1237,1496,1107,1126,1158,1409,1251,1210,1068,1306,1299,1270,1213,1457,1435,1538,1412,1476,1424,1179,1312,1395,1386,1288,1269,1162,1425,1110,1341,1100,1105,1042,1158,1065,1148,1104,1211,1492,1190,1310,1049,1370,1266,1296,1405,1212,1190,1233,1105,1353,1142,1266,1260,1092,1097,1152,1148,1226,1073
75,56,False,1129,1233,1136,1304,1220,1139,1224,1253,1307,1264,1149,1597,1294,1324,1676,1235,1371,1016,965,1422,1278,1276,1358,1339,1507,1175,1094,1384,1408,1154,1499,1382,1535,1378,1381,1190,1146,1194,1464,1394,1268,1427,1105,1493,1121,1146,1236,1233,1119,1117,1272,1358,1346,1192,1449,1253,1342,1122,1456,1082,1266,1462,1096,1499,1053,1237,1174,1306,1442,1339,1246,1318,1126,1262,1068,1209,1094
75,56,False,1165,1195,1146,1320,1227,1136,1432,1165,1244,1237,1263,1133,1634,1497,1558,1492,1254,1312,1050,1080,1484,1076,1161,1469,1476,1187,1330,1306,1131,1410,1279,1169,1459,1360,1294,1115,1186,1334,1478,1418,1136,1554,1323,1533,1295,1188,1204,1040,1404,1156,1386,1408,1086,1138,1131,1285,1553,1521,1252,1380,1518,1086,1086,1229,1087,1261,1121,1219,1402,1315,1187,1059,1210,1097,1173,1294,1128
75,56,False,1330,1168,1093,1211,1108,1133,1162,1146,1563,1256,1124,1154,1330,1374,1477,1261,1240,1324,1030,1420,1177,1288,1571,1165,1144,1114,1349,1504,1245,1289,1310,1140,1131,1274,1101,1235,1200,1227,1100,1170,1229,1404,1352,1119,1509,1442,1241,1173,1081,1160,1265,1045,1388,1188,1113,1180,1590,1346,1147,1333,1388,1528,1324,1402,1381,1228,1077,1168,1257,1179,1226,1216,1268,1105,1457,1136,1444
75,56,False,1146,1069,1243,1167,1133,1132,1171,1226,1107,1264,1224,1176,1257,1673,1293,1244,1386,1164,1177,1082,1022,1126,1440,1360,1196,1253,1258,1331,1535,1034,1404,1249,1139,1286,1101,1165,1098,1248,1149,1102,1473,1364,1421,1424,1331,1423,1438,1370,1333,1427,1076,1236,1112,1275,1049,1402,1355,1457,1121,1058,1469,1504,1236,1316,1053,1231,1282,1072,1281,1206,1462,1120,1124,1289,1074,1437,1213
75,56,False,1474,1121,1238,1222,1206,1170,1056,1373,1450,1370,1166,1347,1201,1392,1329,1570,1305,1000,1146,1280,1040,1171,1532,1206,1333,1181,1083,1401,1400,1218,1334,1273,1257,1184,1520,1434,1346,1368,1417,1534,1352,1170,1116,1258,1229,1323,1310,1096,1382,1251,1473,1243,1073,1225,1104,1290,1196,1069,1392,1408,1075,1530,1245,1242,1051,1428,1117,1234,1163,1177,1326,1224,1325,1258,1321,1333,1069
75,56,False,1230,1197,1209,1206,1069,1194,1113,1505,1184,1578,1155,1315,1173,1397,1328,1344,1337,998,1050,1251,1491,1128,1284,1203,1492,1156,1188,1235,1162,1313,1128,1145,1200,1488,1239,1317,1451,1370,1197,1461,1337,1314,1409,1171,1218,1538,1224,1249,1460,1101,1313,1195,1317,1385,1258,1188,1126,1492,1500,1248,1593,1174,1298,1404,1251,1238,1264,1036,1232,1251,1272,1136,1228,1232,1142,1181,1077
75,56,False,1158,1123,1185,1211,1310,1225,1193,1096,1618,1144,1232,1583,1212,1404,1597,1333,1250,1017,1217,1249,1083,1329,1261,1282,1107,1289,1152,1556,1452,1420,1256,1281,1208,1306,1250,1238,1229,1208,1268,1217,1115,1299,1155,1444,1118,1313,1523,1184,1485,1363,1073,1258,1172,1336,1168,1220,1205,1126,1491,1139,1427,1491,1436,1256,1091,1184,1228,1106,1216,1258,1432,1400,1205,1483,1139,1297,1185
75,56,False,1213,1148,1467,1246,1114,1179,1219,1260,1565,1613,1410,1565,1186,1411,1288,1541,1306,1275,1020,1117,1053,1470,1424,1296,1250,1155,1101,1157,1237,1186,1379,1224,1373,1128,1234,1493,1329,1274,1317,1172,1343,1155,1045,1133,1280,1273,1117,1187,1277,1197,1084,1211,1384,1448,1426,1540,1102,1108,1218,1258,1197,1086,1370,1348,1134,1442,1072,1210,1218,1072,1292,1108,1241,1450,1130,1152,1373
75,56,False,1152,1152,1389,1169,1221,1293,1071,1198,1260,1209,1216,1264,1718,1250,1330,1572,1274,1285,990,1187,1196,1131,1328,1237,1217,1270,1315,1256,1208,1427,1422,1149,1173,1478,1243,1343,1305,1313,1180,1088,1179,1362,1184,1417,1187,1403,1148,1174,1237,1187,1386,1219,1211,1186,1116,1431,1132,1301,1219,1128,1341,1248,1128,1406,1226,1162,1236,1101,1380,1210,1295,1460,1197,1171,1332,1076,1269
75,56,False,1234,1098,1164,1037,1113,1152,1193,1339,1170,1124,1569,1216,1577,1179,1192,1277,1428,1044,1027,1068,1137,1181,1136,1284,1232,1205,1035,1206,1200,1409,1144,1122,1535,1526,1509,1289,1157,1278,1485,1409,1202,1258,1312,1382,1171,1129,1481,1062,1290,1173,1252,1105,1233,1024,1068,1549,1117,1274,1041,1376,1236,1137,1091,1203,1429,1311,1099,1197,1141,1105,1416,1421,1205,1318,1202,1241,1278
75,56,False,1177,1145,1535,1202,1553,1120,1155,1232,1568,1577,1634,1265,1214,1614,1260,1265,1441,1052,1232,1058,1102,1124,1360,1545,1472,1528,1037,1215,1262,1354,1273,1145,1519,1207,1290,1340,1066,1549,1252,1194,1211,1136,1170,1114,1106,1361,1096,1070,1101,1097,1112,1039,1438,1140,1384,1123,1206,1208,1395,1114,1162,1170,1280,1149,1284,1030,1153,1197,1433,1273,1220,1245,1178,1294,1296,1126,1237
75,56,False,1339,1138,1083,1282,1512,1078,1173,1493,1227,1157,1619,1183,1281,1205,1213,1586,1337,1008,1003,1053,1432,1346,1489,1185,1112,1481,1068,1460,1184,1186,1117,1521,1238,1491,1108,1344,1147,1453,1436,1176,1173,1384,1449,1261,1282,1391,1149,1234,1280,1413,1232,1096,1336,1104,1498,1162,1161,1089,1196,1432,1363,1120,1154,1494,1084,1195,1232,1136,1205,1211,1090,1070,1440,1371,1466,1264,1251
75,56,False,1497,1208,1148,1140,1229,1142,1456,1249,1122,1377,1146,1161,1181,1399,1296,1281,1243,1019,1421,1060,1215,1509,1182,1235,1144,1192,1093,1119,1337,1338,1338,1218,1225,1137,1165,1129,1368,1398,1115,1126,1345,1254,1143,1149,1144,1219,1288,1202,1133,1162,1050,1146,1292,1164,1170,1341,1113,1403,1488,1535,1161,1124,1116,1298,1074,1474,1342,1153,1269,1269,1198,1068,1056,1052,1087,1369,1090
75,56,False,1155,1521,1193,1112,1120,1147,1275,1106,1227,1153,1557,1273,1356,1222,1272,1272,1241,1328,1037,1240,1344,1119,1130,1082,1162,1489,1342,1320,1502,1144,1149,1304,1299,1397,1135,1423,1186,1304,1499,1157,1225,1372,1196,1236,1262,1402,1245,1103,1467,1136,1303,1177,1308,1076,1310,1378,1349,1125,1201,1201,1128,1300,1123,1243,1169,1081,1288,1231,1090,1109,1077,1258,1188,1095,1041,1293,1108
75,56,False,1130,1112,1168,1261,1145,1072,1462,1225,1576,1482,1225,1201,1192,1612,1325,1363,1409,968,1405,1069,1313,1249,1192,1536,1320,1282,1005,1445,1530,1397,1261,1381,1133,1274,1293,1266,1409,1386,1250,1528,1402,1424,1224,1301,1341,1324,1238,1247,1273,1093,1210,1107,1105,1232,1198,1267,1281,1342,1452,1268,1229,1141,1332,1212,1309,1054,1177,1354,1168,1194,1368,1168,1256,1298,1157,1189,1101
75,56,False,1142,1134,1206,1305,1161,1558,1177,1101,1581,1259,1265,1172,1350,1255,1441,1336,1276,986,1011,1091,1145,1117,1324,1485,1133,1320,1056,1618,1535,1394,1312,1298,1404,1268,1355,1119,1152,1171,1289,1420,1110,1126,1109,1130,1469,1304,1403,1185,1072,1108,1058,1227,1384,1130,1268,1493,1086,1454,1113,1298,1172,1096,1196,1308,1273,1227,1250,1514,1339,1376,1194,1390,1294,1066,1467,1024,1232
75,56,False,1149,1192,1466,1230,1534,1238,1166,1612,1619,1114,1242,1190,1182,1645,1259,1241,1425,1265,1366,1254,1286,1305,1096,1173,1224,1302,1453,1193,1361,1523,1363,1315,1481,1305,1144,1144,1090,1137,1366,1333,1194,1117,1339,1138,1536,1125,1146,1349,1282,1178,1469,1213,1294,1098,1133,1130,1237,1147,1293,1152,1265,1069,1061,1218,1117,1339,1375,1436,1303,1180,1418,1174,1106,1235,1253,1152,1402
75,56,False,1507,1222,1156,1109,1165,1209,1308,1174,1620,1292,1244,1329,1323,1593,1419,1562,1200,1036,1041,1109,1508,1027,1476,1190,1123,1525,1327,1471,1424,1208,1382,1221,1328,1429,1422,1212,1247,1204,1130,1240,1343,1360,1458,1192,1191,1164,1212,1050,1266,1084,1332,1276,1096,1336,1077,1434,1132,1217,1057,1144,1099,1090,1288,1196,1251,1175,1369,1152,1527,1238,1284,1106,1195,1233,1238,1189,1267
75,56,False,1196,1152,1248,1121,1582,1221,1174,1281,1250,1136,1156,1260,1544,1289,1304,1336,1400,964,1396,1114,1109,1210,1091,1174,1233,1208,1068,1601,1470,1480,1244,1382,1558,1309,1196,1118,1324,1154,1146,1179,1249,1254,1211,1299,1566,1147,1325,1051,1422,1084,1476,1122,1321,1336,1089,1105,1441,1473,1540,1104,1197,1285,1148,1534,1118,1177,1049,1209,1512,1382,1165,1050,1035,1221,1177,1121,1318
75,56,False,1180,1211,1248,1210,1167,1156,1238,1320,1250,1230,1136,1561,1281,1182,1182,1283,1306,1056,1038,1249,1248,1301,1102,1458,1123,1261,1458,1264,1550,1128,1177,1146,1288,1505,1153,1413,1317,1210,1528,1570,1117,1122,1088,1211,1457,1243,1518,1121,1261,1123,1078,1328,1475,1222,1523,1468,1104,1275,1432,1466,1224,1080,1374,1285,1237,1406,1093,1228,1245,1449,1314,1253,1340,1443,1320,1344,1202
75,56,False,1229,1204,1147,1115,1135,1202,1560,1200,1136,1261,1228,1281,1363,1201,1207,1233,1304,1265,1028,1100,1503,1120,1318,1237,1445,1141,1429,1291,1341,1130,1431,1445,1187,1514,1093,1228,1336,1384,1118,1470,1322,1433,1180,1272,1424,1135,1128,1221,1114,1222,1256,1150,1387,1206,1257,1180,1304,1220,1088,1203,1337,1300,1387,1501,1253,1298,1354,1173,1514,1148,1340,1080,1249,1445,1358,1182,1333
75,56,False,1196,1126,1024,1197,1066,1134,1176,1149,1269,1281,1248,1288,1693,1218,1715,1308,1254,1254,1011,1331,1475,1297,1129,1189,1443,1440,1003,1275,1124,1214,1080,1458,1113,1406,1490,1250,1348,1362,1194,1146,1126,1461,1467,1120,1562,1391,1203,1106,1465,1060,1464,1162,1275,1226,1097,1317,1115,1440,1111,1505,1323,1285,1361,1198,1376,1145,1024,1212,1236,1046,1134,1301,1148,1254,1460,1250,1412
75,56,False,1090,1456,1117,1234,1510,1155,1235,1122,1548,1251,1280,1259,1424,1179,1182,1696,1301,975,946,1069,1235,1456,1289,1481,1263,1484,1217,1218,1210,1329,1172,1377,1306,1265,1169,1245,1161,1332,1144,1453,1198,1215,1278,1282,1361,1126,1290,1377,1105,1196,1184,1244,1160,1240,1220,1534,1113,1154,1042,1177,1395,1380,1245,1256,1269,1081,1199,1249,1162,1234,1101,1086,1066,1218,1328,1304,1228
75,56,False,1153,1200,1246,1118,1454,1206,1198,1054,1256,1556,1289,1628,1280,1181,1445,1517,1296,994,1194,1118,1062,1136,1143,1184,1311,1331,1035,1211,1380,1348,1465,1268,1252,1369,1265,1544,1218,1305,1106,1246,1209,1472,1220,1236,1354,1238,1338,1239,1356,1089,1334,1044,1216,1115,1384,1364,1100,1438,1051,1290,1369,1069,1492,1382,1268,1168,1256,1045,1292,1204,1154,1092,1130,1121,1183,1320,1135
75,56,False,1092,1196,1096,1522,1236,1176,1268,1095,1149,1146,1674,1259,1215,1264,1525,1260,1384,981,1229,1419,1280,1111,1130,1179,1137,1536,1339,1256,1266,1275,1232,1355,1141,1521,1323,1545,1220,1291,1128,1240,1238,1217,1110,1145,1122,1264,1459,1012,1177,1188,1146,1076,1051,1258,1220,1400,1241,1156,1044,1365,1478,1283,1268,1265,1299,1338,1402,1372,1296,1246,1117,1264,1158,1163,1341,1164,1100
75,56,False,1129,1185,1130,1128,1246,1149,1237,1603,1222,1152,1266,1313,1358,1194,1244,1254,1522,1151,990,1045,1110,1504,1261,1235,1133,1480,1065,1196,1128,1188,1298,1348,1457,1411,1417,1218,1339,1174,1451,1357,1138,1470,1207,1250,1123,1235,1424,1072,1365,1082,1354,1203,1082,1422,1208,1531,1259,1082,1131,1098,1137,1454,1203,1161,1337,1190,1442,1347,1190,1235,1164,1163,1355,1244,1240,1141,1099
75,56,False,1104,1129,1149,1233,1108,1226,1203,1112,1292,1321,1138,1157,1172,1554,1227,1267,1235,987,1387,1059,1283,1220,1157,1094,1224,1515,1451,1177,1413,1201,1208,1392,1297,1291,1072,1331,1285,1293,1258,1084,1152,1105,1387,1356,1390,1467,1232,1090,1043,1202,1290,1183,1201,1221,1292,1144,1144,1409,1178,1224,1084,1316,1037,1345,1403,1185,1397,1213,1327,1105,1236,1117,1116,1226,1212,1222,1079
75,56,False,1442,1209,1206,1473,1021,1213,1198,1228,1184,1288,1163,1194,1181,1268,1171,1508,1328,1178,1011,1456,1096,1322,1185,1174,1178,1120,1320,1368,1084,1342,1218,1504,1233,1157,1202,1478,1280,1242,1424,1535,1012,1192,1201,1157,1117,1133,1221,1436,1309,1173,1048,1357,1131,1221,1158,1286,1530,1179,1342,1300,1282,1307,1150,1341,1115,1053,1329,1398,1418,1174,1120,1190,1387,1288,1093,1254,1298
75,56,False,1118,1198,1252,1543,1105,1077,1145,1227,1144,1206,1203,1309,1618,1233,1573,1606,1565,1270,1380,1073,1274,1280,1360,1171,1234,1304,1100,1347,1503,1120,1186,1188,1419,1210,1065,1417,1105,1340,1472,1309,1233,1503,1141,1517,1238,1119,1192,1460,1364,1081,1152,1400,1209,1368,1269,1552,1347,1272,1084,1198,1535,1396,1086,1535,1372,1265,1269,1078,1316,1055,1246,1203,1376,1298,1344,1404,1163
75,56,False,1184,1119,1098,1146,1178,1310,1149,1521,1203,1636,1156,1228,1200,1185,1637,1285,1579,1250,1036,1276,998,1497,1193,1115,1459,1267,1062,1371,1314,1563,1213,1222,1310,1327,1408,1354,1214,1392,1344,1291,1188,1115,1211,1198,1331,1312,1233,1142,1202,1104,1059,1193,1235,1109,1113,1445,1392,1092,1052,1347,1298,1058,1269,1453,1341,1074,1461,1120,1386,1422,1174,1336,1059,1438,1173,1403,1209
75,56,False,1196,1158,1128,1172,1206,1096,1203,1158,1625,1211,1252,1366,1173,1600,1251,1600,1204,1346,1012,1264,1021,1195,1454,1140,1236,1105,1259,1282,1429,1141,1396,1218,1413,1244,1148,1387,1078,1234,1365,1184,1086,1357,1173,1185,1473,1284,1152,1292,1435,1185,1309,1200,1434,1321,1140,1314,1145,1535,1083,1195,1395,1201,1190,1364,1315,1473,1192,1117,1096,1118,1213,1454,1211,1486,1235,1059,1372
75,56,False,1245,1487,1025,1508,1209,1184,1163,1181,1270,1273,1267,1186,1229,1225,1195,1409,1595,984,1001,1410,1499,1432,1455,1261,1107,1241,1150,1393,1324,1278,1293,1153,1262,1472,1105,1137,1128,1243,1157,1336,1173,1413,1245,1208,1258,1300,1102,1454,1331,1035,1097,1174,1161,1179,1291,1089,1181,1057,1326,1228,1209,1298,1189,1270,1468,1068,1329,1508,1266,1126,1099,1339,1195,1193,1220,1250,1286
75,56,False,1187,1180,1445,1148,1097,1223,1294,1544,1476,1203,1197,1161,1628,1264,1212,1296,1301,1124,1005,1289,1280,1140,1497,1181,1302,1259,1045,1517,1197,1471,1221,1194,1522,1209,1113,1510,1277,1304,1119,1224,1332,1244,1301,1283,1142,1131,1475,1298,1096,1201,1200,1078,1166,1170,1172,1332,1461,1408,1313,1049,1200,1184,1258,1245,1240,1127,1411,1248,1264,1298,1082,1522,1379,1073,1230,1213,1357
75,56,False,1169,1057,1242,1211,1173,1052,1214,1202,1138,1301,1285,1592,1161,1313,1225,1484,1280,1358,1246,1068,1093,1101,1147,1084,1106,1518,1297,1371,1134,1305,1546,1429,1513,1299,1250,1344,1507,1200,1210,1411,1379,1293,1410,1177,1234,1452,1196,1173,1204,1253,1360,1060,1037,1070,1256,1189,1093,1158,1318,1136,1310,1122,1300,1387,1268,1099,1124,1258,1266,1453,1117,1204,1364,1198,1199,1081,1156
75,56,False,1448,1202,1017,1131,1251,1186,1132,1277,1137,1290,1609,1204,1194,1178,1178,1276,1304,1284,952,1420,1134,1348,1297,1169,1292,1358,1045,1442,1188,1267,1189,1518,1299,1457,1115,1238,1416,1300,1226,1381,1161,1188,1248,1301,1225,1292,1163,1356,1308,1080,1388,1258,1370,1432,1404,1310,1156,1477,1514,1195,1379,1429,1169,1285,1306,1461,1133,1232,1110,1457,1381,1203,1067,1040,1077,1340,1033
75,56,False,1301,1137,1036,1261,1160,1357,1131,1172,1148,1525,1206,1166,1180,1188,1249,1556,1368,996,1247,1092,1491,1268,1282,1546,1206,1106,1360,1188,1560,1528,1209,1249,1294,1167,1475,1146,1133,1157,1496,1376,1185,1425,1451,1224,1485,1190,1134,1048,1358,1305,1168,1285,1353,1040,1204,1112,1205,1150,1227,1470,1437,1237,1392,1100,1128,1240,1046,1176,1354,1126,1202,1181,1326,1184,1211,1147,1187
75,56,False,1098,1185,1093,1153,1141,1110,1284,1260,1625,1250,1234,1645,1317,1204,1470,1358,1430,894,968,1174,1482,1139,1138,1172,1500,1140,1507,1187,1414,1481,1267,1348,1269,1268,1158,1541,1220,1531,1147,1299,1229,1176,1283,1369,1168,1492,1173,1198,1363,1309,1315,1145,1168,1152,1283,1150,1442,1114,1285,1080,1241,1257,1052,1574,1403,1289,1226,1038,1140,1205,1126,1124,1214,1123,1205,1315,1284
75,56,False,1134,1107,1164,1265,1168,1570,1233,1165,1526,1138,1192,1165,1138,1481,1282,1280,1298,1289,985,1450,1170,1128,1235,1194,1310,1300,1212,1509,1448,1192,1412,1347,1108,1372,1250,1201,1418,1205,1222,1392,1420,1345,1082,1523,1126,1155,1340,1197,1256,1177,1341,1108,1133,1060,1199,1530,1155,1116,1078,1096,1422,1056,1189,1292,1090,1187,1091,1134,1390,1224,1221,1122,1182,1172,1357,1072,1397
75,57,False,1472,1109,1275,1228,1180,1099,1243,1578,1131,1147,1326,1277,1293,1249,1267,1517,1257,1003,994,1201,1119,1256,1352,1136,1363,1506,1465,1282,1275,1153,1441,1306,1203,1494,1113,1249,1230,1474,1307,1235,1305,1137,1264,1126,1293,1346,1132,1393,1189,1236,1401,1105,1299,1264,1363,1266,1520,1057,1186,1097,1409,1153,1248,1227,1242,1332,1150,1176,1096,1428,1265,1210,1026,1201,1443,1334,1081
75,57,False,1209,1221,1021,1148,1130,1264,1243,1149,1312,1118,1124,1184,1294,1395,1681,1517,1199,1045,1240,1418,1254,1233,1100,1394,1253,1285,1250,1224,1451,1395,1467,1055,1178,1276,1220,1356,1299,1462,1267,1246,1246,1456,1092,1179,1314,1427,1115,1357,1129,1147,1180,1084,1083,1124,1278,1261,1310,1057,1219,1172,1126,1249,1254,1157,1234,1125,1419,1234,1101,1046,1208,1095,1284,1152,1296,1155,1480
75,57,False,1129,1160,1155,1138,1115,1254,1237,1241,1251,1634,1186,1325,1548,1295,1467,1288,1316,1216,1312,1048,1128,1483,1307,1173,1204,1159,1075,1292,1238,1546,1229,1299,1302,1535,1222,1281,1360,1466,1373,1351,1469,1427,1060,1469,1235,1288,1210,1070,1394,1277,1130,1142,1186,1031,1416,1272,1310,1450,1329,1060,1225,1436,1394,1251,1192,1070,1454,1114,1196,1166,1362,1074,1369,1264,1121,1164,1071
75,57,False,1440,1205,1142,1118,1107,1045,1320,1264,1145,1242,1224,1278,1352,1564,1276,1277,1296,986,1006,1394,1124,1125,1268,1323,1538,1249,1106,1046,1483,1236,1426,1200,1362,1233,1116,1278,1468,1386,1190,1158,1363,1138,1059,1451,1323,1535,1499,1130,1516,1267,1110,1256,1267,1338,1282,1270,1202,1082,1046,1147,1172,1162,1125,1201,1098,1102,1204,1129,1310,1242,1535,1533,1480,1185,1201,1453,1137
75,57,False,1179,1220,1205,1194,1161,1550,1616,1117,1137,1102,1474,1278,1147,1381,1173,1246,1290,990,1164,1383,1128,1480,1261,1136,1267,1525,1380,1132,1482,1228,1225,1175,1274,1350,1249,1356,1116,1538,1185,1245,1489,1417,1189,1324,1430,1297,1182,1161,1178,1388,1452,1099,1353,1258,1256,1116,1453,1385,1110,1260,1108,1128,1090,1356,1081,1321,1444,1102,1155,1266,1187,1149,1265,1310,1172,1090,1106
75,57,False,1189,1158,1100,1148,1386,1126,1187,1187,1121,1553,1288,1289,1356,1297,1279,1288,1306,1018,973,1127,1513,1227,1501,1164,1354,1242,1129,1278,1349,1351,1141,1266,1337,1208,1079,1348,1130,1480,1162,1126,1123,1129,1139,1186,1266,1421,1300,1393,1169,1228,1146,1461,1356,1078,1227,1218,1413,1044,1171,1080,1307,1051,1225,1387,1395,1141,1073,1461,1230,1256,1053,1213,1365,1078,1389,1267,1373
75,57,False,1160,1148,1200,1388,1386,1230,1217,1270,1520,1134,1405,1186,1158,1397,1659,1264,1413,1260,956,1256,1492,1397,1289,1129,1209,1339,1181,1231,1139,1510,1170,1426,1226,1513,1421,1260,1186,1272,1123,1490,1445,1378,1172,1252,1252,1346,1094,1199,1265,1268,1257,1316,1063,1228,1195,1562,1251,1107,1054,1388,1348,1437,1470,1387,1036,1189,1282,1238,1089,1225,1206,1043,1130,1178,1091,1097,1140
75,57,False,1181,1274,1069,1053,1336,1185,1638,1279,1281,1557,1123,1332,1168,1403,1340,1297,1238,1284,1026,1100,1050,1211,1547,1230,1374,1215,1262,1265,1174,1409,1504,1249,1099,1382,1350,1147,1219,1270,1193,1132,1372,1353,1056,1240,1259,1121,1338,1225,1062,1459,1416,1399,1065,1169,1497,1382,1114,1454,1104,1138,1513,1362,1195,1291,1539,1110,1089,1131,1102,1394,1214,1067,1441,1306,1277,1188,1132
75,57,False,1190,1204,1145,1328,1218,1154,1590,1180,1255,1268,1238,1134,1320,1606,1420,1227,1277,1288,1377,1086,1034,1214,1246,1364,1352,1210,1436,1392,1399,1500,1254,1172,1274,1265,1342,1310,1305,1237,1273,1133,1228,1296,1369,1260,1531,1324,1115,1409,1138,1198,1289,1227,1362,1176,1149,1150,1500,1471,1085,1339,1277,1213,1131,1324,1466,1164,1146,1173,1462,1358,1193,1281,1305,1124,1114,1075,1304
75,57,False,1158,1101,1541,1140,1153,1217,1563,1629,1508,1137,1105,1272,1638,1301,1216,1297,1248,978,1141,1065,1123,1120,1264,1536,1516,1258,1310,1533,1208,1346,1245,1272,1492,1534,1445,1405,1225,1297,1198,1469,1218,1193,1094,1187,1578,1440,1255,1192,1156,1101,1117,1212,1131,1184,1158,1146,1497,1084,1297,1282,1355,1074,1348,1420,1045,1049,1382,1162,1238,1286,1390,1225,1150,1083,1177,1141,1170
75,57,False,1108,1107,1177,1480,1206,1133,1108,1264,1134,1251,1322,1337,1284,1192,1461,1578,1240,1038,1242,1427,1102,1237,1157,1517,1264,1121,1028,1252,1570,1411,1139,1266,1506,1187,1109,1232,1332,1260,1280,1321,1052,1432,1200,1184,1192,1185,1073,1172,1116,1118,1068,1140,1043,1145,1230,1526,1388,1280,1105,1340,1252,1107,1092,1145,1459,1113,1301,1210,1102,1048,1247,1240,1240,1392,1101,1353,1131
75,57,False,1109,1204,1473,1112,1150,1172,1228,1107,1141,1139,1240,1566,1166,1397,1492,1565,1241,1266,1148,1233,1475,1140,1125,1122,1232,1258,1133,1149,1118,1485,1209,1347,1310,1195,1117,1339,1081,1414,1129,1124,1250,1172,1188,1390,1273,1285,1110,1129,1236,1221,1284,1111,1140,1126,1293,1331,1289,1230,1333,1360,1221,1296,1480,1233,1323,1113,1394,1299,1265,1105,1339,1256,1147,1286,1174,1233,1305
75,57,False,1142,1220,1125,1238,1263,1575,1108,1256,1254,1256,1540,1168,1461,1274,1165,1524,1283,1250,1410,1435,1228,1116,1350,1328,1117,1363,1235,1284,1249,1174,1245,1332,1509,1455,1304,1370,1096,1126,1254,1116,1245,1324,1458,1509,1252,1277,1196,1134,1272,1113,1165,1404,1235,1032,1242,1395,1129,1141,1531,1096,1480,1026,1206,1461,1426,1100,1156,1382,1314,1494,1245,1347,1434,1121,1038,1138,1345
75,57,False,1144,1522,1214,1261,1090,1176,1210,1179,1142,1549,1418,1573,1246,1282,1434,1541,1282,901,1026,1477,1219,1568,1160,1123,1272,1253,1210,1280,1535,1409,1128,1467,1253,1115,1386,1240,1312,1114,1392,1235,1523,1290,1126,1329,1262,1403,1155,1195,1136,1079,1050,1211,1181,1341,1212,1273,1190,1066,1443,1338,1155,1420,1349,1163,1105,1210,1234,1325,1498,1118,1217,1161,1406,1364,1259,1446,1125
75,57,False,1304,1134,1462,1484,1101,1076,1108,1177,1197,1307,1602,1243,1635,1393,1461,1550,1198,1052,1244,1065,1261,1496,1157,1108,1476,1282,1314,1461,1173,1109,1352,1518,1154,1163,1188,1200,1137,1300,1495,1272,1365,1273,1091,1194,1415,1416,1232,1169,1289,1470,1350,1213,1191,1058,1244,1451,1252,1190,1328,1138,1489,1380,1323,1369,1192,1109,1170,1049,1110,1226,1188,1124,1236,1165,1168,1051,1166
75,57,False,1418,1234,1144,1119,1208,1050,1188,1217,1196,1144,1115,1247,1230,1488,1291,1274,1249,978,1222,1448,1021,1137,1427,1411,1195,1111,1380,1180,1513,1237,1363,1520,1267,1140,1565,1282,1531,1357,1362,1120,1260,1396,1330,1135,1200,1248,1211,1330,1388,1355,1160,1054,1169,1152,1076,1450,1337,1100,1018,1326,1337,1254,1126,1265,1123,1077,1069,1444,1344,1512,1316,1266,1198,1109,1442,1193,1249
75,57,False,1154,1152,1105,1108,1125,1227,1061,1276,1236,1136,1299,1287,1172,1220,1176,1483,1265,997,1005,1256,1268,1127,1088,1162,1110,1464,1164,1120,1232,1391,1393,1125,1269,1129,1319,1517,1175,1163,1428,1208,1291,1261,1182,1235,1150,1314,1294,1185,1122,1144,1158,1240,1163,1304,1448,1565,1331,1215,1258,1081,1547,1205,1155,1398,1238,1262,1272,1073,1501,1163,1301,1465,1142,1109,1082,1118,1339
75,57,False,1247,1164,1250,1103,1128,1146,1217,1249,1248,1518,1193,1346,1664,1650,1478,1570,1272,884,1316,1256,1065,1085,1045,1313,1113,1209,1210,1208,1409,1101,1435,1485,1528,1264,1221,1155,1198,1438,1333,1141,1412,1160,1456,1305,1286,1309,1284,1097,1079,1058,1396,1345,1251,1465,1069,1478,1210,1080,1039,1307,1324,1053,1082,1105,1260,1264,1141,1433,1093,1272,1138,1170,1192,1154,1356,1387,1284
75,57,False,1110,1289,1212,1141,1137,1160,1481,1256,1121,1502,1310,1277,1331,1182,1540,1537,1150,1077,984,1070,1125,1505,1044,1547,1220,1336,1152,1263,1286,1154,1385,1451,1165,1150,1156,1430,1050,1263,1419,1338,1482,1226,1141,1482,1254,1382,1128,1171,1140,1121,1333,1109,1226,1077,1254,1352,1460,1072,1076,1459,1187,1100,1230,1404,1216,1299,1072,1472,1312,1220,1175,1365,1417,1339,1120,1208,1170
75,57,False,1461,1499,1281,1509,1131,1267,1172,1101,1115,1121,1535,1224,1535,1359,1460,1521,1554,967,1037,1502,1104,1091,1248,1307,1298,1172,1179,1290,1268,1101,1066,1212,1107,1129,1168,1272,1192,1497,1347,1147,1259,1126,1260,1261,1277,1212,1235,1097,1102,1172,1062,1168,1056,1301,1454,1394,1468,1310,1247,1528,1605,1241,1130,1554,1388,1310,1114,1165,1226,1149,1370,1329,1218,1033,1170,1154,1320
75,57,False,1188,1082,1364,1220,1089,1212,1256,1130,1245,1132,1295,1334,1186,1260,1435,1324,1253,931,1401,997,1108,1277,1163,1105,1224,1208,1234,1229,1158,1398,1359,1345,1234,1225,1165,1482,1314,1173,1300,1042,1281,1203,1408,1138,1257,1261,1489,1141,1190,1130,1413,1422,1389,1070,1348,1569,1378,1064,1268,1329,1390,1203,1049,1220,1047,1066,1233,1056,1062,1156,1358,1092,1182,1177,1211,1215,1363
75,57,False,1145,1475,1145,1218,1373,1492,1214,1180,1270,1516,1153,1210,1620,1208,1182,1451,1256,1041,1262,1074,1078,1533,1146,1105,1121,1211,1053,1265,1289,1363,1275,1214,1523,1131,1097,1320,1171,1309,1247,1514,1265,1526,1194,1497,1301,1185,1186,1265,1200,1114,1074,1045,1358,1117,1428,1285,1301,1078,1398,1321,1382,1178,1441,1089,1038,1211,1154,1361,1262,1165,1390,1281,1131,1371,1170,1035,1211
75,57,False,1401,1200,1264,1096,1170,1554,1257,1175,1523,1192,1355,1561,1572,1280,1184,1546,1189,986,1215,1012,1523,1206,1113,1548,1103,1142,1209,1147,1088,1307,1200,1427,1188,1393,1094,1203,1350,1262,1415,1445,1067,1502,1154,1140,1299,1458,1263,1149,1166,1321,1365,1250,1459,1236,1294,1179,1137,1212,1118,1104,1571,1242,1219,1245,1449,1220,1209,1052,1277,1270,1254,1046,1383,1183,1206,1205,1363
75,57,False,1173,1124,1025,1143,1193,1115,1216,1238,1238,1203,1144,1576,1550,1361,1246,1235,1485,1136,1201,1451,1121,1257,1157,1436,1158,1190,1452,1301,1154,1245,1229,1134,1203,1254,1260,1210,1426,1400,1293,1137,1178,1321,1285,1531,1156,1245,1265,1137,1306,1169,1062,1061,1115,1067,1377,1282,1156,1228,1392,1310,1304,1169,1352,1138,1291,1130,1329,1074,1066,1178,1093,1152,1207,1326,1083,1098,1420
75,57,False,1139,1003,1238,1145,1236,1537,1535,1227,1135,1625,1525,1685,1167,1260,1186,1714,1331,944,1166,1412,1244,1481,1254,1272,1163,1245,1043,1372,1518,1337,1243,1294,1209,1251,1096,1321,1264,1227,1219,1401,1232,1243,1356,1301,1297,1280,1318,1386,1075,1154,1467,1096,1269,1213,1380,1355,1159,1385,1448,1216,1268,1380,1458,1133,1038,1169,1160,1133,1101,1120,1284,1086,1104,1104,1083,1188,1177
75,57,False,1148,1197,1061,1132,1161,1156,1544,1256,1245,1121,1160,1273,1165,1654,1305,1553,1258,1065,1437,1509,1483,1194,1339,1292,1302,1482,1334,1126,1114,1446,1133,1216,1491,1254,1441,1329,1355,1202,1586,1346,1162,1438,1260,1169,1476,1337,1344,1425,1384,1185,1144,1360,1204,1232,1042,1160,1366,1462,1100,1160,1419,1430,1260,1328,1333,1384,1133,1155,1258,1088,1261,1116,1104,1097,1476,1259,1131
75,57,False,1206,1186,1099,1056,1295,1158,1196,1579,1244,1131,1619,1206,1547,1396,1199,1573,1167,1164,1106,1256,1081,1496,1111,1294,1220,1234,1044,1169,1266,1447,1410,1215,1298,1291,1137,1293,1092,1409,1275,1197,1403,1393,1088,1240,1260,1484,1401,1108,1257,1048,1204,1110,1475,1182,1430,1381,1164,1184,1269,1328,1448,1284,1147,1286,1292,1046,1171,1136,1262,1297,1148,1266,1281,1069,1321,1394,1233
75,57,False,1472,1072,1174,1478,1183,1133,1096,1392,1193,1481,1333,1173,1175,1557,1212,1579,1547,875,1041,1171,1161,1118,1109,1500,1102,1406,1461,1399,1444,1387,1129,1225,1161,1512,1175,1494,1324,1277,1296,1484,1194,1462,1207,1370,1117,1344,1403,1117,1304,1466,1056,1041,1184,1204,1085,1123,1217,1286,1211,1314,1210,1235,1073,1404,1386,1075,1350,1252,1145,1125,1134,1072,1502,1472,1166,1252,1347
75,57,False,1156,1205,1192,1507,1157,1508,1208,1121,1235,1622,1314,1326,1178,1268,1275,1337,1365,1251,1097,1050,1315,1208,1188,1273,1232,1198,1108,1387,1332,1140,1199,1557,1352,1233,1217,1280,1068,1180,1242,1338,1299,1178,1173,1411,1405,1437,1267,1378,1043,1047,1198,1392,1491,1040,1049,1402,1369,1144,1113,1267,1142,1044,1050,1136,1116,1396,1232,1101,1320,1185,1389,1164,1256,1177,1302,1226,1442
75,57,False,1165,1075,1154,1203,1206,1153,1612,1300,1540,1266,1225,1691,1307,1262,1410,1310,1371,985,1313,1051,1172,1338,1215,1523,1323,1193,1120,1213,1460,1169,1364,1225,1154,1253,1409,1484,1159,1359,1290,1283,1382,1446,1315,1252,1226,1243,1537,1212,1336,1172,1066,1043,1059,1202,1050,1527,1273,1090,1334,1228,1163,1122,1158,1249,1446,1233,1402,1237,1088,1130,1227,1338,1220,1203,1306,1385,1249
75,57,False,1488,1129,1225,1157,1219,1173,1153,1201,1442,1156,1229,1147,1313,1600,1220,1535,1538,1265,997,1250,1320,1076,1186,1359,1539,1466,1267,1177,1229,1100,1334,1285,1162,1148,1188,1267,1492,1411,1473,1203,1482,1429,1088,1369,1272,1287,1417,1160,1211,1176,1088,1257,1361,1258,1256,1460,1239,1054,1361,1564,1103,1553,1376,1417,1302,1352,1300,1260,1332,1332,1126,1019,1297,1386,1429,1443,1356
75,57,False,1138,1149,1176,1304,1153,1034,1517,1253,1199,1572,1136,1212,1208,1177,1645,1472,1459,873,1348,1124,1134,1177,1170,1090,1304,1523,1521,1506,1131,1101,1296,1339,1431,1124,1121,1270,1410,1220,1432,1085,1312,1292,1337,1477,1478,1124,1112,1200,1073,1041,1192,1195,1166,1403,1051,1391,1518,1170,1054,1046,1349,1227,1328,1163,1187,1331,1308,1182,1042,1038,1129,1493,1307,1285,1289,1077,1141
75,57,False,1178,1210,1100,1255,1141,1122,1286,1164,1264,1394,1518,1277,1206,1177,1195,1272,1432,1265,1162,1470,1128,1352,1152,1539,1243,1503,1379,1361,1327,1330,1325,1257,1516,1456,1192,1145,1136,1378,1229,1235,1493,1158,1284,1203,1393,1240,1409,1249,1230,1048,1104,1058,1098,1301,1046,1172,1241,1203,1227,1390,1255,1116,1145,1205,1291,1252,1347,1073,1499,1185,1362,1051,1130,1253,1065,1459,1171
75,57,False,1177,1113,1251,1248,1147,1564,1160,1242,1261,1238,1184,1323,1348,1227,1310,1651,1571,1022,1192,1446,1299,1216,1321,1298,1548,1243,1094,1418,1208,1317,1483,1162,1349,1452,1344,1535,1080,1155,1298,1420,1312,1427,1178,1156,1376,1297,1117,1232,1235,1366,1145,1211,1261,1291,1179,1500,1085,1285,1114,1089,1432,1069,1321,1217,1092,1301,1100,1020,1406,1113,1114,1188,1195,1104,1038,1465,1371
75,57,False,1174,1150,1102,1502,1302,1579,1586,1226,1196,1116,1145,1163,1566,1318,1324,1305,1153,1275,1242,1427,1253,1124,1209,1453,1197,1140,1386,1252,1336,1311,1320,1258,1469,1482,1217,1140,1332,1184,1453,1302,1170,1310,1291,1169,1149,1137,1482,1294,1163,1206,1124,1194,1173,1383,1131,1468,1561,1182,1120,1384,1377,1415,1440,1290,1092,1054,1149,1130,1181,1318,1081,1282,1163,1085,1438,1305,1176
75,57,False,1128,1228,1144,1529,1179,1272,1645,1413,1429,1229,1138,1150,1174,1289,1434,1339,1237,1241,1360,1428,1468,1487,1502,1152,1147,1352,1075,1270,1171,1323,1190,1139,1387,1387,1371,1482,1475,1413,1356,1131,1102,1254,1245,1355,1377,1252,1314,1097,1305,1176,1110,1121,1247,1276,1262,1338,1246,1072,1517,1401,1361,1066,1106,1498,1440,1333,1267,1267,1144,1245,1314,1462,1178,1142,1141,1262,1105
75,57,False,1084,1230,1140,1215,1130,1257,1169,1616,1308,1289,1609,1162,1537,1369,1312,1293,1242,1314,1038,1126,1131,1140,1134,1149,1266,1286,1434,1371,1190,1124,1115,1449,1105,1209,1214,1528,1396,1383,1337,1132,1380,1309,1060,1266,1554,1357,1367,1169,1272,1372,1334,1365,1205,1324,1060,1100,1535,1045,1218,1208,1424,1360,1203,1551,1154,1312,1051,1302,1516,1275,1043,1376,1320,1084,1437,1082,1355
75,57,False,1166,1094,1252,1187,1101,1176,1145,1125,1288,1256,1207,1186,1219,1317,1450,1363,1261,864,1340,976,1086,1282,1458,1301,1109,1107,1321,1150,1116,1128,1297,1410,1185,1411,1219,1209,1216,1164,1453,1124,1201,1353,1177,1126,1336,1329,1126,1442,1144,1257,1378,1198,1130,1328,1348,1158,1205,1179,1309,1378,1199,1085,1362,1132,1092,1069,1410,1217,1101,1272,1182,1290,1493,1363,1261,1101,1375
75,57,False,1130,1228,1250,1538,1154,1267,1187,1115,1376,1122,1250,1629,1299,1472,1349,1259,1251,986,1211,1225,1149,1132,1317,1420,1313,1101,1133,1168,1291,1508,1218,1450,1505,1222,1096,1376,1171,1193,1425,1288,1379,1369,1197,1504,1345,1290,1243,1081,1275,1197,1208,1167,1074,1108,1169,1323,1140,1133,1394,1230,1246,1277,1355,1281,1468,1373,1234,1193,1275,1171,1259,1171,1352,1110,1121,1144,1064
75,57,False,1148,1210,1134,1524,1216,1129,1261,1084,1128,1169,1640,1232,1200,1220,1280,1499,1238,1222,1344,1109,1306,1123,1213,1457,1195,1187,1408,1300,1393,1245,1132,1120,1178,1394,1057,1152,1411,1297,1380,1192,1321,1123,1274,1237,1535,1241,1313,1185,1108,1160,1240,1285,1364,1046,1465,1432,1499,1504,1304,1237,1200,1083,1476,1385,1269,1205,1237,1044,1533,1364,1244,1405,1096,1138,1136,1108,1237
75,57,False,1198,1137,1562,1281,1195,1060,1192,1244,1275,1208,1291,1568,1533,1345,1535,1553,1316,995,1234,1168,1246,1086,1139,1096,1289,1465,1436,1337,1141,1258,1133,1289,1364,1274,1174,1440,1229,1169,1386,1419,1080,1395,1187,1235,1305,1195,1440,1366,1116,1221,1311,1155,1029,1163,1094,1203,1109,1135,1446,1172,1473,1241,1203,1371,1096,1065,1241,1125,1106,1028,1176,1153,1258,1077,1195,1158,1445
75,57,False,1528,1373,1192,1146,1134,1114,1131,1251,1156,1274,1259,1156,1289,1363,1158,1242,1590,1329,1029,1169,1104,1035,1493,1142,1297,1517,1168,1482,1230,1259,1267,1262,1202,1267,1082,1202,1454,1388,1171,1514,1347,1364,1158,1356,1312,1210,1147,1093,1232,1300,1303,1061,1056,1405,1130,1108,1424,1109,1444,1401,1357,1081,1184,1188,1339,1123,1305,1116,1117,1212,1100,1165,1329,1190,1176,1306,1203
75,57,False,1155,1313,1240,1496,1105,1207,1363,1117,1092,1264,1158,1237,1253,1258,1208,1560,1444,1185,942,1121,1340,1408,1467,1194,1265,1123,1280,1227,1424,1399,1257,1269,1207,1304,1368,1262,1179,1478,1240,1273,1352,1179,1299,1180,1500,1374,1118,1117,1411,1284,1204,1436,1328,1202,1140,1098,1236,1268,1370,1333,1193,1046,1363,1272,1287,1218,1214,1209,1136,1358,1365,1203,1233,1473,1179,1253,1446
75,57,False,1173,1168,1107,1302,1211,1537,1250,1259,1235,1126,1562,1272,1323,1224,1262,1339,1258,1284,1443,1106,1316,1212,1126,1207,1473,1165,1173,1391,1234,1348,1457,1150,1150,1248,1260,1196,1273,1484,1144,1108,1460,1243,1195,1461,1202,1334,1218,1213,1200,1078,1059,1416,1444,1050,1265,1338,1052,1060,1045,1449,1146,1056,1309,1555,1088,1269,1082,1402,1276,1040,1327,1166,1435,1409,1148,1218,1149
75,57,False,1164,1098,1499,1190,1112,1216,1299,1545,1318,1204,1138,1172,1313,1254,1217,1580,1425,1077,974,1459,1224,1334,1321,1175,1181,1162,1112,1226,1328,1228,1246,1131,1212,1139,1305,1198,1319,1129,1236,1314,1210,1336,1147,1182,1397,1118,1498,1185,1406,1441,1461,1147,1263,1493,1420,1483,1521,1095,1230,1217,1132,1253,1045,1338,1157,1340,1243,1444,1152,1218,1162,1221,1244,1187,1233,1156,1156
75,57,False,1218,1327,1128,1155,1181,1158,1514,1230,1256,1288,1308,1249,1373,1645,1278,1580,1257,1081,1212,1089,1003,1182,1491,1240,1130,1454,1276,1230,1307,1426,1292,1136,1167,1229,1293,1400,1294,1281,1480,1258,1272,1392,1252,1200,1248,1360,1176,1204,1263,1132,1148,1202,1154,1055,1435,1337,1339,1196,1517,1143,1388,1328,1464,1480,1272,1105,1125,1205,1265,1483,1229,1096,1077,1139,1224,1189,1346
75,57,False,1082,1306,1125,1194,1291,1181,1435,1234,1142,1320,1285,1634,1592,1328,1468,1260,1530,881,1235,1437,1427,1452,1525,1094,1234,1332,1452,1397,1220,1188,1409,1271,1357,1311,1409,1362,1234,1303,1226,1307,1230,1282,1363,1160,1139,1230,1378,1280,1213,1267,1377,1017,1090,1141,1483,1440,1206,1419,1256,1142,1357,1358,1074,1231,1377,1120,1153,1138,1257,1136,1096,1218,1456,1250,1413,1198,1204
75,57,False,1428,1172,1422,1184,1228,1228,1241,1165,1255,1144,1148,1254,1154,1413,1257,1242,1322,981,1037,1102,1040,1173,1220,1142,1166,1482,1040,1294,1174,1246,1283,1320,1531,1356,1261,1156,1075,1244,1461,1378,1196,1425,1235,1348,1174,1546,1296,1265,1301,1112,1313,1179,1168,1136,1065,1434,1098,1200,1218,1238,1397,1451,1340,1324,1372,1326,1151,1268,1320,1414,1113,1347,1203,1068,1199,1150,1056
75,57,False,1205,1211,1214,1125,1177,1200,1230,1096,1260,1129,1265,1366,1174,1301,1444,1547,1422,1057,1004,1076,1121,1558,1076,1548,1349,1117,1215,1476,1313,1222,1211,1433,1169,1345,1104,1253,1088,1443,1186,1108,1314,1139,1378,1408,1412,1158,1305,1130,1334,1396,1091,1105,1056,1075,1147,1162,1463,1309,1550,1139,1438,1288,1260,1315,1399,1113,1418,1294,1321,1154,1189,1341,1230,1208,1304,1402,1167
75,57,False,1094,1157,1247,1478,1558,1281,1218,1189,1199,1246,1571,1197,1357,1618,1277,1536,1252,1062,1156,1100,1021,1178,1544,1289,1126,1299,1291,1123,1273,1384,1256,1156,1286,1097,1225,1130,1072,1128,1311,1416,1179,1364,1439,1318,1229,1198,1413,1357,1274,1153,1211,1402,1419,1182,1364,1169,1106,1197,1114,1358,1368,1411,1089,1328,1224,1084,1126,1181,1524,1251,1252,1040,1333,1104,1128,1313,1107
75,57,False,1155,1157,1157,1229,1242,1202,1237,1224,1146,1572,1157,1338,1429,1230,1237,1252,1292,1160,1050,1019,1176,1517,1496,1157,1172,1141,1252,1258,1270,1113,1126,1194,1102,1455,1329,1298,1095,1196,1243,1482,1274,1150,1187,1250,1183,1331,1406,1172,1070,1061,1359,1072,1224,1142,1214,1142,1108,1181,1154,1096,1398,1034,1308,1360,1074,1269,1214,1162,1493,1148,1304,1208,1198,1225,1244,1004,1418
75,57,False,1296,1156,1212,1513,1072,1188,1246,1193,1145,1262,1574,1180,1287,1269,1695,1309,1535,1003,1036,1080,1139,1260,1401,1146,1218,1491,1147,1244,1479,1424,1145,1257,1205,1310,1187,1347,1086,1227,1182,1284,1230,1284,1436,1394,1152,1443,1227,1134,1105,1403,1284,1201,1234,1316,1373,1121,1542,1204,1213,1209,1398,1113,1169,1504,1108,1148,1468,1156,1088,1138,1126,1328,1155,1033,1096,1302,1340
75,57,False,1428,1208,1304,1129,1228,1132,1072,1267,1136,1264,1642,1330,1670,1186,1268,1291,1288,1298,1240,1077,1027,1397,1139,1453,1174,1258,1080,1325,1438,1139,1197,1437,1553,1230,1243,1549,1165,1122,1350,1226,1379,1475,1069,1161,1132,1340,1438,1211,1442,1150,1334,1062,1168,1331,1292,1281,1139,1395,1394,1345,1532,1088,1056,1470,1338,1057,1351,1459,1088,1216,1187,1310,1122,1251,1192,1317,1116
75,57,False,1459,1093,1257,1185,1231,1150,1213,1590,1214,1116,1268,1299,1178,1215,1176,1618,1267,977,980,1004,1119,1186,1170,1099,1254,1140,1493,1108,1169,1361,1287,1141,1382,1435,1186,1142,1219,1496,1225,1128,1193,1342,1200,1483,1148,1132,1540,1161,1128,1202,1126,1059,1460,1210,1084,1352,1388,1513,1288,1159,1265,1101,1217,1174,1042,1372,1112,1068,1235,1485,1106,1214,1168,1239,1133,1096,1295
75,57,False,1530,1171,1126,1265,1170,1384,1054,1088,1600,1236,1148,1548,1482,1620,1172,1333,1255,1328,1377,1028,1129,1368,1213,1248,1189,1123,1195,1370,1235,1293,1480,1523,1200,1131,1129,1243,1480,1507,1161,1274,1265,1152,1081,1301,1357,1119,1408,1186,1454,1209,1168,1168,1237,1131,1157,1274,1332,1158,1054,1250,1213,1078,1377,1094,1248,1246,1219,1212,1420,1320,1062,1121,1388,1298,1092,1162,1155
75,57,False,1201,1190,1221,1091,1157,1594,1226,1109,1234,1640,1332,1609,1266,1208,1181,1283,1362,1281,1232,1067,1022,1474,1144,1201,1108,1106,1075,1193,1145,1113,1476,1577,1462,1221,1174,1507,1152,1217,1185,1181,1133,1296,1230,1121,1140,1472,1124,1123,1241,1362,1171,1227,1048,1229,1273,1160,1229,1144,1438,1489,1344,1274,1120,1316,1281,1188,1110,1236,1204,1168,1200,1499,1164,1310,1148,1141,1274
75,57,False,1098,1230,1165,1181,1234,1290,1182,1237,1282,1350,1259,1686,1277,1228,1269,1365,1243,954,1418,1179,1028,1135,1207,1499,1324,1182,1539,1286,1297,1392,1545,1357,1357,1228,1338,1214,1155,1213,1189,1142,1160,1466,1329,1272,1530,1422,1321,1431,1396,1190,1162,1292,1253,1165,1036,1293,1113,1077,1462,1196,1539,1171,1109,1162,1184,1105,1043,1233,1113,1353,1286,1182,1235,1141,1258,1130,1139
75,57,False,1508,1122,1212,1214,1225,1236,1233,1564,1132,1505,1273,1327,1567,1469,1285,1244,1299,1045,1034,1236,1472,1208,1122,1137,1233,1426,1368,1344,1461,1147,1315,1203,1169,1195,1450,1331,1019,1170,1337,1443,1201,1318,1192,1310,1211,1235,1435,1115,1157,1491,1076,1075,1394,1122,1162,1519,1384,1458,1082,1177,1178,1174,1145,1226,1234,1040,1285,1449,1129,1176,1348,1241,1330,1235,1272,1140,1080
75,57,False,1208,1084,1222,1196,1099,1234,1604,1140,1153,1149,1535,1269,1604,1407,1282,1521,1298,998,1243,1493,1308,1142,1161,1158,1355,1352,985,1186,1140,1202,1177,1143,1232,1216,1101,1174,1134,1212,1067,1477,1479,1469,1226,1200,1240,1494,1341,1085,1085,1315,1140,1410,1213,1289,1105,1120,1144,1413,1458,1372,1272,1066,1216,1320,1373,1432,1219,1290,1106,1075,1300,1150,1168,1376,1191,1121,1057
75,57,False,1182,1092,1136,1181,1148,1546,1243,1272,1550,1134,1259,1180,1212,1624,1222,1557,1414,1310,1008,1005,1156,1490,1180,1344,1185,1256,1394,1436,1132,1262,1259,1347,1309,1508,1216,1195,1253,1472,1405,1330,1177,1268,1402,1187,1329,1473,1337,1106,1176,1112,1153,1374,1447,1038,1269,1273,1257,1402,1066,1132,1275,1342,1298,1609,1219,1348,1130,1338,1221,1459,1396,1264,1506,1222,1270,1245,1267
75,57,False,1154,1054,1166,1154,1539,1108,1248,1217,1181,1213,1248,1614,1202,1412,1382,1254,1298,1320,1372,1085,1218,1302,1132,1129,1160,1475,1277,1437,1207,1142,1459,1068,1286,1203,1128,1483,1341,1477,1305,1501,1172,1328,1092,1483,1212,1501,1233,1157,1159,1462,1187,1090,1208,1129,1262,1144,1240,1284,1138,1034,1142,1079,1304,1093,1157,1387,1168,1246,1112,1209,1210,1120,1236,1160,1168,1126,1251
75,57,False,1171,1081,1237,1203,1155,1581,1094,1104,1145,1145,1600,1246,1263,1275,1617,1229,1359,1007,1024,1270,1125,1467,1300,1326,1560,1187,1224,1196,1221,1365,1259,1283,1176,1349,1477,1181,1218,1294,1210,1397,1377,1316,1339,1416,1250,1124,1417,1355,1189,1044,1435,1285,1146,1142,1155,1506,1382,1115,1314,1337,1316,1262,1269,1224,1392,1438,1469,1398,1169,1176,1058,1208,1120,1147,1145,1446,1252
75,57,False,1316,1512,1051,1469,1214,1160,1170,1181,1259,1300,1267,1148,1365,1310,1460,1253,1312,1265,1224,1076,1236,1017,1158,1468,1096,1272,1041,1213,1318,1245,1477,1242,1197,1362,1251,1201,1254,1230,1170,1268,1421,1218,1479,1327,1205,1473,1176,1291,1149,1037,1241,1486,1221,1104,1304,1106,1248,1087,1153,1218,1204,1325,1042,1233,1051,1097,1393,1264,1099,1316,1228,1106,1264,1173,1173,1241,1080
75,57,False,1136,1430,1190,1184,1232,1286,1149,1548,1242,1224,1643,1168,1260,1345,1314,1262,1306,1282,990,1422,1114,1118,1330,1202,1251,1321,1165,1477,1242,1360,1147,1162,1128,1366,1283,1225,1305,1205,1287,1498,1165,1358,1181,1368,1293,1535,1347,1086,1315,1194,1080,1278,1061,1403,1120,1121,1308,1243,1390,1416,1435,1014,1156,1185,1156,1392,1467,1328,1091,1310,1443,1166,1309,1257,1466,1444,1049
75,57,False,1108,1208,1226,1221,1482,1137,1165,1137,1580,1266,1216,1290,1564,1137,1370,1289,1217,1258,1009,1445,1501,1497,1244,1119,1323,1141,1114,1594,1402,1326,1400,1402,1286,1140,1295,1155,1114,1185,1343,1246,1172,1130,1164,1244,1276,1132,1434,1046,1252,1183,1085,1203,1287,1076,1248,1384,1162,1469,1162,1104,1291,1258,1518,1105,1042,1214,1381,1109,1281,1268,1379,1110,1376,1107,1436,1269,1242
75,57,False,1430,1176,1172,1257,1127,1293,1235,1203,1182,1120,1232,1168,1209,1535,1321,1253,1549,1265,1174,1026,1137,1345,1481,1252,1116,1500,1117,1394,1147,1277,1337,1224,1198,1281,1266,1274,1159,1116,1388,1123,1261,1352,1409,1432,1292,1258,1229,1212,1310,1086,1265,1100,1053,1214,1044,1394,1270,1153,1078,1536,1185,1246,1357,1156,1251,1152,1069,1334,1032,1094,1299,1294,1105,1449,1209,1323,1328
75,57,False,1177,1407,1199,1200,1248,1221,1203,1170,1284,1613,1241,1596,1300,1233,1224,1309,1410,1002,1249,1131,1145,1309,1148,1442,1493,1300,1255,1238,1263,1119,1454,1184,1190,1325,1210,1489,1285,1184,1377,1172,1168,1480,1169,1296,1365,1312,1382,1224,1042,1263,1046,1078,1257,1269,1045,1217,1405,1068,1118,1352,1548,1384,1230,1104,1212,1454,1197,1059,1215,1145,1137,1184,1474,1178,1430,1115,1246
75,57,False,1289,1141,1231,1042,1492,1205,1241,1274,1270,1197,1126,1158,1578,1246,1440,1229,1285,1040,1008,1246,1518,1190,1044,1281,1302,1157,1197,1213,1466,1499,1216,1144,1535,1208,1121,1406,1371,1522,1368,1201,1409,1403,1206,1217,1462,1251,1112,1413,1144,1288,1212,1382,1213,1147,1424,1181,1241,1394,1078,1211,1248,1083,1057,1332,1454,1068,1149,1038,1407,1269,1154,1352,1427,1071,1117,1117,1321
75,57,False,1166,1133,1266,1220,1169,1030,1179,1257,1267,1256,1156,1301,1643,1391,1170,1354,1286,1252,1156,1108,1305,1115,1173,1200,1143,1268,1043,1299,1164,1444,1176,1472,1433,1131,1195,1196,1273,1249,1386,1462,1201,1143,1101,1514,1202,1366,1425,1302,1066,1315,1176,1176,1392,1284,1076,1105,1180,1091,1402,1115,1100,1162,1310,1284,1113,1084,1282,1168,1398,1369,1286,1405,1358,1216,1280,1234,1145
75,57,False,1149,1427,1236,1238,1236,1274,1269,1253,1148,1576,1371,1630,1173,1582,1336,1421,1356,1182,998,1444,1209,1535,1206,1066,1332,1121,1101,1585,1194,1302,1432,1196,1186,1357,1342,1252,1262,1382,1402,1432,1114,1110,1190,1258,1144,1188,1435,1206,1065,1281,1107,1194,1404,1396,1452,1194,1206,1145,1112,1252,1198,1199,1241,1190,1068,1501,1372,1338,1138,1398,1107,1182,1264,1124,1237,1182,1229
75,57,False,1177,1176,1145,1276,1124,1219,1554,1642,1545,1264,1294,1288,1188,1648,1244,1251,1226,1246,1198,1290,1100,1133,1134,1341,1324,1244,1339,1097,1214,1130,1219,1084,1298,1275,1237,1338,1200,1209,1362,1442,1220,1444,1121,1276,1125,1363,1392,1109,1160,1218,1105,1198,1053,1199,1169,1563,1145,1150,1304,1053,1200,1442,1065,1160,1069,1198,1142,1226,1238,1246,1300,1128,1354,1109,1059,1355,1192
75,57,False,1090,1107,1188,1048,1248,1249,1328,1542,1174,1214,1206,1160,1518,1250,1269,1404,1459,1019,1249,1454,1131,1314,1168,1433,1443,1248,1117,1230,1314,1228,1345,1281,1320,1147,1157,1373,1219,1401,1410,1250,1297,1466,1467,1304,1249,1105,1210,1090,1463,1377,1216,1228,1264,1358,1248,1560,1382,1240,1394,1324,1333,1185,1166,1478,1093,1356,1230,1195,1468,1379,1307,1116,1240,1311,1186,1068,1243
75,57,False,1118,1370,1156,1392,1098,1144,1169,1603,1234,1208,1240,1314,1193,1300,1221,1496,1340,996,1217,1432,1472,1330,1155,1325,1293,1096,1082,1428,1254,1106,1268,1249,1114,1347,1116,1149,1196,1484,1298,1327,1117,1272,1114,1544,1323,1174,1454,1167,1240,1033,1177,1208,1289,1318,1164,1114,1467,1101,1124,1429,1286,1344,1155,1419,1110,1056,1503,1173,1234,1344,1295,1027,1104,1362,1274,1149,1034
75,57,False,1159,1204,1112,1242,1104,1228,1056,1094,1129,1156,1270,1248,1281,1321,1462,1293,1611,1353,1051,1261,1125,1446,1481,1201,1140,1228,1137,1245,1144,1278,1193,1153,1225,1412,1124,1163,1108,1358,1130,1456,1239,1280,1427,1294,1454,1340,1115,1312,1185,1249,1114,1241,1115,1329,1198,1578,1166,1048,1346,1080,1486,1305,1312,1139,1080,1212,1117,1187,1122,1245,1290,1306,1421,1126,1202,1028,1060
75,57,False,1480,1198,1138,1134,1158,1186,1535,1240,1225,1330,1275,1241,1368,1208,1236,1509,1558,1301,1240,1272,1091,1148,1178,1126,1289,1246,1254,1348,1184,1162,1230,1535,1266,1316,1194,1212,1210,1194,1118,1418,1292,1240,1499,1413,1188,1181,1226,1144,1373,1486,1077,1090,1342,1336,1229,1278,1142,1186,1214,1186,1221,1115,1108,1312,1099,1186,1420,1266,1357,1082,1404,1288,1386,1264,1498,1342,1169
75,57,False,1130,1128,1250,1148,1512,1262,1186,1267,1200,1256,1260,1235,1347,1596,1491,1650,1218,1139,1008,1232,1476,1130,1477,1250,1314,1236,1238,1481,1388,1202,1404,1229,1159,1354,1267,1469,1097,1213,1386,1241,1363,1268,1469,1217,1112,1227,1263,1490,1437,1066,1069,1294,1096,1126,1267,1289,1193,1177,1335,1472,1152,1049,1186,1411,1136,1302,1041,1075,1129,1307,1390,1219,1364,1326,1152,1133,1142
75,57,False,1138,1132,1497,1218,1140,1127,1166,1273,1665,1257,1155,1318,1265,1392,1141,1274,1203,1251,1019,991,1060,1121,1482,1075,1224,1484,1324,1438,1232,1294,1204,1108,1311,1160,1300,1428,1427,1130,1253,1403,1256,1266,1082,1352,1224,1268,1177,1292,1045,1308,1243,1062,1421,1117,1110,1299,1273,1072,1187,1289,1274,1494,1275,1268,1163,1105,1209,1162,1292,1046,1333,1211,1234,1431,1348,1250,1042
75,57,False,1141,1177,1548,1106,1508,1364,1199,1141,1251,1106,1189,1375,1183,1695,1259,1235,1286,1285,1428,1475,1118,1133,1553,1113,1205,1229,1354,1208,1260,1475,1276,1139,1235,1314,1125,1236,1274,1296,1283,1365,1473,1323,1487,1388,1304,1561,1347,1390,1148,1172,1088,1054,1148,1046,1138,1481,1089,1187,1393,1246,1255,1121,1117,1158,1106,1442,1325,1413,1149,1318,1116,1158,1082,1162,1169,1076,1258
75,57,False,1134,1214,1150,1112,1065,1133,1156,1322,1167,1250,1235,1153,1238,1251,1266,1242,1416,1057,1043,1447,1121,1480,1089,1259,1493,1115,1434,1117,1245,1154,1333,1432,1401,1216,1426,1160,1349,1290,1148,1241,1140,1369,1219,1413,1161,1387,1408,1356,1140,1438,1145,1466,1184,1100,1262,1176,1374,1096,1059,1222,1309,1416,1452,1113,1140,1165,1177,1390,1336,1032,1226,1276,1253,1045,1218,1317,1340
75,57,False,1147,1201,1168,1275,1248,1137,1192,1118,1265,1252,1264,1624,1168,1421,1208,1554,1363,936,1004,1432,1489,1164,1045,1283,1230,1219,1361,1463,1355,1329,1107,1476,1318,1389,1193,1453,1110,1114,1115,1374,1280,1237,1149,1409,1401,1198,1118,1107,1381,1181,1309,1222,1084,1202,1099,1366,1217,1381,1443,1180,1248,1275,1261,1381,1299,1449,1535,1120,1152,1248,1077,1184,1144,1169,1150,1249,1168
75,57,False,1139,1537,1079,1147,1232,1074,1306,1274,1114,1248,1619,1251,1323,1555,1231,1232,1232,996,1216,1054,1049,1210,1121,1564,1105,1158,1212,1162,1272,1281,1465,1158,1257,1359,1109,1130,1176,1398,1333,1441,1329,1498,1301,1312,1194,1138,1157,1378,1218,1098,1387,1268,1419,1244,1275,1373,1257,1405,1212,1152,1242,1076,1146,1316,1068,1244,1216,1070,1289,1238,1255,1016,1212,1286,1162,1139,1257
75,57,False,1146,1229,1244,1192,1520,1132,1176,1202,1135,1524,1241,1259,1335,1241,1282,1250,1167,1314,1014,1471,1333,1075,1360,1578,1181,1116,1203,1265,1123,1195,1154,1398,1331,1251,1218,1301,1064,1208,1269,1362,1422,1485,1064,1409,1294,1208,1202,1222,1219,1124,1267,1238,1165,1262,1342,1437,1378,1149,1525,1226,1332,1456,1213,1329,1102,1056,1464,1336,1224,1256,1176,1008,1127,1155,1202,1248,1126
75,57,False,1126,1461,1330,1482,1179,1315,1194,1147,1118,1158,1133,1650,1238,1710,1618,1254,1192,918,998,1416,1320,1128,1282,1457,1212,1313,1364,1384,1265,1236,1384,1304,1558,1261,1241,1201,1486,1413,1245,1427,1144,1163,1209,1193,1265,1208,1139,1141,1088,1350,1296,1096,1070,1216,1142,1362,1497,1242,1272,1150,1405,1462,1120,1156,1404,1097,1211,1260,1315,1249,1089,1162,1048,1409,1190,1249,1102
75,57,False,1489,1182,1341,1116,1136,1152,1317,1246,1245,1228,1554,1187,1408,1194,1178,1483,1228,1046,1333,1269,1117,1112,1314,1284,1114,1253,1065,1245,1122,1440,1162,1406,1354,1465,1306,1462,1334,1336,1185,1445,1278,1208,1220,1339,1193,1135,1478,1232,1416,1110,1059,1474,1437,1070,1266,1572,1346,1242,1141,1276,1419,1149,1371,1296,1187,1273,1310,1346,1296,1168,1195,1299,1090,1321,1347,1305,1273
75,57,False,1173,1177,1139,1490,1288,1609,1342,1349,1216,1141,1634,1251,1674,1161,1225,1260,1410,1022,1004,1076,1129,1492,1131,1240,1489,1136,1205,1401,1483,1458,1376,1109,1312,1397,1011,1332,1119,1164,1085,1101,1189,1103,1068,1443,1298,1478,1226,1142,1045,1107,1414,1258,1496,1341,1133,1396,1269,1477,1203,1153,1149,1030,1051,1173,1203,1169,1183,1208,1341,1505,1185,1100,1145,1052,1341,1241,1176
75,57,False,1150,1251,1233,1142,1274,1070,1155,1196,1132,1580,1225,1266,1213,1331,1223,1232,1237,981,1242,1075,1187,1535,1307,1154,1318,1218,1232,1340,1306,1282,1375,1214,1327,1205,1515,1269,1490,1226,1307,1542,1176,1230,1172,1361,1532,1205,1145,1260,1121,1159,1213,1084,1136,1347,1069,1355,1377,1164,1378,1065,1458,1153,1061,1401,1375,1292,1226,1316,1058,1257,1132,1164,1094,1222,1258,1253,1106
75,57,False,1523,1187,1217,1194,1498,1156,1108,1117,1140,1148,1332,1158,1291,1611,1266,1235,1255,1053,1034,977,1163,1102,1266,1435,1318,1115,1363,1418,1132,1499,1146,1232,1283,1388,1197,1369,1081,1483,1344,1324,1338,1200,1227,1224,1516,1462,1125,1153,1155,1108,1093,1385,1136,1435,1108,1181,1501,1203,1449,1137,1288,1475,1088,1384,1222,1136,1091,1048,1380,1033,1284,1157,1177,1084,1169,996,1102
75,57,False,1521,1208,1107,1085,1030,1160,1136,1630,1236,1249,1249,1541,1163,1328,1224,1555,1366,939,1020,1109,1093,1251,1147,1329,1322,1093,1268,1164,1240,1472,1162,1497,1142,1232,1395,1353,1227,1198,1170,1162,1529,1121,1110,1323,1308,1291,1458,1303,1110,1134,1052,1126,1069,1531,1048,1136,1445,1062,1242,1057,1189,1357,1369,1226,1060,1210,1110,1146,1268,1113,1165,1124,1186,1196,1159,1298,1461
75,57,False,1187,1529,1102,1148,1273,1165,1123,1266,1133,1217,1232,1226,1209,1382,1585,1478,1385,901,1089,1099,1137,1161,1172,1116,1515,1131,1174,1393,1240,1211,1527,1132,1469,1182,1423,1147,1107,1281,1349,1123,1141,1302,1360,1256,1526,1168,1165,1444,1196,1196,1376,1141,1097,1142,1147,1246,1127,1205,1464,1510,1158,1116,1117,1166,1494,1188,1227,1203,1402,1196,1374,1168,1328,1140,1192,1115,1089
75,57,False,1504,1126,1157,1206,1162,1058,1467,1304,1613,1293,1137,1593,1262,1205,1683,1235,1297,1094,1041,989,1188,1492,1223,1355,1296,1113,1153,1485,1436,1244,1320,1302,1270,1158,1085,1260,1514,1291,1423,1446,1189,1214,1395,1311,1417,1156,1086,1070,1153,1058,1053,1317,1490,1333,1052,1267,1378,1526,1181,1265,1402,1168,1094,1203,1214,1432,1258,1376,1205,1477,1162,1228,1216,1214,1475,1460,1354
75,57,False,1190,1122,1256,1276,1535,1219,1109,1259,1144,1135,1461,1190,1331,1387,1433,1586,1298,956,937,1045,1105,1181,1158,1314,1220,1314,1072,1164,1256,1105,1313,1180,1122,1523,1243,1397,1122,1408,1228,1140,1474,1190,1206,1021,1436,1165,1149,1069,1042,1354,1080,1122,1282,1051,1326,1482,1192,1225,1076,1219,1305,1272,1112,1126,1185,1115,1050,1156,1172,1310,1102,1083,1077,1166,1124,1318,1324
75,57,False,1181,1462,1148,1163,1138,1138,1137,1152,1243,1243,1231,1145,1553,1248,1180,1411,1492,912,950,1514,1101,1342,1264,1244,1331,1129,1062,1314,1286,1232,1512,1248,1121,1536,1126,1134,1192,1264,1337,1468,1177,1180,1135,1420,1298,1203,1402,1337,1160,1106,1184,1178,1099,1105,1315,1234,1113,1017,1156,1513,1348,1290,1061,1125,1295,1291,1158,1235,1177,1110,1053,1353,1186,1204,1434,1064,1260
75,57,False,1064,1157,1218,1505,1323,1144,1245,1172,1150,1298,1291,1195,1178,1156,1229,1326,1196,1310,1051,1276,1120,1535,1241,1166,1237,1090,1252,1157,1483,1240,1262,1446,1347,1401,1194,1234,1081,1164,1247,1293,1132,1285,1329,1173,1208,1332,1107,1234,1209,1363,1176,1325,1280,1110,1129,1137,1446,1212,1183,1414,1444,1323,1304,1250,1097,1273,1083,1213,1369,1257,1080,1337,1208,1158,1222,1102,1024
75,57,False,1138,1193,1124,1162,1233,1203,1120,1535,1272,1288,1618,1166,1581,1297,1458,1293,1522,1017,1034,1110,1054,1200,1082,1211,1253,1118,1281,1379,1131,1186,1137,1316,1394,1401,1360,1108,1178,1462,1395,1220,1418,1243,1450,1204,1261,1386,1316,1101,1225,1321,1362,1193,1205,1428,1038,1191,1226,1198,1117,1269,1205,1498,1268,1167,1188,1321,1238,1284,1116,1073,1269,1344,1167,1422,1058,1258,1262
75,57,False,1173,1174,1214,1138,1133,1569,1133,1180,1339,1168,1316,1325,1369,1202,1384,1538,1535,1318,1025,1074,1097,1132,1170,1109,1259,1352,1144,1133,1318,1389,1117,1173,1467,1162,1106,1442,1312,1125,1461,1200,1154,1265,1042,1148,1357,1323,1518,1342,1243,1171,1149,1277,1234,1424,1321,1306,1430,1227,1243,1465,1434,1440,1028,1359,1216,1084,1427,1288,1105,1460,1339,1452,1141,1281,1124,1224,1262
75,57,False,1125,1098,1148,1243,1392,1244,1168,1580,1173,1256,1262,1200,1258,1640,1577,1669,1176,1265,1209,1261,1435,1309,1148,1269,1229,1196,1181,1314,1412,1560,1312,1440,1170,1396,1274,1318,1452,1278,1392,1336,1233,1353,1237,1298,1284,1188,1160,1245,1134,1325,1105,1307,1144,1396,1352,1328,1491,1468,1040,1105,1464,1321,1096,1228,1334,1037,1326,1123,1133,1248,1458,1264,1416,1341,1409,1088,1109
75,57,False,1112,1204,1213,1172,1195,1167,1214,1215,1148,1325,1244,1229,1286,1652,1194,1549,1297,1248,1036,1378,1192,1211,1443,1120,1240,1469,1026,1113,1421,1129,1237,1172,1304,1304,1514,1115,1166,1457,1446,1366,1253,1507,1110,1334,1408,1281,1189,1180,1254,1265,1059,1208,1125,1132,1088,1140,1200,1058,1368,1187,1587,1249,1277,1368,1123,1152,1346,1080,1505,1253,1340,1424,1116,1206,1372,1233,1342
75,57,False,1515,1230,1153,1120,1107,1128,1272,1098,1258,1179,1617,1168,1273,1527,1425,1237,1273,912,1197,1264,1067,1248,1117,1535,1187,1234,1069,1248,1230,1323,1266,1277,1198,1219,1267,1411,1150,1346,1396,1090,1186,1481,1180,1424,1196,1137,1535,1086,1122,1329,1176,1348,1244,1067,1155,1576,1088,1196,1465,1152,1395,1340,1107,1531,1267,1220,1398,1405,1217,1136,1195,1220,1322,1258,1044,1177,1057
75,57,False,1121,1245,1126,1221,1569,1502,1379,1240,1232,1225,1629,1181,1336,1535,1306,1287,1535,1037,1466,1262,1301,1514,1482,1530,1258,1160,1156,1297,1154,1144,1173,1416,1139,1234,1272,1344,1342,1428,1101,1396,1252,1247,1177,1089,1221,1292,1260,1257,1040,1060,1177,1360,1280,1177,1045,1456,1280,1059,1502,1105,1238,1535,1061,1312,1201,1261,1205,1107,1237,1414,1256,1192,1355,1186,1157,1274,1156
75,57,False,1449,1332,1239,1171,1157,1120,1141,1211,1530,1212,1152,1616,1276,1380,1185,1288,1260,1003,1016,1108,1393,1103,1155,1147,1310,1258,1240,1224,1289,1220,1280,1413,1256,1145,1096,1346,1338,1556,1436,1269,1204,1259,1083,1286,1273,1316,1330,1057,1234,1179,1078,1137,1148,1502,1235,1224,1094,1347,1449,1437,1364,1239,1187,1183,1275,1209,1441,1121,1081,1208,1112,1112,1353,1142,1069,1238,1227
75,57,False,1118,1141,1161,1504,1222,1461,1158,1199,1238,1150,1318,1281,1170,1604,1179,1308,1432,1291,1020,987,1290,1043,1144,1204,1225,1161,1034,1349,1131,1436,1220,1211,1385,1108,1517,1233,1065,1216,1262,1485,1318,1132,1061,1510,1369,1328,1452,1204,1322,1313,1066,1492,1394,1283,1265,1576,1216,1514,1105,1235,1142,1147,1117,1205,1143,1387,1235,1377,1342,1076,1219,1282,1270,1185,1213,1429,1338
75,57,False,1184,1244,1209,1126,1230,1572,1134,1153,1258,1253,1548,1178,1609,1161,1273,1210,1387,1051,1249,1103,1457,1465,1493,1073,1168,1141,1299,1276,1235,1296,1324,1124,1130,1235,1358,1247,1214,1308,1518,1161,1307,1453,1048,1201,1120,1312,1270,1141,1294,1308,1354,1313,1149,1379,1195,1453,1100,1371,1043,1426,1359,1046,1300,1475,1213,1388,1170,1105,1060,1172,1240,1248,1130,1419,1140,1236,1168
75,57,False,1139,1108,1122,1209,1145,1093,1198,1118,1547,1204,1534,1321,1195,1166,1656,1306,1259,990,1024,1238,1112,1277,1536,1156,1226,1184,1404,1341,1378,1567,1221,1437,1525,1117,1110,1169,1393,1345,1281,1290,1364,1349,1123,1538,1432,1374,1368,1290,1182,1337,1245,1158,1251,1445,1110,1278,1118,1236,1130,1084,1181,1282,1356,1154,1467,1140,1246,1187,1429,1084,1176,1194,1192,1050,1421,1121,1084
75,57,False,1282,1178,1097,1226,1123,1178,1249,1276,1165,1570,1262,1193,1197,1252,1718,1257,1560,1299,971,1119,1500,1536,1349,1109,1223,1464,1435,1595,1180,1349,1270,1176,1165,1221,1086,1141,1144,1404,1198,1158,1046,1531,1317,1577,1400,1382,1482,1201,1457,1129,1145,1164,1289,1212,1453,1559,1110,1322,1561,1130,1224,1024,1034,1445,1214,1156,1251,1252,1258,1124,1361,1122,1302,1056,1184,1183,1288
75,57,False,1202,1234,1238,1141,1487,1148,1220,1544,1128,1131,1162,1166,1259,1372,1163,1361,1254,1349,1441,1072,1473,1109,1254,1084,1235,1314,1396,1260,1133,1227,1129,1281,1420,1285,1366,1474,1458,1535,1192,1301,1124,1131,1269,1476,1114,1106,1442,1249,1299,1080,1065,1250,1362,1330,1068,1348,1594,1126,1224,1418,1220,1072,1262,1101,1140,1228,1075,1323,1294,1237,1142,1157,1092,1275,1124,1300,1262
75,57,False,1120,1080,1484,1226,1163,1138,1161,1284,1621,1252,1246,1442,1195,1451,1444,1552,1484,1168,1422,1100,1124,1125,1229,1188,1328,1264,1352,1148,1158,1419,1392,1318,1258,1210,1196,1221,1293,1281,1161,1108,1133,1220,1477,1270,1309,1116,1479,1212,1200,1315,1158,1151,1290,1280,1336,1410,1370,1329,1525,1460,1390,1062,1060,1108,1225,1233,1259,1476,1129,1362,1138,1301,1376,1154,1352,1346,1156
75,57,False,1101,1200,1138,1171,1222,1209,1216,1125,1563,1339,1600,1160,1310,1401,1363,1252,1408,1000,1043,1101,1083,1268,1262,1157,1156,1172,1077,1330,1251,1196,1249,1161,1265,1254,1148,1275,1217,1494,1491,1535,1466,1260,1232,1374,1279,1340,1209,1037,1096,1049,1397,1140,1075,1329,1509,1342,1240,1436,1156,1313,1186,1372,1268,1468,1183,1226,1188,1056,1152,1073,1067,1149,1345,1142,1428,1038,1094
75,57,False,1192,1337,1183,1146,1113,1190,1200,1122,1515,1146,1298,1173,1270,1404,1712,1542,1580,1129,1385,1113,1146,1366,1166,1087,1255,1408,1220,1142,1244,1291,1229,1523,1294,1286,1140,1386,1107,1417,1299,1235,1144,1398,1442,1269,1137,1177,1170,1418,1172,1261,1225,1262,1237,1048,1200,1366,1322,1425,1361,1178,1238,1184,1339,1386,1199,1137,1093,1204,1257,1277,1221,1080,1181,1037,1230,1314,1327
75,57,False,1210,1383,1107,1106,1121,1463,1220,1203,1202,1234,1276,1282,1179,1384,1248,1558,1252,1019,1040,1001,1114,1246,1184,1136,1226,1506,1460,1163,1234,1145,1229,1523,1222,1271,1372,1344,1200,1317,1294,1539,1288,1291,1165,1376,1138,1110,1343,1058,1164,1112,1145,1219,1426,1117,1142,1147,1285,1432,1140,1225,1264,1135,1104,1475,1219,1283,1257,1062,1376,1059,1174,1193,1208,1461,1056,1044,1236
75,57,False,1350,1150,1121,1133,1501,1176,1320,1106,1171,1134,1278,1320,1301,1191,1300,1235,1301,1010,1041,1242,1116,1227,1253,1386,1321,1213,1063,1323,1438,1104,1484,1458,1458,1419,1320,1144,1117,1481,1247,1241,1451,1242,1365,1270,1267,1405,1437,1487,1422,1251,1304,1203,1162,1196,1129,1401,1275,1131,1188,1251,1462,1382,1226,1422,1393,1074,1491,1385,1154,1044,1344,1176,1139,1288,1109,1160,1006
75,57,False,1145,1520,1222,1126,1147,1146,1236,1565,1232,1128,1266,1242,1354,1392,1434,1293,1451,1312,1418,1454,1254,1129,1535,1173,1115,1238,1187,1377,1128,1221,1280,1385,1354,1433,1419,1249,1402,1478,1323,1474,1132,1270,1193,1249,1533,1243,1252,1221,1086,1108,1218,1139,1197,1153,1312,1246,1097,1099,1073,1217,1210,1379,1145,1388,1421,1108,1205,1145,1460,1243,1240,1185,1477,1165,1301,1085,1204
75,57,False,1152,1553,1136,1220,1185,1605,1147,1267,1246,1216,1224,1507,1307,1524,1406,1262,1410,1112,1001,1183,1108,1250,1547,1521,1181,1359,1061,1333,1195,1264,1344,1157,1378,1381,1078,1370,1177,1277,1262,1254,1139,1339,1292,1472,1187,1494,1398,1183,1298,1217,1073,1201,1240,1140,1164,1363,1218,1234,1308,1103,1477,1096,1188,1424,1353,1210,1268,1225,1056,1290,1339,1050,1145,1392,1115,1238,1218
75,57,False,1132,1145,1474,1257,1334,1360,1189,1114,1117,1133,1121,1265,1329,1363,1674,1530,1242,1074,957,1181,1501,1494,1231,1533,1253,1494,1090,1184,1152,1077,1313,1348,1312,1241,1081,1189,1076,1318,1398,1243,1434,1220,1181,1530,1429,1302,1268,1188,1145,1168,1276,1154,1372,1132,1008,1341,1089,1190,1134,1243,1349,1277,1124,1388,1295,1275,1206,1381,1141,1169,1218,1440,1372,1322,1250,1136,1189
75,57,False,1126,1214,1486,1124,1145,1535,1211,1176,1160,1204,1300,1165,1317,1248,1168,1362,1302,997,1449,1477,1105,1387,1306,1323,1096,1454,1067,1227,1466,1314,1258,1253,1141,1179,1106,1471,1342,1371,1171,1130,1553,1412,1281,1195,1425,1535,1105,1243,1148,1198,1265,1089,1189,1408,1082,1393,1347,1286,1158,1045,1176,1290,1055,1530,1353,1088,1183,1259,1272,1194,1102,1045,1176,1082,1365,1206,1340
75,57,False,1157,1138,1133,1184,1306,1160,1612,1289,1218,1285,1188,1282,1372,1241,1200,1465,1348,1133,1167,1100,1296,1522,1163,1286,1126,1338,1312,1272,1376,1468,1465,1261,1198,1180,1189,1288,1109,1212,1244,1221,1568,1503,1438,1379,1304,1206,1384,1273,1145,1382,1340,1044,1372,1064,1305,1374,1110,1070,1389,1224,1261,1041,1105,1275,1482,1244,1226,1156,1261,1278,1244,1226,1272,1152,1082,1283,1385
75,57,False,1144,1208,1237,1197,1160,1457,1266,1266,1592,1149,1240,1140,1352,1258,1318,1289,1358,1285,1021,987,1202,1132,1217,1230,1109,1185,1325,1457,1299,1430,1264,1184,1232,1315,1236,1502,1496,1177,1321,1489,1294,1157,1075,1103,1349,1485,1355,1072,1156,1498,1465,1189,1297,1411,1347,1145,1120,1326,1460,1060,1138,1054,1098,1386,1273,1389,1072,1138,1089,1198,1280,1220,1196,1354,1311,1382,1283
75,57,False,1178,1517,1164,1200,1158,1272,1133,1213,1173,1474,1296,1171,1345,1160,1305,1368,1243,1041,1405,1077,1185,1515,1218,1108,1237,1488,1241,1412,1204,1187,1323,1331,1339,1317,1138,1368,1066,1501,1328,1092,1462,1307,1137,1290,1535,1275,1432,1106,1054,1220,1242,1321,1306,1131,1328,1200,1451,1282,1100,1526,1456,1291,1190,1356,1250,1449,1275,1171,1330,1221,1332,1316,1204,1097,1298,1277,1226
75,57,False,1472,1195,1179,1179,1200,1084,1238,1154,1090,1246,1156,1193,1312,1312,1210,1688,1357,1166,1394,1231,1153,1012,1241,1501,1184,1522,1218,1252,1499,1337,1269,1293,1130,1429,1170,1410,1163,1201,1248,1387,1116,1157,1141,1178,1141,1179,1527,1130,1138,1394,1216,1114,1189,1163,1150,1369,1243,1252,1312,1094,1196,1084,1074,1542,1294,1156,1301,1273,1456,1322,1252,1466,1141,1162,1088,1085,1339
75,57,False,1175,1171,1161,1198,1577,1276,1205,1535,1251,1128,1265,1472,1632,1585,1249,1237,1461,1254,1418,1295,1119,1302,1503,1185,1277,1130,1373,1082,1131,1490,1524,1416,1229,1275,1219,1172,1060,1461,1233,1126,1176,1225,1469,1467,1181,1334,1300,1325,1154,1162,1316,1299,1253,1126,1256,1443,1442,1246,1112,1085,1259,1455,1083,1394,1334,1330,1219,1176,1110,1322,1061,1226,1097,1148,1040,1125,1200
75,57,False,1174,1221,1056,1128,1057,1209,1495,1225,1251,1228,1571,1174,1334,1300,1165,1354,1404,1289,1247,1513,1220,1130,1144,1270,1180,1104,1130,1464,1177,1098,1156,1450,1506,1199,1276,1128,1194,1192,1304,1278,1220,1197,1414,1179,1509,1167,1288,1192,1398,1305,1294,1088,1408,1051,1200,1169,1596,1403,1069,1120,1204,1144,1157,1074,1274,1065,1357,1386,1132,1258,1376,1249,1202,1179,1291,1332,1321
75,57,False,1466,1228,1224,1254,1134,1213,1149,1538,1266,1126,1251,1590,1313,1507,1286,1237,1369,1149,1235,1068,1514,1133,1309,1453,1335,1186,1321,1456,1164,1077,1205,1363,1261,1148,1285,1163,1105,1275,1326,1452,1245,1124,1188,1312,1363,1309,1187,1321,1235,1148,1181,1213,1080,1469,1442,1258,1234,1358,1160,1128,1491,1221,1104,1196,1078,1436,1114,1296,1050,1235,1120,1059,1410,1136,1289,1339,1305
75,57,False,1146,1210,1213,1197,1102,1189,1576,1585,1252,1187,1141,1157,1192,1265,1469,1363,1254,1266,1208,1217,1010,1088,1278,1450,1172,1120,1189,1231,1145,1243,1388,1467,1333,1440,1448,1522,1155,1136,1401,1412,1302,1278,1101,1296,1416,1238,1517,1057,1434,1461,1051,1290,1077,1262,1157,1284,1409,1277,1457,1347,1182,1200,1110,1202,1308,1100,1169,1355,1137,1371,1222,1257,1213,1129,1368,1086,1035
75,57,False,1496,1130,1205,1122,1290,1181,1106,1208,1586,1211,1280,1259,1261,1232,1318,1449,1384,1144,1019,1281,1484,1335,1158,1157,1137,1276,1173,1506,1201,1254,1277,1414,1222,1274,1096,1370,1210,1195,1297,1232,1456,1134,1222,1155,1307,1106,1173,1074,1245,1212,1425,1108,1364,1185,1166,1239,1090,1284,1014,1158,1289,1097,1313,1088,1307,1425,1251,1336,1377,1245,1418,1491,1110,1289,1457,1317,1171
75,57,False,1173,1307,1139,1158,1156,1549,1236,1174,1195,1252,1628,1240,1371,1211,1442,1278,1328,1182,1117,1374,1080,1301,1323,1116,1243,1290,1435,1193,1324,1250,1308,1234,1393,1045,1044,1277,1131,1342,1522,1277,1519,1145,1300,1192,1370,1315,1477,1184,1258,1156,1291,1356,1416,1153,1206,1125,1262,1308,1294,1068,1130,1166,1308,1187,1440,1282,1484,1240,1446,1328,1296,1162,1240,1190,1142,1235,1332
75,57,False,1154,1235,1167,1213,1082,1233,1142,1136,1107,1249,1221,1264,1332,1180,1188,1563,1420,1282,1152,1018,1125,1293,1465,1083,1320,1499,1045,1469,1313,1216,1418,1366,1145,1155,1181,1198,1164,1428,1274,1272,1358,1466,1075,1130,1350,1384,1243,1443,1202,1301,1264,1176,1352,1052,1068,1165,1165,1220,1104,1054,1218,1213,1312,1344,1498,1115,1193,1178,1152,1156,1301,1072,1417,1140,1269,1304,1218
75,57,False,1222,1204,1132,1169,1378,1172,1202,1542,1190,1152,1334,1180,1597,1320,1161,1589,1297,969,1198,1138,1030,1141,1249,1292,1108,1220,1249,1308,1388,1353,1361,1146,1459,1329,1308,1238,1482,1358,1157,1213,1426,1186,1214,1132,1532,1297,1248,1129,1046,1108,1163,1245,1506,1342,1080,1341,1067,1366,1149,1153,1331,1240,1322,1535,1115,1234,1267,1169,1485,1128,1416,1033,1044,1425,1225,1076,1080
75,57,False,1147,1141,1209,1128,1037,1276,1161,1385,1498,1584,1542,1259,1210,1177,1202,1299,1577,1340,1268,1168,1293,1192,1337,1180,1201,1435,1047,1112,1236,1423,1284,1142,1259,1123,1414,1136,1181,1313,1105,1261,1419,1182,1222,1348,1413,1141,1411,1161,1160,1299,1057,1041,1285,1159,1035,1474,1422,1146,1436,1378,1476,1344,1158,1420,1165,1385,1470,1116,1424,1276,1117,1081,1331,1174,1108,1099,1422
75,57,False,1538,1146,1273,1536,1252,1172,1120,1064,1123,1222,1596,1283,1194,1376,1229,1467,1405,1213,1369,1049,1427,1539,1535,1286,1100,1220,1429,1291,1466,1129,1189,1344,1182,1193,1394,1221,1196,1257,1210,1421,1129,1141,1253,1218,1122,1258,1301,1067,1249,1176,1153,1206,1141,1220,1255,1083,1448,1074,1101,1108,1164,1070,1073,1334,1202,1382,1213,1112,1298,1129,1143,1301,1274,1351,1163,1110,1381
75,57,False,1147,1127,1228,1070,1143,1171,1165,1203,1213,1235,1250,1285,1658,1197,1664,1334,1256,1362,1018,1101,1154,1144,1243,1209,1519,1186,1200,1213,1282,1142,1437,1208,1135,1340,1360,1253,1138,1283,1189,1205,1245,1184,1179,1141,1211,1274,1139,1210,1246,1208,1102,1044,1178,1412,1301,1254,1261,1162,1333,1170,1300,1304,1203,1384,1391,1321,1393,1211,1121,1321,1190,1141,1114,1478,1179,1153,1109
75,57,False,1208,1134,1116,1138,1155,1233,1121,1505,1262,1145,1228,1570,1294,1377,1302,1259,1237,979,1043,1284,1107,1372,1243,1497,1204,1328,1188,1309,1194,1433,1333,1192,1174,1393,1377,1200,1205,1190,1360,1388,1329,1544,1232,1241,1299,1125,1201,1125,1277,1302,1029,1292,1240,1184,1169,1119,1261,1166,1109,1113,1494,1137,1438,1410,1185,1236,1192,1302,1278,1430,1317,1161,1225,1200,1208,1080,1340
75,57,False,1528,1460,1427,1213,1126,1535,1540,1092,1205,1305,1197,1148,1616,1302,1249,1220,1252,1168,1018,1218,1341,1038,1148,1230,1355,1127,1237,1284,1277,1408,1305,1434,1128,1537,1208,1276,1115,1178,1139,1211,1132,1224,1226,1126,1278,1189,1332,1136,1215,1098,1219,1347,1189,1147,1484,1358,1284,1125,1441,1345,1242,1243,1088,1224,1196,1099,1082,1166,1243,1300,1168,1282,1426,1409,1319,1258,1453
75,57,False,1167,1114,1112,1114,1535,1194,1554,1109,1128,1082,1144,1171,1581,1409,1648,1357,1249,1273,985,1126,1286,1275,1165,1154,1126,1131,1126,1364,1512,1436,1397,1214,1227,1120,1156,1340,1129,1404,1378,1168,1294,1169,1253,1283,1569,1206,1312,1421,1162,1098,1051,1430,1381,1298,1142,1238,1141,1395,1265,1133,1330,1110,1291,1476,1154,1290,1138,1060,1233,1251,1230,1065,1283,1218,1153,1183,1309
75,57,False,1130,1120,1414,1163,1105,1537,1203,1149,1601,1194,1256,1185,1664,1208,1258,1429,1302,1012,1244,1321,1179,1081,1176,1085,1228,1209,1430,1157,1245,1239,1116,1068,1535,1523,1426,1302,1171,1286,1489,1478,1400,1243,1160,1313,1476,1331,1228,1318,1334,1428,1160,1366,1028,1557,1149,1173,1274,1413,1056,1210,1440,1299,1513,1236,1368,1100,1216,1186,1228,1186,1395,1249,1482,1128,1316,1309,1310
75,57,False,1437,1139,1204,1213,1210,1179,1573,1328,1518,1248,1177,1563,1265,1172,1672,1256,1334,1332,1412,1138,1050,1263,1535,1187,1090,1353,1046,1099,1436,1157,1403,1457,1187,1164,1013,1229,1137,1245,1203,1228,1250,1132,1292,1339,1221,1377,1354,1145,1117,1076,1291,1289,1362,1492,1300,1106,1206,1354,1451,1077,1162,1140,1243,1353,1118,1114,1084,1202,1222,1220,1377,1361,1245,1048,1208,1474,1049
75,57,False,1174,1507,1220,1130,1131,1165,1170,1225,1332,1284,1165,1180,1158,1273,1184,1584,1285,979,1026,1068,1326,1480,1298,1299,1211,1186,1429,1232,1130,1154,1360,1400,1140,1188,1409,1557,1242,1348,1254,1451,1161,1237,1194,1452,1155,1312,1316,1088,1394,1092,1066,1264,1042,1470,1357,1402,1177,1492,1238,1237,1294,1172,1101,1428,1492,1188,1161,1429,1172,1094,1297,1212,1275,1088,1341,1412,1281
75,57,False,1537,1193,1363,1078,1117,1150,1234,1204,1174,1225,1373,1177,1560,1276,1173,1545,1244,1045,1136,1102,1082,1160,1285,1445,1193,1148,1289,1406,1105,1132,1166,1152,1120,1136,1009,1344,1126,1490,1353,1274,1266,1133,1187,1232,1240,1381,1140,1141,1423,1133,1112,1234,1050,1329,1467,1405,1123,1156,1496,1129,1371,1446,1450,1366,1108,1078,1176,1228,1341,1086,1334,1378,1184,1108,1177,1296,1124
75,57,False,1186,1201,1096,1242,1206,1148,1542,1165,1192,1222,1192,1341,1572,1384,1227,1336,1479,1026,1016,1260,1281,1285,1152,1170,1182,1134,1241,1451,1374,1339,1435,1136,1356,1242,1296,1417,1109,1250,1342,1308,1138,1425,1398,1445,1161,1323,1333,1058,1209,1090,1503,1217,1208,1476,1216,1267,1390,1500,1326,1280,1222,1143,1237,1361,1399,1034,1163,1194,1211,1141,1136,1160,1476,1217,1139,1168,1267
75,57,False,1148,1192,1247,1041,1132,1517,1594,1172,1305,1211,1166,1283,1339,1185,1198,1562,1361,990,1070,1028,1199,1521,1215,1454,1156,1221,1067,1405,1229,1325,1147,1471,1203,1209,1202,1388,1270,1193,1315,1292,1302,1210,1400,1419,1358,1425,1438,1148,1093,1450,1101,1170,1156,1071,1357,1142,1309,1313,1184,1058,1145,1262,1477,1370,1075,1200,1234,1170,1294,1252,1340,1264,1382,1263,1028,1176,1119
75,57,True,1422,1161,1087,1459,1154,1060,1194,1262,1282,1201,1304,1210,1573,1157,1251,1286,1266,1026,1334,1164,1078,1514,1168,1200,1513,1203,1010,1129,1113,1547,1429,1137,1313,1353,1364,1304,1340,1318,1163,1349,1189,1276,1154,1254,1230,1240,1232,1137,1251,1085,1443,1237,1154,1480,1146,1419,1292,1341,1270,1141,1213,1522,1058,1405,1296,1241,1144,1086,1493,1046,1245,1078,1490,1369,1178,1108,1317
75,57,True,1149,1219,1379,1488,1226,1154,1080,1553,1145,1311,1529,1334,1216,1370,1202,1520,1258,1313,1420,1072,1243,1195,1284,1342,1147,1222,1155,1179,1145,1186,1477,1365,1508,1389,1250,1529,1446,1264,1238,1271,1331,1141,1089,1203,1113,1264,1262,1148,1233,1206,1074,1273,1403,1311,1376,1246,1201,1051,1133,1163,1244,1119,1078,1222,1073,1126,1270,1362,1152,1373,1128,1313,1217,1278,1330,1180,1479
75,57,True,1534,1218,1222,1139,1308,1141,1244,1153,1136,1576,1635,1153,1265,1204,1340,1560,1372,1190,971,1483,1219,1310,1268,1460,1440,1216,1112,1254,1429,1186,1281,1198,1191,1140,1310,1264,1364,1385,1262,1246,1493,1157,1054,1205,1230,1219,1346,1171,1092,1222,1237,1109,1056,1252,1150,1072,1125,1105,1209,1382,1124,1403,1466,1166,1084,1328,1260,1122,1279,1229,1140,1019,1384,1097,1502,1133,1193
75,57,True,1256,1052,1142,1118,1116,1174,1226,1126,1339,1272,1193,1302,1445,1139,1173,1484,1288,1003,1046,1064,1235,1286,1176,1103,1248,1146,1492,1150,1260,1409,1301,1241,1174,1141,1381,1342,1197,1346,1104,1417,1236,1140,1096,1354,1326,1456,1401,1058,1292,1281,1211,1106,1164,1389,1144,1401,1456,1412,1265,1238,1217,1416,1170,1196,1176,1265,1131,1163,1188,1192,1199,1253,1189,1072,1168,1176,1418
75,57,True,1184,1194,1220,1236,1033,1192,1140,1584,1251,1538,1156,1237,1283,1225,1441,1339,1283,1086,1395,1009,1402,1170,1050,1535,1345,1099,1128,1424,1115,1250,1436,1265,1128,1161,1191,1298,1138,1210,1178,1412,1267,1325,1116,1557,1250,1172,1175,1450,1233,1280,1257,1312,1486,1044,1443,1256,1216,1121,1109,1138,1138,1358,1199,1279,1076,1172,1098,1158,1129,1304,1315,1216,1382,1088,1085,1096,1322
75,57,True,1140,1118,1253,1268,1225,1208,1180,1328,1492,1161,1612,1278,1200,1395,1312,1714,1126,979,1136,1136,1081,1109,1142,1544,1135,1217,1226,1397,1300,1350,1331,1349,1147,1581,1249,1302,1180,1344,1268,1437,1357,1168,1220,1316,1132,1420,1188,1257,1096,1367,1396,1435,1125,1350,1260,1097,1154,1130,1323,1435,1243,1320,1393,1592,1196,1202,1092,1236,1127,1186,1396,1085,1380,1316,1404,1362,1294
75,57,True,1137,1197,1198,1389,1120,1182,1088,1255,1304,1182,1242,1398,1665,1635,1283,1297,1558,1284,1134,1105,1446,1130,1081,1176,1163,1492,1085,1164,1155,1462,1195,1412,1288,1242,1130,1395,1209,1145,1305,1152,1292,1405,1314,1177,1331,1148,1157,1273,1349,1211,1526,1176,1256,1171,1405,1136,1398,1129,1091,1270,1458,1390,1417,1161,1488,1197,1275,1424,1176,1240,1140,1213,1224,1137,1096,1245,1168
75,57,True,1076,1166,1215,1228,1180,1113,1553,1513,1246,1153,1307,1166,1117,1385,1572,1479,1482,1323,1179,1262,1106,1078,1140,1219,1296,1299,1309,1137,1209,1166,1281,1174,1261,1125,1333,1464,1469,1556,1339,1426,1129,1520,1157,1285,1228,1126,1440,1233,1227,1358,1396,1129,1208,1392,1276,1153,1264,1344,1033,1214,1346,1118,1036,1188,1163,1340,1171,1176,1404,1212,1204,1293,1232,1155,1124,1290,1185
75,57,True,1157,1166,1273,1184,1128,1125,1242,1068,1218,1232,1225,1161,1629,1598,1509,1216,1273,1012,1052,1051,1518,1173,1076,1310,1462,1204,1226,1214,1300,1331,1300,1300,1353,1485,1297,1131,1230,1412,1372,1216,1270,1285,1421,1517,1284,1225,1268,1112,1178,1209,1233,1357,1185,1101,1313,1096,1415,1262,1512,1137,1185,1096,1053,1411,1065,1107,1234,1278,1124,1304,1389,1237,1238,1083,1209,1187,1244
75,57,True,1139,1236,1148,1188,1218,1466,1275,1058,1236,1180,1245,1353,1660,1178,1220,1633,1513,963,1129,1156,1506,1536,1581,1380,1190,1324,1474,1398,1249,1381,1219,1106,1233,1400,1216,1212,1433,1163,1494,1123,1198,1209,1190,1378,1253,1520,1270,1101,1220,1098,1320,1276,1132,1240,1196,1238,1208,1185,1174,1274,1317,1204,1074,1297,1067,1184,1310,1173,1218,1390,1211,1206,1342,1085,1068,1224,1453
75,57,True,1476,1158,1152,1162,1166,1213,1193,1138,1235,1168,1150,1541,1189,1238,1182,1509,1318,1154,1345,980,1453,1100,1382,1501,1107,1481,1106,1276,1614,1320,1338,1140,1378,1296,1099,1205,1245,1121,1404,1212,1046,1332,1377,1424,1254,1255,1451,1155,1253,1522,1125,1339,1177,1058,1524,1131,1291,1272,1094,1100,1291,1235,1340,1102,1403,1332,1176,1472,1304,1378,1288,1145,1130,1228,1172,1156,1355
75,57,True,1128,1369,1110,1202,1052,1277,1201,1554,1142,1198,1234,1464,1099,1336,1394,1548,1251,1159,947,1232,1506,1117,1508,1314,1180,1145,1047,1246,1352,1418,1453,1149,1251,1296,1275,1465,1067,1427,1488,1222,1448,1333,1438,1318,1455,1334,1386,1307,1269,1089,1169,1310,1291,1162,1124,1250,1291,1334,1167,1104,1262,1414,1118,1171,1504,1168,1330,1204,1378,1305,1267,1228,1106,1110,1347,1264,1240
75,57,True,1160,1163,1126,1240,1128,1300,1202,1202,1149,1579,1325,1537,1114,1329,1396,1514,1285,913,1234,1185,1342,1304,1520,1134,1166,1205,1314,1260,1194,1218,1533,1448,1204,1241,1304,1392,1373,1347,1273,1100,1145,1453,1253,1281,1221,1420,1084,1310,1107,1418,1350,1166,1187,1283,1178,1384,1236,1142,1042,1432,1341,1142,1418,1613,1260,1325,1226,1260,1104,1308,1227,1161,1078,1408,1234,1089,1211
75,57,True,1544,1235,1387,1138,1248,1130,1461,1240,1120,1233,1574,1324,1733,1298,1188,1489,1483,977,1049,1271,1190,1166,1314,1298,1227,1173,1224,1118,1109,1346,1538,1298,1280,1130,1405,1208,1350,1535,1180,1421,1169,1232,1112,1465,1358,1116,1129,1357,1145,1177,1156,1302,1489,1258,1194,1310,1513,1168,1073,1055,1461,1428,1277,1450,1382,1256,1262,1068,1274,1098,1290,1195,1370,1402,1420,1296,1441
75,57,True,1532,1144,1164,1242,1459,1226,1204,1266,1365,1147,1277,1200,1166,1616,1175,1290,1366,1313,1040,1162,1174,1229,1314,1157,1170,1183,1197,1100,1449,1191,1275,1129,1341,1275,1194,1530,1363,1273,1202,1164,1548,1257,1296,1293,1491,1228,1288,1382,1067,1155,1330,1344,1092,1328,1109,1155,1104,1264,1099,1118,1177,1244,1249,1357,1092,1126,1349,1203,1166,1112,1588,1264,1184,1257,1453,1161,1275
75,57,True,1171,1202,1230,1189,1212,1253,1168,1414,1180,1133,1535,1157,1365,1165,1174,1587,1313,967,1026,1109,1561,1132,1265,1245,1515,1179,1358,1205,1275,1437,1454,1357,1356,1245,1429,1314,1084,1181,1109,1203,1480,1123,1219,1117,1437,1205,1197,1137,1370,1134,1274,1339,1286,1201,1059,1401,1126,1513,1117,1156,1134,1555,1197,1241,1178,1196,1292,1387,1149,1119,1347,1365,1286,1302,1266,1302,1248
75,57,True,1187,1198,1147,1365,1291,1375,1625,1132,1342,1271,1191,1163,1326,1390,1433,1235,1464,1044,978,998,1102,1148,1290,1182,1159,1266,1144,1278,1169,1206,1402,1117,1201,1203,1213,1476,1494,1386,1226,1328,1197,1267,1412,1403,1291,1372,1301,1022,1136,1171,1394,1193,1373,1250,1100,1458,1262,1212,1292,1177,1344,1216,1163,1141,1315,1221,1246,1116,1388,1056,1223,1248,1224,1208,1100,1170,1294
75,57,True,1212,1073,1208,1517,1057,1529,1238,1182,1130,1641,1130,1179,1571,1212,1476,1507,1535,1299,1417,1137,1266,1137,1242,1208,1252,1123,1176,1275,1124,1481,1183,1496,1550,1115,1553,1192,1224,1389,1185,1421,1123,1260,1129,1305,1227,1214,1205,1234,1318,1269,1220,1406,1132,1118,1514,1399,1388,1403,1132,1237,1530,1270,1140,1547,1244,1298,1088,1082,1382,1045,1386,1337,1229,1218,1152,1225,1429
75,57,True,1146,1155,1083,1166,1536,1241,1220,1518,1252,1289,1210,1233,1250,1398,1343,1275,1276,1067,1098,1250,1397,1184,1172,1437,1261,1113,1121,1142,1421,1193,1448,1481,1200,1376,1247,1544,1072,1273,1392,1262,1318,1263,1184,1548,1472,1472,1106,1094,1224,1145,1186,1372,1278,1374,1418,1220,1256,1093,1317,1348,1117,1394,1236,1289,1151,1155,1101,1352,1155,1424,1352,1257,1221,1218,1061,1187,1324
75,57,True,1444,997,1092,1513,1052,1152,1133,1201,1248,1190,1322,1314,1175,1281,1540,1468,1365,1000,1262,1426,1507,1282,1120,1178,1196,1243,1062,1400,1562,1413,1331,1150,1139,1246,1089,1158,1246,1290,1411,1299,1176,1254,1405,1393,1509,1128,1523,1100,1280,1096,1236,1046,1362,1338,1030,1400,1525,1073,1124,1086,1089,1057,1102,1458,1052,1461,1140,1337,1297,1155,1137,1491,1172,1083,1208,1246,1036
